Age,Income,Education_Level,Employment_Years,Dependents,Account_Age_Months,Account_Balance,Credit_Score,Loan_Amount,Investment_Portfolio,Monthly_Transactions,Avg_Transaction_Size,Online_Transactions_Pct,ATM_Usage,Bill_Payments,App_Logins_Month,Customer_Service_Calls,Branch_Visits,Email_Clicks,Survey_Responses,Num_Products,Credit_Card,Savings_Account,Checking_Account,Mortgage,Late_Payments,Overdraft_Frequency,Balance_Inquiry_Freq,Statement_Delivery,Autopay_Enabled,Feature_31,Feature_32,Feature_33,Feature_34,Feature_35,Feature_36,Feature_37,Feature_38,Feature_39,Feature_40,Feature_41,Feature_42,Feature_43,Feature_44,Feature_45,Feature_46,Feature_47,Feature_48,Feature_49,Feature_50,Churn_Score,Random_Noise_1,Random_Noise_2,Random_Noise_3,Random_Noise_4,Random_Noise_5,Random_Noise_6,Random_Noise_7,Random_Noise_8,Random_Noise_9,Random_Noise_10,Random_Noise_11,Random_Noise_12,Random_Noise_13,Random_Noise_14,Random_Noise_15,Random_Noise_16,Random_Noise_17,Random_Noise_18,Random_Noise_19,Random_Noise_20,Random_Noise_21,Random_Noise_22,Random_Noise_23,Random_Noise_24,Random_Noise_25,Random_Noise_26,Random_Noise_27,Random_Noise_28,Random_Noise_29,Random_Noise_30,Random_Noise_31,Random_Noise_32,Random_Noise_33,Random_Noise_34,Random_Noise_35,Random_Noise_36,Random_Noise_37,Random_Noise_38,Random_Noise_39,Random_Noise_40,Random_Noise_41,Random_Noise_42,Random_Noise_43,Random_Noise_44,Random_Noise_45,Random_Noise_46,Random_Noise_47,Random_Noise_48,Random_Noise_49,Random_Noise_50
0.7667182826202803,0.6542775320626169,-0.574752983207413,-0.8832174353240823,1.469344293316209,1.330180801430919,-1.375940323415281,-1.0455667694004882,0.2556586540972739,0.1239787315276928,-1.014660687094589,-0.2076291365258759,-1.0645334203617114,0.6351310389802319,-1.9438048468928464,0.0904249279654223,0.5195098881083026,-0.0905412397483762,1.093222897070873,-1.3705612342041356,-0.7010895013761145,-0.3300346462508894,0.7127245694093065,0.2185075860461206,2.143365982742418,-0.8057858969738931,-1.3949888985806511,1.789088982933061,-1.4308585839323829,0.683062711399045,-0.9786700420219692,-2.069318350847686,-0.3747837938132319,0.89949996247716,-1.2217710884730737,0.576094728144831,0.7628635611864517,-1.271690141519304,-0.2277612887123704,1.5770748223271638,0.6505926199637431,-0.2614924645760204,0.4152954812539195,-0.6852633084704479,1.113695678385025,1.113260064602139,0.1209059150860546,0.2307061564576935,-0.9987968750056726,-1.3520364270678291,57.853858396916245,-0.6019686788963846,0.5055018106114911,1.2078093084610022,1.0501105961089143,0.32570735781319976,-2.6847880471174923,-0.06266452353256337,1.5834772772495995,-1.4211531401456212,1.1461782607048603,-0.686336846934825,1.0237763016208163,0.620148780415464,0.11544263616427654,0.3160681424016309,0.6961362419695681,-0.28699218579099883,0.06593759342798698,0.6417092451913268,-1.1088163212865454,-0.6994608735492777,1.6345516920769652,1.6427259073979663,0.7576109369263103,0.24155486847639582,-0.10247922314240923,-0.40349579406262814,1.375551913363207,-1.4817678489735828,0.24044750514001126,1.5210149413423977,1.5735429200497177,0.05446036929644432,0.9156646964840696,0.5726153920568272,-0.3157568372191886,0.22087622608652624,0.8164903425759307,1.878682479838358,-0.5794930678011466,-0.43761802428654,-0.022333817718137108,-1.4306993716118372,0.32663196225679314,1.1238932901712488,-0.09752322568194934,0.49232306391234126,-0.07801128822630118,0.5851320392637632,0.08059288598063183
0.6405818559353188,0.8687243833975289,-1.6820979415155026,-2.045751669074652,0.2514217859015974,0.1534576400395073,1.806391680231676,1.6530005631350544,-2.2821203741757694,-2.5140481077401584,0.454644578547429,0.3868973087519726,-0.1766782862350306,-0.342218186072822,-1.9996228847982345,0.0857707562215338,-0.3386227760789625,0.2492498820434593,0.4912892740202906,1.2410683720446407,-0.955565101313868,-1.293982154515715,-0.5739667311244007,-0.7355932450563072,-0.8254095747162776,1.4449064408682524,0.1484158715382944,1.9723934626280817,-0.0030704230247626,-1.1718764490659612,-0.8081745841977696,1.024455347043958,-1.1338517369605237,0.5578766442638786,-0.3567525291526606,-0.9298255726647608,1.386519732148224,-0.58856603632002,-0.8275710246003674,-0.0788930795528231,-0.5082376928418649,2.2149859005998684,1.0603572933755796,-0.590692422455163,-0.4753371112584315,-2.0194482750677385,0.1374036510914447,-0.7470593429388073,0.0880113821599335,-1.9662740949042303,84.14875552493461,0.7602510946353603,-0.02892488417486995,-0.316650029261228,-0.8639512214208059,-0.36958552891713703,0.2595735614802209,-1.8506316416948525,-1.1177788402369702,-0.5171370804487624,-0.09798644672069134,-0.8434015484570375,-0.403437698621358,-3.582062607487511,-0.055733939893613596,-0.5660145827367716,-0.05926802260034109,1.1504870500333517,-1.5273189874177815,1.8840011375698578,0.20335375840499775,-0.39275061839707964,-0.3337012446890455,-0.9596633265554438,-0.8379335823697159,-0.10071725405597709,0.28574016127659174,1.5040676045201982,-0.5650342604664934,0.45143876653347564,1.8389065643095044,-0.4993712043191545,-0.3005156804971317,0.86151388816879,0.6695342435560055,0.4534284892223496,0.6014415936106075,0.7067084702023088,0.8214824391716363,-0.003975671286582807,0.2539157193348046,0.939303383562338,-0.8737640927475011,0.10518365956392356,-0.3487016354401247,-1.1579956366942243,2.17088440485843,2.4065258685822086,0.6270286659192188,-1.0172549002237248,-0.17907399232725432
-1.1929367296870448,-1.364248837108164,-0.0329689187416223,0.1974577963394267,1.05629850798837,1.4906683504821452,0.4215629025033875,0.2664907347325845,-0.3391308601481853,-0.4386943020563049,-0.4030677833948491,0.1892837415754382,1.0030059427628075,-0.5211606902358986,1.7230934464632142,-1.2988223787337416,0.1641436645473213,-0.2391630337092049,1.3470908931399792,-1.473647180781942,0.4256347581359233,-0.2442316318947109,1.5291409496859902,-0.8285586812225817,0.415318262494437,-0.8381915404378485,0.1880621774228491,-0.3693648727307723,-0.3852297552574248,-1.987435304770648,0.4145840643580968,-1.08223913695185,-1.1166796150518914,-1.5552834055587743,-1.0560493583989872,0.500479766329186,0.451173288486409,0.6637109605412289,-1.0269808928448108,0.2147816255727238,-0.615383533004121,0.9547296883383156,0.426013954844302,-0.6565183267136122,1.040575535318237,0.5073443406413246,-1.3870028269138248,-1.6715221813315757,-1.3476858205266178,1.6491817165266385,59.503160081569526,1.1063291048284427,0.26966935739707076,0.878643509726043,0.4283129624734963,-1.2981268850546304,-0.045700231096779335,0.7803428116164461,1.9928326252700297,-0.5253888696369459,-0.9512693931383018,0.22223563663052404,0.48892723963902884,1.1364705083670374,0.4901815174907414,-0.43958027556224044,-2.9893930211632136,-0.2502361656570745,1.783270810395837,0.6810395960445219,0.5550896994415868,0.2669775898716591,-1.5388892570785884,-2.1171716879951163,-2.472445658094348,0.6433501795697513,0.5024883236221023,-0.48865539661173335,-1.9929363156801763,1.4286425440145551,-0.8751280279606837,-2.1656189938478017,2.0515034709238975,0.21555000064529165,1.160498489410031,0.06846306437172907,0.8726539356295474,-0.6139488594002418,-0.2756707504917144,0.8643653463895952,-0.36056673178985454,-0.6198526283571891,-0.6542121157383459,-1.1235103453834479,-0.4652991634843355,1.0736102952456577,0.698049258314823,-2.3905578050202423,0.00032872366813150114,-0.3620983942919553,-0.043993674302532544
-0.519345073159584,-0.4482580326589232,-0.3769150164845661,-0.5659668466788412,-0.6434884536488127,-0.883648409629728,0.35417735389621,0.5774806273482818,0.2271484375512827,0.3614186161272718,-0.2014918999133726,1.5959347834211763,-1.421083377099567,1.8858912804286396,0.0997198461175468,-0.180126389976504,0.9533783388016772,-2.067266069058368,1.3803195745797507,1.857725828948381,1.0879728674590994,-2.102285368910717,0.7641677978004824,1.6459985580186836,1.5427487877357553,-1.4080892472263935,1.016356831603006,1.7955704027791477,0.0294657186460192,-1.4527012227897205,0.828652592724934,1.0538579686517502,-0.1392081643259025,-1.1907234558638244,0.9818720840361634,-0.7688088656217581,0.3973467265388707,1.558166355012946,-1.6587980969520195,0.9077639979692536,-0.2065820303198005,-0.1806532839845751,0.5143164345328268,-0.7713840314141572,-1.175019136928643,-1.7841947720306777,1.2317627094192147,-0.3716721851089636,0.569940412357366,-0.485032074881655,58.25723546392785,0.7716381493013362,-0.2300564355963827,0.7621984007922114,0.8991357136874919,1.5781068079115141,-0.7649919487561274,-1.6247979901029892,-0.7792955995214319,1.029882539130331,-0.6038901156557858,0.07775991999108028,-0.45630303252261956,-0.9125077743940353,0.7548991665498829,0.6412790194105756,-1.0898435850204755,-0.31779021391231094,2.2725364418996903,0.8261098366938703,0.28063736678268697,1.085177848172317,-0.18675106650068315,-0.010239397817224511,0.7814674142474503,1.1409694942564317,0.39380883799126415,-0.2658552954468585,-0.707959370631998,-0.5606650203606613,0.0308731842042529,0.8805796708543511,0.6249536980641566,-1.0752939033304105,-0.01917862516714182,1.8563277133624871,0.7205648517880489,-0.07079242518472023,-0.2826252795480116,0.928717832228207,-1.2117769192049808,0.6319871331739438,0.4824182247247532,-0.29554480125901383,-1.570125281645645,-0.8791639454365066,1.0114852945665962,0.3994491421961073,-2.8658299342265896,-0.06493122827130599,0.3940335049674712
-0.0608683774202014,-0.586326349728582,0.402164556572795,0.3591463509271436,-0.2329550134485338,-0.4560212559448419,-0.553646484550792,-0.1345322128148272,-0.2211282279141218,-0.0385402088019477,1.0008030433825523,-0.7093589096424198,0.5966953809104842,0.0332101798853727,2.021193599580755,-0.2163003284635096,0.6951645831510663,0.015353451755977,-1.3883045083134935,-0.5206890955191443,0.8804711054283936,-0.4326944606082731,-2.220256314839614,-0.0314030169245038,-1.0923362979510105,0.1318177325967188,1.5511470813980186,0.7694573108029035,1.5366558287399776,-0.5615120214444915,-0.1431663336355322,-1.0444361968077795,-0.6840434450400951,-0.92688483228618,-1.3067229692119573,1.3658566253313404,-2.0919602950264222,1.3701389048045567,1.2460589249202312,0.4997926754789979,-1.1145072680940693,-1.5821751114432072,-0.5484036812635643,0.625120456339924,0.0030636374406742,-1.0434994950947576,1.14820478465649,1.684383328181538,-0.2265991640145975,0.1093369035973457,43.57239507912346,-0.7233390824512339,0.7077155412496205,-0.029890473902299677,0.9024692225017834,-1.1700176505989124,2.028628924269873,-1.2090343969891855,0.17252678292308982,-1.0637896161020317,-0.39294200180640454,0.00593816941514957,1.5289289948137401,0.40795690975064797,-1.2447668741691826,-1.4824141410588727,0.5823769459527517,1.1057145758432931,0.619096478051551,-1.001621865490398,-0.5089765283907034,0.0014628548137902023,-0.3331543320772962,-0.3774009640534827,-0.26837129395896864,-1.272830420453946,-2.0073608522590525,-0.6694881650021808,1.6183784768913128,-1.056581435577234,0.6699427761606213,0.3499319947444421,0.251331260458493,0.014320402204858777,-2.2511352240100946,1.4646672588818006,-0.0017830102524277096,-0.36409991015970355,-0.2073438265359958,1.761011230334019,0.5326311343770632,-0.03478006986894213,-0.9742095738891192,-1.9045245195686462,-0.10398329868709742,2.34064329118308,0.006569535087340565,2.2047856091211497,-0.9605035349648755,1.0991722973503169,-0.6882074598312597
-0.9623259293229972,-0.4901746389268593,-1.453603269853209,-1.6496680345477246,-1.7603305128316795,-1.974002785453834,0.4350394545119301,0.2142392777282279,-0.5009649581345399,-0.2134683656885336,0.6753008298668369,-0.2210821179488743,1.779171797279794,-0.0004389886599092,1.1907947082587425,0.2785557803664935,2.1312097580073317,1.0583635039241883,0.0434697754726132,0.6288307169074809,-0.2608158555309318,-0.2708998383551176,-1.3034108280355854,-0.8082616024671286,2.060971385155721,-1.2040313712785795,-0.6554927127836386,-0.0937186769591027,-0.0604092947525704,0.3837258197309604,-0.469120708114063,0.4453763669963374,1.1423854411467251,1.2666323439815002,-0.2675118006368401,0.6113434289029646,-1.1461336221411886,-0.7217160452723304,-1.1737333986905425,-0.0457446887596508,-0.8592192763599443,-1.5206935588047945,-0.3860052225811505,-1.728583775780952,1.3271931036461422,-0.5575230612432738,0.9853160736381288,-0.4920674900349718,-1.1949378259506007,1.1755239713559191,45.85013441270002,2.4338480784024163,0.7225400802900771,-0.17431370503474794,0.2144508339716411,0.8485620344757479,0.9584765276047547,-0.23833817231357088,0.5108629891483177,-0.7898474390492546,-0.7210500295229891,0.8586885114656261,0.3653709222153139,0.35502561793492887,-0.026483628288828647,-0.3759357199135793,0.5162649162799985,-0.31356411297056463,0.08978496441913161,0.08695970203716943,-2.7950870659419196,-0.6736568716031917,-1.3432266479483186,-0.17797974883261283,0.35662961610160226,0.0675310639804901,-1.0610105987880223,-0.7408542264806607,-0.3177037310668073,0.4947854353300981,0.2538871906655972,1.2837191877332192,0.008521072738391776,-0.5051094154115093,1.1760176917840621,0.9194291158384525,0.5532974244013308,-1.2667207021315745,-0.49406428586035417,-1.209418667715089,-0.005902242320550605,-0.28358716021938346,-0.45440651239148844,0.35441226171086265,0.9175108270821316,-0.8884719666699248,0.31084550551527557,-0.5097878468704842,1.4324072576377531,-0.5487467773601188,-0.48186051498714544
0.6527431539021201,1.3675287709989703,-0.049923946869495,-0.0111069175642284,-3.203345609204686,-3.42882173107201,0.9202154051909596,1.372327997688915,0.9292832177172524,0.7006234897184371,0.5617634898810563,-1.559087443681418,0.6826527175642255,1.0071968560019282,-0.5722064947808724,0.4411338559860567,-0.3532078955194516,0.8853769905168424,-0.3135066852277433,-0.5801174628460125,-0.0392965426697191,-1.3416521204833574,-0.1385819832323614,0.3620927373582383,0.869959269366351,0.2489567386381994,-1.4326016370863977,1.3522711382297627,1.436158506374239,0.1125672552707822,-0.7519416211486548,-0.5316179364615454,-0.2035223977180851,0.2786684561976599,-0.3044852815097398,-0.8583875339011758,1.0230098842164372,0.2572858880741008,-1.0523720224359483,0.2913104562857904,0.1618708287790816,-0.7180529119443911,1.1950497596109866,0.1348892064273157,-0.2166216420821677,-0.0834817480754214,0.4439167958548264,-0.0721834145301041,-0.0805436730388751,1.0659650683253792,17.441281451871475,-1.770243188341892,0.4599290258221443,-0.3915648063298045,0.7343046755614968,0.6385178605944855,-1.0964024861514015,0.12284343854019797,2.444582752582506,0.23538826054801248,-0.15281111706735942,-0.3944726934280214,-0.9171554913710485,1.2749773820208183,-2.2694978644974095,-1.6759410190991015,-1.2949773886349234,1.2920536322271228,-0.2714050601644967,-0.5322617261715757,0.03870229475756321,1.4442600468203788,0.5859117572783072,0.3125765753355642,1.4270089026990616,-0.053126138754456785,0.33281593432606343,1.1054813523421145,-0.5154392914359576,0.1334432790439806,-0.24786705924526514,-0.8816738583581837,-0.013662923339917733,-0.06276942449341091,-0.23880188735057656,0.7551027307933962,-1.560013095298083,-1.974011955045982,0.10567472528083996,-1.757472622092309,0.06828327593863867,1.3429950777402997,-1.069785702078506,-1.542445083515727,-0.4561010078113793,-1.1667737929036508,-1.689635454447032,0.14983905381468807,0.5202820618006929,-0.025749703749578454,-0.9775356934974807
-2.155362671057917,-1.9928562701077075,0.1686677600192913,0.3680493382765737,-0.1367788670590703,-0.2347267927880048,-0.1799291529320639,-0.0744433532884889,-0.3708620278050089,-0.1273076154238251,-0.4039010833862068,0.7834311866438803,0.1767636999722068,-0.2799105731704815,-1.9259679459071828,0.2433082252887502,-0.3095762735797508,-0.0607406568871012,-1.1824579472453334,1.4332821727201956,0.856743175843872,1.4307059976406318,1.146979300780954,0.5923173021274616,-1.1422825087264428,1.8433871640718589,-0.9276351508875104,-0.2684076240749616,0.706902280626921,0.756540787187405,0.5722367269445582,-0.4002884813290898,-0.6069316273554748,2.5345325686061364,-0.0393139384998335,-0.1617713846388359,-0.7135564909387535,0.2446703490709576,0.1980228005780707,-0.0162262087042952,0.3817266467878861,1.7635375024423534,-0.5950527062908985,0.04308374220212,-0.6478484525505558,0.2946983608256279,-0.568469501374419,-0.5254429914341896,-1.459523374055626,0.0977947828196746,29.63605221346578,-1.0326290690342947,0.6075143271495044,-0.015193128769989376,-0.6493313119203942,-0.23676860296405963,0.8382368795711403,-1.0086640011668284,-0.5422823377626642,-1.3257937713542476,1.5082474031850017,0.3195926497950045,0.6698080980093383,0.19774913553806917,-0.20931661662150006,0.10841247335290131,0.22036754883800364,-1.2846395953877447,-0.4639479694844082,0.7041298480492758,0.7880490843170695,-1.434816511346655,1.4247188303170473,0.6448412895542254,0.3714010859322353,0.2034146733895821,0.199696196625398,-2.476681556030022,0.026603121253563643,-0.32730403127438007,-0.42632586644180925,-0.24715165741179193,-0.6795143155756067,-0.852086884120294,-0.8786526806291152,-0.602258177282046,1.0943608572807824,-0.6691427506673333,-0.005622584426260658,1.7240207155655047,-0.027135232619142746,0.9835457924075637,0.658297225203948,-0.06008556737978037,-0.4062243293734895,-0.29050516053877085,-0.5769852675470976,0.6765699283895829,-2.8511678072466404,1.4409914934980286,-1.2074556814368047
0.6734162274182618,0.7136063634348887,0.880524198307361,0.4869440916151346,-1.227101013088154,-1.9884909746994723,0.7733121741531247,1.139008184538845,-0.52278550887315,-0.277272379405003,-0.9880575685508732,0.8679636874135729,-0.4355634375527397,-2.122463043405368,-0.4547539655096902,-0.0571247478576671,0.5524938583395987,0.4370511986010468,-1.2904505648265217,0.1220940325134602,-0.534005039848261,-0.3602212689001884,-0.9982320954941476,-0.0509070036159293,3.132434694857845,1.8564423155838048,-0.9987056858555312,0.0659443360040075,-0.3139856034390785,0.1420266569657614,0.9163091065034594,-0.1293224524277399,-0.7122310746618156,1.1564840551186344,-1.23403225245565,0.1893038586204417,-1.4861030495714416,-1.0260731593738686,0.7447887833642115,-0.679391435049952,-1.8765617098033376,-0.7226904565912454,-0.8297709706124513,-1.2623657726990998,0.5500867140754316,-1.5468126815619638,-0.5879374818766072,0.1334078387635883,-0.3427899010227776,-0.4041906136129543,55.52090690914192,0.1697292843903737,-0.9443687775430526,0.863100226170631,0.08312246565668001,-0.262978803780678,1.2444980760210578,-0.2773160565659805,-1.7967380129780532,-0.6590067582323337,-0.5973647655374826,-0.5066028082758148,1.0587806734902474,-0.8291091806340453,-0.9026885938220728,-1.9394054081418746,0.5032602265255054,0.6778539748410302,1.2107012531475165,0.796965795509925,2.6805088716332452,-0.6672053844763253,-1.122484323722866,1.6866513536678973,0.16942808390894876,-0.015470844767045444,-0.789553685516321,-0.4570138198521978,1.0110630878929017,-0.0022127099597559416,-0.28519447469178416,-0.3600417738324499,-1.0680638475628392,0.15514701868247027,0.33593539139645895,-0.049079204226818746,-0.4048296410783314,-2.4809745673016015,1.6550683418264938,0.5811209451637238,-0.8981012047997423,-1.1074607803497711,-0.36054902617202,-1.3837935308890936,1.5896615658433906,1.048364885635423,1.0776539629053858,-2.155890739226377,-1.5101601780690737,2.52432696755967,1.850083344877236
-0.9489528277686782,-0.6369794785544034,-2.350455852624361,-2.6705526097250853,-0.8639798490760783,-0.6171767019073746,-0.910324341928284,-0.7157850047757452,-0.3756336607173401,-0.6385726306243696,0.4416625641860606,-1.4337300248102285,-0.8374057253154913,-2.106889114626081,-1.4239581121976068,0.1785291697204778,-1.9645360381029249,-1.4811457246217157,-0.002368916132808,-0.5436068960930526,1.992036635959309,1.8338965460243757,-0.8679224627511536,0.5571376184034819,0.7492825568794513,-0.5974788580244034,-1.495541536498204,-0.0122984493080576,-0.1728456748141109,-0.4357644969706192,0.4423168681644852,-0.7507296070055988,-1.151997547579143,0.1090829703498318,0.3859700925688759,-1.176644943900053,0.9280906109910813,-1.770481137776078,-0.5781134587156433,-0.258008536197609,-0.6362237126519298,-0.5650604735511925,1.871074482308114,-0.8508840890388987,2.441221722471914,0.4371267797310518,0.0920551373119919,0.4762403533876659,2.5299277492519523,-0.993593003931448,42.27005549932062,0.08939391914564943,0.32324576290897944,-0.7964401810595795,-0.46710340679077605,-1.8357112740410206,0.1320209226175572,0.7151624007606846,1.4903794701929813,-1.6644767353332222,-0.48767397427899917,-0.849329485829408,0.1981316511358755,-1.6047549879109688,0.33917757913548424,0.8900101268264297,-0.034665569737606684,1.6463292076954565,-0.01727323804817288,1.6332295165199409,-0.4243952207106612,0.8927843782269886,0.9727103929221741,-0.6901408375488947,-0.047270379229430746,-0.9806629122300344,0.737639200059881,0.2254101426299924,-0.08289999071715835,-1.6702940057558509,0.5320323254226663,0.9337620752499189,-0.3626619713560788,0.3056502529768904,0.18654182120262447,0.6358209031476184,1.9699379120649152,-1.132876867847411,-0.5048153650986971,0.1263110138013661,1.5883379572273506,0.3803018024448286,-2.2163489560259397,1.2258790482242037,-0.1634989587288872,0.3550476714550934,-0.06687430404484876,0.26618433113747114,0.7218202312280553,-0.8706387270186103,-0.906252341483306
-0.0969778072671782,-0.0040610512231141,-0.832930215395168,-1.3180558457836034,0.122459776327268,-0.2135409959708882,-0.2158617500666697,-0.4125904188355281,-1.7500419696353116,-1.7494047999327031,-0.7854660669514908,1.3364899898343827,-0.1807273008372769,-1.0471545743915385,-0.2156100376856639,0.3496342577353137,2.775622457576957,-2.109810031329605,-1.1991161349844328,1.3052188804680482,-1.5089596426327243,0.0096319228491209,-0.4833648790382507,-0.6404240467748387,-0.1721926156084875,-0.3326827211592226,1.0570616142199167,1.328294707443032,0.4263039636607523,-0.2360725378383668,0.2584698708084172,0.8050255667444349,1.00169830640418,0.3700468469850126,1.527661552042685,-0.6165120539248453,1.1399562957847544,0.7043598627606376,-0.6100003767353716,0.2326858826779739,0.301429578297333,-0.1420324403566821,-0.1529354999378718,-1.524827631685595,-0.6892672130011371,-0.2383721321895258,-0.5725683896634004,-0.8556640684227332,1.0610913531190147,-0.1039250866446797,85.18006401771916,0.48804407937874933,1.2492017674875335,0.10884563020912037,-0.7337879737853639,0.3300650008126215,0.36144203694732535,0.8521788848080184,-0.8333735587954348,0.9200114600053961,0.45978058405031313,-0.28475862849001854,0.4794416917432683,-0.3488031548729745,-1.6563805271410257,-1.3146373957920054,0.7288186376596363,1.0078568974549134,1.6739397972447685,-2.158341916889131,-0.6653155109340871,1.7664572465375616,-0.6066308273221378,0.7742910581643598,-1.1473064837490117,1.4547495353705886,-0.25642516912858027,1.696791098740288,0.5913475819086403,0.40447532285054083,0.47377236185884813,0.6508501800122718,1.1908885364487696,0.7042530950209204,-0.7494624633831906,1.0515810454264938,1.1247999769778887,0.5451694612222437,-0.986707685714242,-0.1332975669939288,0.24873822972854492,1.8934523228245186,1.63364099040358,-2.1099078362694663,0.35215976323623555,1.6795018425491917,-1.1248783053912466,-0.794064730343127,-0.5761545513551488,0.13995758970452596,0.9985951094403411
-1.388542553831211,-1.2801014239301176,-1.2172826922204794,-0.9401126421694004,-0.8927875154918841,-0.6667374295353066,0.0347137487525618,-0.0041495682412696,0.6549755842216898,-0.1339876310378233,-0.9938626748348534,0.4201915428949916,-0.856498237409199,0.0976703767483354,-1.2644984069549656,-1.7931064525345768,-0.3828171896129687,-0.1237289462748361,-0.397679693614604,-1.1840305582225594,-0.3998990621311371,0.269294752580734,-0.0448930301225369,0.1825010305992134,-0.6701152004542329,1.1717179147161596,-1.1761733365547806,0.4875602970867186,1.1818910929599615,0.4809080927488954,-0.20252422706483,-0.5282970466629792,1.036087651046256,-1.422974925261673,-0.9701242603796436,-0.3975577654917214,1.237653757511998,0.379767636040896,-0.9680457585102452,-0.3103077053849036,-0.6143231440962944,-0.7097889922335351,0.9788895585567792,-1.3717431292635056,1.6087808557343737,0.8282296901846228,1.090861670603698,-0.4629395120252583,-0.1499407190791093,-1.433151814524712,46.90118323815016,1.5801340950752016,0.4914045670194975,-1.1186314281988077,0.03606339146962743,0.6199263323958049,0.33834666692159093,1.2514564218142645,-0.36158858057559284,-0.30136312044018576,-0.17482036396387599,-0.4987651871936316,-0.06975342922879786,-1.9581754288830124,-0.5123173104590948,-1.7725785653614543,0.5925553079287688,-1.8672735516352748,0.03486241532916554,-0.63057816231632,0.3202547812881538,0.4806812642203949,-0.024718556623273127,0.708936451068717,-0.2152478580953917,1.8807611462026483,0.8857263538818548,-1.1352253558884424,-0.1892662309368083,1.5925978553403537,2.094718583848544,0.21480037571713861,-1.3966249658369505,0.30985994436768094,-1.2855844352134582,0.8920478034272733,-0.19728558300943913,0.18016214656648327,0.6457349470842716,-0.31064688184828193,-0.26696594618356206,1.3688845853099327,1.0133771216457046,-0.28294497536435914,0.53571874834145,-0.30049656562514065,-0.6842085748240915,2.047768790586787,-2.7022422583615797,-1.5079529142781543,-0.3558290788930478
-0.1863535461024663,-0.3232941714939207,1.1268019242896752,0.9147408407544732,1.0172413511892788,1.381166401859867,-0.2305294116806575,-0.0710232073106187,-1.746093664567248,-1.6851885444623795,-0.665384438996181,0.0414102891424795,-0.0206505116029895,0.1337424299812317,0.174709648630679,0.3329227246029709,-0.9590446774119618,-0.7247923193638015,-0.0368780592947527,-0.0213429506729236,-1.0819273652962986,1.0815593810130513,0.7248006775508257,-0.8597166853631285,-0.2083660129166857,2.0095396507971155,0.1605770378342815,0.3956859552000656,-0.6089355511311296,-0.3131121085283415,1.5113259857834025,0.1132944272925362,-0.0709282188728815,0.0076410859364657,2.5453827884151843,0.0398075031478846,-0.8300766992136013,-0.6553509016152382,0.7807560023881039,-1.4284811266467767,0.4505829814642296,-0.7238175276494426,-1.858769556452008,-0.9800722169135948,0.0275338096786595,1.3951673934928166,0.9133294119466376,-0.2936902261707531,0.9721870698180928,-0.3567798292390546,59.82062098161154,-0.11985091936559887,-1.0307175028015232,-0.9941062330421927,0.34753037615807447,-1.0890801161478045,-2.0858158589232887,1.9094186522934937,-1.1177496539261753,-0.015917845002242307,-1.3291851333448825,-0.4488038011627814,-1.1342804531462336,-0.6284857063107556,0.9665442505206122,-0.3636132959016177,-0.035143579404707616,-0.6383032414308838,-0.41234669342340735,1.3002489442520417,-0.25615844322144626,0.24988755816383004,-0.1297722243984588,-2.6407856355754045,1.973898578442583,0.5468897034516844,1.2100213114457437,-1.3056713470362415,0.599211171146366,-0.7146757897840716,-1.536789513986315,0.2212447039887671,1.3406662306033916,1.634608848829265,0.4684153581887788,0.5809622947236015,0.021410628404289655,0.021404045400808237,0.07152204427778032,0.861166235982181,-1.309210352534179,-0.9093696726362216,-2.0153048996367526,0.5594082342054149,-0.16415158480821837,-0.4899669524725367,-0.6922824693857184,-0.20737120693623548,1.059390567189696,-0.014500928811820791,0.5404761960191353
1.080908399147931,0.8336005032736259,0.830623923161204,0.839044406092707,0.5784288893377483,0.6532954061996845,2.530874549158848,2.739883388088169,0.1098393037456035,0.3320620578768272,1.271326718402925,2.329275285593032,-0.166465745243081,-0.9123793253406456,1.1625494365705773,-1.3630881357752478,0.2577587786024516,0.3046250991338854,-0.1073371411972322,-0.048540176973698,-1.6524936059451951,-0.8682813739313306,0.9370908281073308,-2.041268793932426,-0.0859942124032682,-0.3125658840581562,-1.992438654593114,1.692376448937022,-1.0302680922000675,0.548926713253264,-0.4688976082330567,-0.844859778964654,-0.235980565419087,-0.3563540792151494,-0.1867335126501115,-0.7869517841902726,-1.013984576660206,1.0044564239795877,0.0069356221926335,-0.0603134669448481,-0.8914780606168474,1.574398857128693,-0.0874285760652176,-1.895709190544686,0.2758236474399956,-0.7641938357004187,0.9108339626548762,1.038431624427067,0.9229337721638942,-0.4614069055239126,56.28169666952196,0.11372946021298058,-0.0497665096490848,-0.030938997155624107,1.163508767954987,-0.15582147432910282,-0.18686959685039925,0.8098893216611167,-0.35870377304891893,0.9160103197910902,-0.06118843777902161,1.1653274178021615,-0.1517337584205077,-0.29263062033020526,-0.6763331514442502,1.7111072916770502,-0.5108248188641186,-0.24195152465778313,-0.6013004645117327,-1.4015298469325184,1.2753734072632077,-0.29086517019067476,-0.02471086506892419,-0.8331944025358734,-0.375219230133898,0.5981017797611552,0.27830205156317733,-0.8601003213280649,0.18026279390151156,-0.8284169304503102,1.7579066898546003,-1.1509711621737373,0.1433897463604586,2.192202440084336,-0.8498716714065278,2.000625932214334,1.184061614408482,1.1805262912317216,-0.686344286648976,-1.443770055576542,1.4033805327436546,1.5959797350372649,0.7348312768652014,0.3588856151710838,0.6812562316208439,-0.7344554908048295,-0.03892295418009306,-0.710340236669095,0.7238708749076856,-0.29010445031525917,-0.0019169541299692222
-2.952331669171425,-2.66707588449522,0.3596296154333933,0.179720751620731,-1.2914132662785618,-1.2551686250634204,0.7510906237346867,0.7687034675792324,0.2232187320684366,0.4294457625573553,0.8498076329361394,-0.5858718436344491,-0.3364051465931928,-0.1765955922583522,-0.2136598860634133,1.33657249126579,-1.2544379386072644,-1.954570518102855,-1.454026236736245,0.6836509511914323,-0.1007746235191174,-1.5987205371305813,0.0996650303494194,-0.3239853764662384,0.5594945961874526,0.7942664034447959,2.518158955015521,-1.1821508201344666,-1.862760159398697,0.5891175435861203,0.9867126370234623,-1.275694384954344,-1.2747288192980464,0.3443662870102905,1.7144828191002923,-0.8766087500899676,0.0870667953457389,-1.8991447267481725,-0.1985855410697317,-0.1136477493180538,1.4675404454041745,-0.7066777937389763,0.6864103938255258,-0.7717618991811203,0.0903322611711622,2.077321187365057,1.7931014293216418,1.9605679382237304,0.3975722079613973,-0.2102624635888697,40.893926334614456,-0.5945160527242493,0.3749779383397089,-1.960158008293832,0.2651555272988874,0.03786191500895019,-0.23891284198402865,-0.2167365144042404,-0.8403915362054409,-0.7222688836538869,-0.0988914323969255,-0.2541034540355542,0.5230396329635579,-0.6899159780289247,-1.904935777417886,0.7111924534215757,1.0425415920925094,1.0099554967070807,-0.7437160852944981,0.8056510328936717,-0.8081886582481381,0.5480711580492612,0.4730826719950572,-1.2869805642807612,-0.1560136594232553,0.13104916396117336,0.5555524818325563,0.7017053967895513,-0.3979917748892223,0.17256174399088403,-0.20447632942450086,0.7686821368867198,0.7814746188612576,-0.40453174025159216,0.1143834751359338,-0.13558814302883332,-2.2601188298694206,-0.7284740158847517,0.7821156049763861,0.47733145642319164,0.9173182278766948,0.930037197223281,1.522696973515837,-1.246830520143283,0.9894010636697103,-0.5263072356749081,-0.8342049667644664,0.8466316210331553,-0.8293124395557757,1.2510329684557555,-1.7912793069264543
-0.3496909122471888,-0.5029569958494906,-0.0629474193189328,0.3945279322736781,0.4279502571050354,-0.5984636292599806,-0.6063219346891948,-0.8067389410407835,-0.6087271337666639,-0.8894109005568656,-0.7324643866003517,0.376996025123544,0.7523516753977502,-2.64968628443756,0.868466965328946,1.3040711395979498,-0.3089144572926366,0.3457383944834264,-0.8391224078059876,0.3634805361705626,2.4610497806141183,-2.196735760250466,-0.5007115268088892,0.7967543655178149,1.2615832941550185,-1.3824223688781023,-0.638190732566441,-0.5803178884382538,-0.6529957981437229,-0.1161745894433178,-1.4286909633521787,-0.2545253979898887,-0.9361488968623785,-0.068854901406266,-0.7051299770028905,-0.16903671672589,-1.0364373655760664,0.9527006142927328,-0.3255966117123087,0.0138277530709218,-0.1458194290508626,0.0072322186434015,0.0021925722269766,0.8051383606293167,-0.2860668992001616,-0.7197935356577019,0.0417152893876313,-0.6129042117062509,-0.0749135784499801,-1.0520272692267894,55.424403925994426,0.5883285184606423,-0.7573995168983091,2.060558616616052,0.6419305349615512,0.5845726279495681,1.4301556365598782,0.8593137911229725,0.6764418164947713,-0.3119870086480041,0.9756783454381532,-0.6629066722798649,-0.12802686798323787,0.04177365736491215,0.2575331531289845,-1.9223141054539656,0.4631620978788213,-1.3316181162114358,0.5141458264060461,1.1340005008147496,-0.24884771899102934,0.1293676710108124,-1.0241826404477345,0.4478928585579239,1.2570848921053457,0.9692032217790022,-0.6084600814322608,0.12528546327868995,0.2580919766013363,2.845877450289003,-0.09058702138811366,0.7891210234902003,0.8331604940258077,0.9700677886825241,0.3734453554444396,1.0131898045103889,-0.16023078346551933,0.6819538813098218,-0.2789919002886576,1.0313160619334916,0.0015093991782153475,-1.0485724682482491,-0.1864599430161923,-1.7397453324806809,0.9035713920356012,-1.3972142459245906,1.4230616090087518,0.4880127154018677,1.245025635723315,-1.1729056357417236,0.028947520979278874
-0.2242409555481863,-0.1413189594929774,2.2354274347569607,2.1114383383715367,2.480650917512143,2.671622990114173,-0.0849665968881474,-0.0308017238151864,-0.8095668020895723,-0.7725937293890679,-0.5220342898417564,1.9192813001444595,-1.2433622606798904,-1.0534690340732769,-0.3412312210234211,-0.0637499216791778,0.9230872924501295,0.4507704171862659,-0.4163152573440277,-0.1333158065181062,-0.3190629197847001,-0.9146537353257298,-0.8879629366016216,1.0278838914334096,-1.82816492792714,1.617358697445055,-0.342994225602232,-0.7725086063921601,0.7397592906972692,1.4852165841471172,1.1176324416039574,0.5018520493598908,1.086863489721836,-1.716497577143866,-0.5218305414881482,-0.9111700600248446,1.2246387312151752,-0.3834780189238867,0.8454065567820555,0.5358569424886379,-0.862306936163681,-0.5869582099762845,1.293817690814726,-0.7754826486844134,0.1248676101954789,-0.782541286326445,-0.3139521869158607,-0.0461619439699719,-0.7828665102974913,-0.9604469539838816,68.27725853237071,-0.31847851065033933,-1.3582711967233527,-1.1930599549102363,0.6532831732495379,0.0038030761231874206,0.33372786356187306,0.4667162340051821,0.08079162972197933,-1.0563279993057415,-0.9721523982026613,0.028078774047990595,0.800765426739591,-0.23610401091920777,-0.5865289930926361,-1.343125267644541,-1.381432652530298,-1.018936670392648,-1.2944933548580115,-0.0283398453664603,0.8762130742723462,-0.7545313540145426,1.2933001091062284,0.33782591593198846,-1.541288660901958,-2.4431453052307317,0.8922098728099856,-1.4426356710131807,-0.5425099077147337,1.0998832735534692,0.8587331351593346,2.291107174618739,0.9283449745581417,2.1146001779083368,0.968176152875425,0.8914400467341643,1.7014237404403703,-0.8071133415620749,1.524284860747478,0.7432521056230499,-1.284129532581842,0.20767478048424776,0.1490311263440168,0.7813915011823453,1.0153815223840665,-0.6488213635517954,0.20820510866883737,0.8959346053683231,-0.7914106743775817,-1.3099830361559428,0.6057249608417221
0.4738190454038362,0.6636886055784339,1.512101710533638,1.441722367964039,0.4719892891015315,0.3578611611806567,-1.0238534465633355,-0.9496264588309652,-0.1414143120592981,0.2785390429405096,0.3076377087627688,-0.7836763706454257,0.1904558069965868,-0.1731019181523321,0.6373523721936323,0.326338780395426,-0.4039231411014171,-1.368385665098503,0.1625105878591158,-1.7424765408668947,1.2461069108358749,0.5289340803041699,0.8427745722869747,-0.969484033309697,0.3560811049765285,-0.6666028057828834,0.1490697131825619,-0.9984361297513488,-0.0834418606470721,-1.3785305003131931,-0.1600305903409557,-1.644381733020307,1.747113708930617,0.1604049870689491,0.005680216139648,0.6760570554492639,-1.2993068207222425,-0.7807509668999788,0.5310598149475699,0.1614546649065999,-0.7196500803747374,0.6480457098112679,0.3027312871772655,0.5055572726991213,0.3897384802499811,-0.6814029998504997,-0.0758476368213672,-1.8570561906096128,-0.5108322036706622,-0.2453432973049295,42.344518191438084,-0.31905702106634304,-0.316097868436527,-0.04008851265655339,2.68753436569696,-1.6263193539615841,-0.2976109621166948,0.5063669775262545,-0.6810551606146789,-1.0585037209958124,0.9823194827554433,0.10422793912840751,-0.3921815611975842,-0.32768654132878194,-0.18588543607289654,-0.3956003732457072,0.22089765608138748,-1.6051514301799923,-0.8183374833362532,-1.4214646871565255,0.30836431263188574,-0.3089937683704872,0.5035427567167631,0.3579276999848825,0.6201240509569362,-0.00386227879186147,0.2181243696810031,0.09955759759996681,-1.3781883518331057,-0.09417478472929892,0.8524084101599746,0.4707849743952435,0.022401588039713274,0.9961226602523151,2.1191036023595675,0.44406597792336067,0.844853590025043,0.2774532576559205,-0.9501449068564668,-0.0713906357151618,1.658931254979496,0.477662138095501,-0.31871610879204393,-0.1236721460180847,-2.0827162606895335,-1.2104825899419085,-1.3955146863728802,1.9104238403739253,-0.622904822813386,1.5209347285857213,-0.9549818664438822
-1.4323533558887906,-0.9694878398695144,0.7766463098556433,0.8462245589989017,-0.6403697443878648,-0.7772323278753205,-1.2832516215982426,-1.3165553038286055,-1.562325869192201,-2.364026148724661,-0.7548368840905327,-0.4348435688460894,-0.3904332346196372,-0.6498382822910318,-2.1163147721661764,0.1921233676106481,-0.2646747534513352,-0.6963435845473834,1.3980212913726942,-0.2421653645553644,0.0585317324561753,0.7958501517831325,-1.4898608422274942,-0.0226100536679018,0.792547854016627,-0.0913289026989121,-1.3033425866855917,-0.482475444945274,0.1889866457436477,-2.106877890149133,-1.352660995101244,1.9735368959351092,0.4845902276849122,1.4834705607162808,0.8663177015078825,0.3939836431741297,-0.3090792389435062,0.3812138743848172,1.4499641908623555,0.8255389231674295,0.1668103048467793,-0.1723470691996438,0.4983235874708633,-0.532042607290571,0.498474410414452,-0.6979554909960493,-0.3539208874854238,-1.0277054662165004,-0.4397630440943282,-0.6837276584862456,52.943704943353985,0.5434831529637776,-0.7408324079677024,1.1682177218168646,-1.8100324032725792,-0.5299377694624893,-0.09012474099101125,0.17721878507168543,0.9958719766589276,-0.9205828940058789,-0.09783081209994353,-1.1868812295940714,-0.32659082745082735,-2.4241506170373057,-0.7298695864625924,2.2383531617708616,-1.1510247094577337,-0.825800250087814,1.3244826258410705,-0.12151967820023801,1.1612076717580284,-0.867445996680596,0.8355827763397274,-0.30559226751441604,-1.5888799198050498,-0.5726270026955117,-0.2947110388441811,1.5514377658892888,-0.019887793852138756,0.03959881805213766,1.1566180339150132,0.6324586861481764,0.05234312465149099,0.7173234939267886,0.23720920127565875,0.48050023313565854,-0.8377138748720581,0.1535485542601713,-0.5808206468277702,-0.002662187982655652,-0.3647905816135046,-1.076931746256939,0.5197392453656917,-1.0717180793482237,-1.1719209327168651,0.7189700393221041,1.536140701893776,-0.5852073314390038,-0.4856954063711564,-0.6331322097304,2.3217147523124373
0.2594788230864766,0.3606517272107348,-0.8555326699056159,-1.0616780325178825,0.5172754273613065,-0.149685159005661,-0.5075313435257685,-0.2114429359596835,0.9118135935708016,0.8261093009570016,-1.416990139680991,0.581373059338924,-1.5733469496057395,0.1520157778377793,-0.4472451047873071,1.218665210788921,-0.3928438907672072,1.107272972003804,-0.5142094443630262,0.999991005059611,2.060341543836832,-1.0680471383662404,0.2920357217309079,2.748782415910065,0.0665888269029216,0.0617882702296482,0.7884989473510197,0.0410808640947541,-1.7072259945705526,1.1322873748389386,-2.0029484138651927,-0.4167916511383418,1.2074257491566482,-0.3565424286427857,-0.6936964924644041,0.8792639051665606,-0.8511147868343866,-1.2222257195919537,0.2745139874932834,-0.1829232984125909,-1.243673114188842,0.63695253999487,0.4644876055772338,-0.3597550166056319,-0.2913320061249465,0.4703927420091565,1.1903614197520662,-0.2827932101093248,0.6546884930081445,0.5652002170845991,50.81040573931545,1.034920927080599,-0.014289031389968827,-0.8629053387504985,-0.6879338668371778,0.22462578538901948,1.0233855816274011,-0.9120541021539065,0.25499675067459876,-0.4924903908336654,-1.1079416709149958,-0.29840627192384356,0.8311199979939045,-1.2947051806855492,1.974396744480029,-0.938954147968868,-0.9645679324291752,-1.251606656972313,-0.9545493108244779,1.4586813374587233,-0.4365660514296659,0.01361561438082699,-0.7800659529251152,-0.20475655908015436,0.3991887168814596,0.14581809802128917,-1.2188183332176559,0.26448040107313564,-1.2893743578898493,1.1988468756167485,1.374777288920952,0.47760112766229346,0.8940966759537066,-1.821856901770366,-0.425361470265525,0.460344804825644,0.3144746111207469,0.2075196377161215,0.12766134984344943,1.285693270572076,-0.6715108447416982,0.7060941340718802,1.0331737607434923,0.8177972485357209,-0.5144780974176624,1.480194519239204,-0.04578311596028421,1.7190358336358966,-1.8954725766269596,0.19743114156823624,0.8121907476688637
0.4478218764980041,-0.0998780035154724,1.0261424032359665,0.6747699040383203,-2.089233473843379,-2.367202036484669,-0.1053381227915262,-0.4377466133689973,2.1059756741655367,2.0255809475426223,2.1417918242155274,0.1704324768846623,0.4514238187962298,0.3282355661602549,1.2202997830050863,-0.4223210581102033,0.8182867587615089,-1.230796606256427,-0.2845041046514092,-0.6367436229388083,0.0879615586179422,-0.3160797494037817,1.132133692456975,-0.8786680951716425,-1.7313159358110126,-1.357283819711557,0.9941680463013192,-0.969557343316222,0.3978444155207086,-0.2947875032480797,0.8242440547532551,-0.2307657051166103,2.764348516117136,1.8981170158185048,-0.3152101804056924,-0.4521345890949861,3.1323261508084617,-1.0788509613285897,-0.055023547918349,0.0224489197054275,-0.0023378978145741,-1.7387117205305265,0.4966024096759404,-0.970350091392317,1.435989124169071,-1.4559650424346218,0.0594659273754762,-2.216120646951888,-2.154383706340724,-0.8393519582926326,9.159947532604225,-2.208106551673877,-1.5914046474962884,-2.3026969895447165,1.4740560524880801,0.8415283420397591,-0.1845846632453155,-1.0280964078219301,-1.8460482504440554,-0.38479553417306533,-1.3087783120769287,-0.3386843240985971,0.22185251680304485,0.6426567318548759,-1.5580727358535134,-0.9308852437031945,-0.651910035385637,1.5979058601964082,0.8627049219900169,1.539017375255416,1.2632845023687043,0.16183947304260143,-1.114773861037247,-0.028580751611073024,-0.022409448398201484,1.092627565173108,-0.4854413691040997,0.16455789062864684,0.5974295355288878,-0.90937524752908,-0.039830995283980514,-0.6967047672987804,-1.0412947614311003,-0.558075932285895,1.6584359070094898,-0.7082363191646834,-0.9766931954727915,-0.38670454127544374,1.3577845520580714,0.581920189438312,-0.04912272262259028,2.4297560258036457,-1.1910931621995946,-0.5627021657665037,-0.7959547802024568,0.2216396548893205,0.5059930665679871,1.8774480359594623,0.41270776722344166,0.2950445672486496,0.820969443909761
1.5920248985760834,2.0715379267338863,-1.443200793785794,-1.1039610541164562,1.7443111147431112,2.0585130477126725,0.2047978772819172,0.2803340848835716,1.4148406628255548,1.165179261282342,-0.1118471040863129,-0.4526901485095334,-1.1678653072917102,-0.3283752594168024,1.1077210959824486,0.5666021483927255,0.6443105001082005,0.1464756116533182,0.5233237827285886,-0.8005903423481054,-0.3095098859272293,0.1920042369686767,0.2775158588818902,0.320187854921873,-0.1383352820163779,-0.3774234011303297,3.157771283044298,0.9067872729323988,0.4131474759526224,-0.2332084982063939,-0.4512188269438765,-0.1308005937269556,0.2928288435866834,-1.880435544063081,-1.5693895953746837,-0.6368823889389575,0.2071394367785685,-0.2392731471518513,1.4781212260994845,-1.4823967869957688,-0.7513454696033703,1.5200917409911012,0.1311193246751468,0.8848425828011585,2.0512469432694638,-0.6938044179018226,-0.099314337792032,-0.2724269009308716,-1.954593004483276,-0.310396803755969,64.36759867007402,0.36077842467342836,0.5647010625361558,-0.4449457601246716,-0.35201307485347394,-0.6176366093942468,-0.6981955330916091,-0.09711820107514263,0.9197033140843018,0.2886321508983798,1.9343885279085298,-0.1721442737084734,-0.4117215811555918,0.8042562729474444,2.8334956118942727,1.5274293868801814,0.04487323565970198,-0.6473772706479662,-2.0630118115008154,0.20788037677769067,-1.6638403732769556,1.6343831986477642,1.1827134318744033,-0.40111327126292945,0.6124001607980137,0.01903417621607687,-1.1094755448397435,0.22474211958217438,-0.03749077172481981,0.6117426066644042,1.3876308807840454,1.24940142981085,-1.1944585565751942,-0.4121039499732385,1.048092728848176,0.40086101146682657,-0.34146687286163924,0.31932188607293716,-0.713501774997195,1.755181004032714,0.37513607217556344,1.3652260676801675,-0.70616220682207,-0.6573816578684561,-0.7201020157788871,-0.6738995484092392,0.3067413093760945,-0.7685009532997439,0.520105082478144,-0.7873156222315935,0.9271716972012574
0.7715225308761193,0.8095351374175824,-0.2977356488812311,0.0404318782840809,1.8914551152692207,2.2049229955952168,-0.5160601765303474,-0.6711692998883625,2.5197076456453744,2.0359814460122587,-0.5944136985779728,-1.14506791648254,-1.8259010941126057,0.36358427384619,0.6546419928245036,-0.3966961799652068,-0.014970418030954,-1.1704617092886238,0.132928464827501,0.4814953205671245,-0.5351642671676378,1.6904526695858395,-0.8371063267469117,0.2834766040189823,0.8483172197046055,-0.0772895001493825,-0.1884768188944914,-1.4288661504496625,1.3573414957162837,-0.1698932016675959,0.5373654249348249,0.6727204878601408,-0.6282984920177531,-0.1975286042912149,1.3344823507435035,-1.117197665740445,2.1279180747572566,-0.744872785276274,-1.1795174566405118,0.1323090206885346,2.208348264339871,-1.910965935592205,-0.1410157184896921,0.4762650172565557,0.0336499585355313,0.3819216700030095,-0.7180330821722741,-0.599721845931381,-0.1484226471591997,-1.129888087902751,46.69294558797451,-0.2702033186775383,-0.6346050352933568,-0.8748203800761191,0.8858031376017194,2.1876498745500195,-0.2757021929208664,0.14891007584637195,0.1848678838526347,-0.8912169480418995,-0.1599160228354403,0.7255283730379855,1.0338053760086243,-1.8387767179789956,-0.39063653075135196,0.19490720526237576,0.37448557759128565,0.6909252921300084,1.450087042175752,-0.9772376887147608,-1.6238053114724023,-0.5973971256906215,-1.1577492458637992,0.7771822721048227,-1.012474370154391,-0.36049233867067115,0.7614897389393612,0.41450272056286624,1.4232919484238338,-1.117455008894189,-0.6291561861216988,-0.05574617812386366,-0.4646869225241402,1.3871907131863401,0.16838302778308764,0.7482806471485979,0.33383761907736353,0.39750594509097736,0.376505680977427,-1.742696701788964,-0.16863290969190903,0.1619883436562097,0.10164708294847297,-0.8666786213532843,0.889563675057157,0.74427582661273,0.4174220312496067,-0.6716437881359524,-0.45852764241592936,-0.786250951185374,-2.3340388172889677
0.7295904209844546,1.137869620827592,0.2013259676216136,0.4383516370071264,-1.0524419266144225,-0.9743191398963764,1.207446043962938,1.009197616859394,-0.8174939412147917,-0.6044211797076332,-0.3351170677939566,0.7146539804802873,-0.368795864896161,0.3533064398273697,-0.5184973366243467,-0.4930524964703344,-1.5662653670957396,0.5120748191611598,0.3701696348203371,0.4264427162609425,0.275330561131811,-0.7622500333233032,0.96589926449358,0.99277930009227,-0.7882374651705827,0.5321239913499579,0.874991185367977,-0.4700982733437214,-0.2960356892443521,0.534113408211786,-1.5103297694143012,-1.088517221534,-0.9897750078695616,-1.7963163648254954,1.0849397741874804,-1.988131814191667,0.3431106634313661,0.8116833947552199,-0.2935959544132672,-0.668367624731245,0.2328424507366391,0.0018330005944814,1.0035048624164156,-2.6285211403979574,-0.918707476148128,0.5615768839160554,0.0504474427744601,0.7520341591968671,0.2620199762396622,-0.1347370632413126,43.22639974675988,0.9476169376614091,0.9957522366813559,-2.2763735085920023,0.2300095237628365,-1.8944730688369646,0.9406961438226822,-0.679440922931713,1.3907324875915426,0.31963267591747646,0.9365041167304881,0.1366718711628826,-0.6887357179505279,-0.8147181812341315,0.1834465762181352,1.0530000272987412,-0.4089418892412716,0.017969507218870237,-1.2702318390275464,1.738397194049411,1.2790399164592539,-0.18077675480348723,0.14930524122544148,-1.0696636260124668,-0.5350330846915701,-1.4032710297404474,1.220429909588865,-1.2671015614018384,-0.33023711102424674,0.9249146692185436,-0.3052969757219085,-0.19295885256670225,0.2880905219873251,-0.7306095413814279,0.23648694614658164,0.32193644418963757,0.5098251816073188,-1.4306525137212387,-1.1639678613911928,0.9067156838508832,-3.387234583891768,-0.281370535527243,0.3102185252548131,-0.7594573199836635,0.10691421276993877,-0.039259683875249037,-0.34350902910005643,0.04722252151672714,0.706253373594852,1.126909684703219,0.704864276814403
1.5413211448013209,1.9788672615280385,0.7777350472478546,0.4776388379387179,0.0225003882454395,-0.5843437992447381,-0.3916706095040324,-0.3491771858517253,0.4920040541029598,0.3594349501325495,-0.9621412281903848,0.000223947995788,-0.0951248775534698,-1.4120756063156303,0.1654915641331403,0.9661396608610484,-1.1283415702657829,1.2724833308487593,-1.560170825129944,2.1173241443709534,-0.4112604304834833,0.1456169968268912,-1.89203357248567,-0.0621360664693085,0.2284821777181917,-0.0861621040994945,-0.5630810770523736,-0.9465645185278148,1.130526619537311,0.0308071349979501,1.5407523765167723,-0.526482354794923,-0.4347946933722169,0.8155942445961629,-1.622974962003564,-1.213463360152923,1.0974849713531636,-1.1719339292231947,-1.819051015302548,1.868527188073091,-1.3938176478742057,0.1841193983281696,0.0690851927242711,-2.810628316618084,-0.2673170231678089,0.4484132494791095,0.3543093815188606,0.9035206838035016,-0.387491314905434,0.7125044420921607,39.86614742371272,-0.2501226010745113,-0.27689883979637814,0.28488989257219893,2.1052024012080106,-0.563700175057901,0.4961649055979363,0.4233419486085754,0.12391742634264473,0.48500129152322796,-1.7081193946081297,1.2279373473853306,-0.7269489590173489,1.0719653675991272,-0.5747964176044837,-0.7270995401759647,-0.3651826162937345,0.0039612809245876,-0.8763937434747587,0.8209228791097093,0.007349575464749858,1.2591813215132046,1.0189958316879406,-0.7818138633588233,0.664052953305583,-0.10927651221839026,0.9162691989298705,-0.2319240021136228,-0.020027196843524074,-0.2939543922142164,-0.18201506898283903,-0.13481352569439856,1.9208711499397864,-0.08537467997269305,0.026911724141361133,-1.8420827576087893,0.7294187242115334,0.8484960689000609,0.9167248643158379,-0.811268733480996,0.24962602560472855,0.3283885415530026,0.407456296175835,-0.7954994046001439,-0.13685192852986058,1.014847728147081,0.33076289325841235,-0.19967730185646448,-1.5911259720182742,0.67707208884533,2.276079017827666
0.6463201631358254,-0.0260960063769614,-0.9262391125885509,-0.729488354359448,-0.599355705052997,-0.3834505598342305,0.095027885272073,-0.1696962766001893,0.4137542029473876,0.1721433253645838,0.0682067826028363,0.8179920992573367,-1.737686198245343,0.0853439555205099,-0.0700464437279648,0.7254188271577661,-0.1877016058740368,-1.03873443416267,0.0073506749196991,-1.0828405288683434,-1.9252622125874852,0.727122481485493,0.5790615726946706,0.4670909439935746,1.302928421945811,-0.6650318903039252,-1.431114142771255,-0.0700297768080445,-0.3475002997059104,-0.8422957167700686,-0.0798491534877959,-0.6116051462045847,-1.8360052833568312,-0.4411766907937603,-1.1363751667038573,0.2316480716109227,-0.6560347582406549,1.1116314741410516,1.6038660672678655,0.6793813730119062,-1.55102618198332,1.5051959988790395,1.575720450373765,0.0187905113079407,1.322926160335532,-0.5516751380466781,-1.8662459348495892,-0.7602844386215937,1.7293008660447564,-1.4910799236114736,46.58753001256441,1.3010524331622997,-0.025389046384487156,0.20709386223295154,-1.113054427063712,-0.0830336034927732,0.04426797334911382,2.0807659040391893,-0.791709350567595,-0.4678221828322661,2.6376948879639013,-0.01166035588881546,-2.8294488110640743,-0.7180388134051491,-0.6166335598554541,-0.1016358477290527,-0.5032436553016811,-0.5914438195394393,0.6803425779863251,-0.9115099686768718,0.9208158658799955,1.8050893504578904,-0.12680196910485925,0.1213192322565576,-0.5098325165018007,0.6722776969106796,2.4860202462776724,-0.17975613307640745,-1.4696260511465133,0.20069412524292482,-0.5266296128965336,-0.06594360833295647,0.04798272044661219,0.8402754540097592,0.16221150474248305,-1.5861688669408667,1.2337872769596048,-1.2359163752366034,-0.6518236786645775,-0.07291096782415907,0.9225819634611637,-0.9752177936179999,-0.19252023107088947,0.32830717562133405,-0.22556247838096438,-0.9454278641443407,-0.1492366148317193,1.7090551833235816,0.6860804385999714,-0.015687459758462027,0.7594137742218154
0.7290636450023644,0.6198613430176846,0.3416602319526263,0.1563083718560171,-1.2165808041357096,-1.1721101972487635,0.7093525144553172,0.5761212956973971,-0.1385122446072247,-0.3409252067419474,-0.3051888454807517,1.0469117944881394,-0.3352440818680267,-1.3410647133015687,0.7436517755401733,-0.2048766638647172,0.0313958655327764,1.6075783063995104,-0.0205605573505071,0.2891836731187253,-1.1789234912983253,-0.2196694523509601,0.6095260452086012,-1.5553737338412423,0.2008450931157095,0.1007910726448063,0.0412874555874393,1.0371588986582432,0.3344385148485215,1.478071898356444,-0.9935895155940362,0.1359245672183479,0.0844667863899474,-1.06925449375508,0.956295002091346,2.324673305852818,-0.0170060744838309,0.5050210882737669,0.0845184758153272,-0.7135846699071758,-1.820760277802016,-0.7057734830953651,-1.3919583809517313,1.7041020780591178,-0.1151096939232391,-0.3459193290471707,0.8891538247878059,-1.121751102855888,-0.7668640380045524,0.068072269248621,53.972260855447615,-0.6764130204840386,-0.17303487869691783,1.1423264545383518,1.2218005525188131,-0.20074916355286412,0.19153929944483014,-1.7443307192782576,-0.20429533330183694,-0.8047245724183811,0.8932446283671284,1.7760872803800642,-0.5539685485774473,-0.11149078712511214,-0.7848299034326331,1.3156318621882446,1.0475136370876286,0.7700224871307078,0.2704081342080487,0.3425189711405081,0.09947095810915063,0.4747109773986651,1.1700770630296313,-0.36792921814495894,0.7555152605285028,-0.8410881270119684,-0.46040692149697343,-0.4834690199775001,-1.1040933111705458,-0.3588760848681331,0.05985632434587526,-0.48640908866705174,2.0001525124929094,-0.775699349550235,-0.10186535164261648,-0.8182319835023398,-1.1937262442757581,-0.8773510038092717,0.6187727395848064,1.3760064863638541,-0.8910505172076293,-0.4775447923350288,-0.882059272039484,1.550636238255454,-0.4001376378530022,-0.8760028902037027,0.3621047766572867,-0.8639247038254283,0.3253981609903326,-0.13679182482424398,-0.2627954769471024
-0.8999691109737346,-0.9371477176156516,0.2295063333850477,-0.1876107889663707,-1.077959231861604,-1.06647627908055,-1.4574864541813366,-1.4297725398422485,-0.5712825689190185,-0.4354753480878781,0.8643170936942556,0.771203390280923,0.4739461768923325,1.0294822417055784,0.4090465992271246,1.447532781787812,-1.7107840995966443,-0.0595667389639341,-0.1020658345692389,-0.2189707264345298,0.4974287970645534,0.2139960018611661,0.8248201644828588,-1.1838730900058776,2.2922116403667125,-0.3909721105290419,0.2867563629762387,-0.2062415735688305,0.0810666510508078,-0.5349105013749927,0.2058030137857683,0.5800967375144677,-2.401733969480836,-0.32854779239128,-0.3665795137069275,2.3210685106881983,0.8600711801007236,1.5000596190519615,0.558115867341191,0.0823577021630626,0.3641573435754094,1.1229743933613603,1.7501182914451288,0.3020511750720169,-0.622931400327867,0.9245743299680036,-0.8531738945595714,0.3903980043445614,0.6813137179334919,-0.1080760042077399,46.47218483943838,-2.230329907625889,-0.6881596901002726,-1.1208223655203873,1.7495813052724989,-1.2321423298148326,-0.559742473595482,0.5822444775637607,0.8039193308807204,0.08507903197998995,-0.25544021415520907,-0.46077501373165286,1.3087166789222824,1.4418053290159079,0.6012579620436356,-0.1448408767357999,-2.8529435035996533,0.15434423264234098,0.8949874360948072,0.29674848097815815,-0.00704090853069996,-0.25356317144820206,-0.2715583037938346,-1.1087815794105107,0.20916981068875165,-2.0033398570094416,0.5965723448835499,0.6861216087738703,-1.6787227623485266,0.6986867093533149,0.8964247219074125,0.21523861318770118,0.5154576979248359,0.27908968505734144,-0.9748304823479658,-0.111927250405041,0.024021027749844527,0.2419691680554044,0.6704054890594515,-1.0023521099305026,1.560552959916954,-1.9617708151754156,0.9852620705038592,-1.396729446763195,-0.24193362930049625,0.7261591215755627,-0.18572713111714992,0.24465882966440797,-0.6906878558432369,0.31661088485229333,-1.1153187307459504
-0.9731915069649124,-1.1002678703711324,2.6844267824957355,3.0120977876597177,0.462052634899347,0.1883348209174561,-0.3845829504402633,-0.7278690995619665,1.795035983786627,1.6301610859079323,0.1819491896831358,0.2038475331237923,2.090149465163024,0.2995005094361107,-0.1925328420452952,1.7991115394920134,-0.1296551103500108,-1.6915841037374877,-1.527006453907412,-0.1917098086283425,0.2916387080497667,0.8219455439123987,-0.9183022309691532,-0.2252586821535959,-0.8096500501949813,1.1137140574986275,1.2824196026833128,1.9582621189485296,0.3515350142724321,1.8652959926304025,-0.692902518098565,0.2159418247337367,-1.0608191445358857,0.573334074746276,0.2847436052455001,-2.453846776031096,1.1096070568847811,0.8553500246075812,-0.555641663184921,0.2812178578163578,-1.493741741076392,-0.7702205056431638,1.66907943022468,-1.1543464852016496,0.0095463175650533,-1.3963610015759012,0.3379452201215401,0.5627451053062571,0.7241302164604789,0.4679840036226987,24.066188351926087,1.0515930406716663,2.47227946227266,-1.5991364864470128,-1.0144188771679996,0.44786174775179377,-0.19394940044265363,-0.0659746208908102,-0.7707370597008625,-0.2029174630104449,-0.30616585785550987,-0.7695623811651242,-2.072292686172439,-0.3615773114433937,-1.4107996936270562,1.123053197526463,-0.30867740967478285,0.09674391293904691,-1.2782626292575752,-0.6367951015495571,-1.3280208591242249,-0.47301766727095396,-1.2774179987810317,0.5319253213688535,-0.4457517579301611,2.274240151211362,-1.1813549645828454,-0.6339934632565143,1.0774938111461643,-0.17468191658949636,0.6513459774516481,-0.09660848485687168,-0.45346265036937033,0.1487734045010925,0.008873458852412548,-0.7645469051075113,-0.85034709797423,0.5979135073989382,-1.8159319960198228,2.115613183331255,0.8748708753092173,0.43455954691339777,-1.2216478602937484,-0.34100666379425365,1.3875896801940337,-0.020266883137630812,-0.29004168766946337,-0.7654864541360713,0.4141154672917551,0.38219921192012235,-1.2118542487185013
1.0603591657328009,0.8281245810942987,1.1097147392618905,0.8914989008070795,0.4748255276220481,0.0889903326441736,0.8621516381879861,1.0495841718679804,0.8833834339091055,1.1830881679099012,0.730973808253535,-0.017878892310776,-1.8239597849591047,-0.7367593867766137,0.8481225988120321,-0.3036504368625203,1.2135478458075324,-1.213292677988852,0.6961376784108086,-0.0475322950392221,-0.2467852233758738,-1.1783056703943318,0.2100203440786996,-1.008896850190795,-0.6360609025487026,-0.1406678784110732,-0.3657252743771365,1.0277898181657332,-2.5901532491685173,-0.1783755215761157,-0.3627786047376945,-0.0085110190970966,-0.5442747709407006,1.0238811349771633,-0.2577128316606194,0.1329462684555169,0.8922558115060931,0.0520025378540053,-1.269209525572502,-0.4265843307848105,-0.1241171108514386,-1.646562183500052,-0.7118092820599975,-0.0682667204770465,2.012203939736586,0.3711019603293509,0.1577390730843899,1.6906279690062718,0.5878480909293224,0.728894936385296,52.893312839814605,-0.8435449622454707,-0.4958661780072847,-0.4067230830465839,0.7828702435813464,0.37109405131392204,-0.6633043217745173,0.4506555553346548,-0.44029678710755854,0.22035182927354544,0.7345981283029958,0.5473026747769738,-0.9519201402292174,-0.5047194101871159,0.3641085442426688,0.38726730043453017,1.544984795382366,-0.5934206101779232,-0.28680540933353904,0.3481068147147108,-0.026839568317151834,-1.8430668148602856,0.3741725411088173,-0.5722873725943023,-0.3153541780306752,0.3351754841006962,-0.1972506403523,-0.3599684214241245,-0.45955431499411903,2.1579716860282594,-0.613184333208273,-0.1817093920268027,1.1470686485209218,0.8771101252519663,1.7572742170721443,0.6459120154192018,-0.3988563971108943,0.22003100406939308,0.20932685149187039,1.10566072778317,0.4687752061135092,-0.337500884988916,-0.492276373398045,-0.16405323275606953,-1.7642225586347025,0.9268766994609047,-1.462032809090067,0.10846814483876122,-0.8815874130137338,1.2611455222174035,-1.331934917425371
-1.7871385875844514,-1.83611718206444,-0.2468578925108528,-0.6090027279261588,1.1121490628065982,0.9355650506801214,-0.5747932272153171,-0.834223501289557,1.4492924284038262,1.1405651461365436,-0.4506681775680075,2.259602027742478,0.721161822084155,0.2563246529688533,1.3635459466396125,0.3019306350030213,-0.5056205859191885,0.0801597604875534,1.038654287319735,-1.9921855663492136,-0.288030739439221,1.383057398581605,-0.5118684010935176,1.5461085604314098,1.4147438193598127,-0.0655291154889513,-0.5685393048890007,-0.2873588741496345,2.6646144920014345,1.874424446933244,0.1253909718067383,-0.6081535516204094,0.1170410355812631,0.2438269266167647,-1.243358737609354,0.0800412692152601,1.32240432481173,-1.7993566812164734,0.8265839651372482,1.3747979700547797,-0.5605573450943682,1.6941757581910564,-0.6903370624483454,0.4410826618604037,-0.3067726846636304,-0.3069963571626035,-0.6172990697580455,0.6985754808620198,0.8488054577314491,-0.0644221995771886,55.89789883684319,-1.580251936743527,1.0235215224656602,-0.08834265900909503,-0.9654979858290557,0.04796144598154671,-0.29477928429974354,-0.4307147004602912,-0.2216885799990672,1.569866436259967,0.677181686725047,1.3640819374650175,0.4390685558901699,-0.15703669059262962,-2.184492735051809,-1.0396290784189188,0.517230050277387,-0.4297759261530207,-0.6170782092104371,1.1061868381238813,1.3616072363167513,-0.9277682990957032,0.19829603371445353,-0.8447209707679075,0.0035048316686189687,-0.2215735885909586,-1.477349208854877,-1.2601726806541929,1.3270797513934045,1.418867589802212,-0.695520715106446,0.48982495484649824,-0.24286282457205172,0.6588491411272431,-0.816042000988651,1.191998915532283,-0.7544376098037611,0.3255604071093235,-0.5056883931084507,0.5792129424360255,-1.0140883331826094,0.6180514628381729,0.01781292268083246,0.4645627276650941,1.2744480525552093,-0.858524093424465,-0.005204434201671527,2.1416979973638197,1.1051109038041915,-0.020856111561143437,-0.40043120165039753
-1.332448347894566,-1.4948218896821244,-1.464974746104889,-1.4333903031267303,-0.9980946277690352,-0.7504993546120343,0.0945275675884683,0.5637007656928912,2.666905222320009,3.2072054899189544,1.1166812750675223,0.2320946379285372,0.4988831947682127,-0.3421486511272388,0.1950769254226021,0.5374787046064285,-0.5784597288763313,-0.0774942998929879,-0.0584301189974882,0.8264033173305246,-1.0660321716276806,-0.0515422086076515,1.9120054690526973,1.1640601525859375,1.3491790488887052,0.0244318401780341,0.3209975636860231,1.0022361667029254,1.5602555295309308,-1.951602912882887,-1.3154413070498456,1.309444101402648,-0.2768893557688036,-0.6717207892580773,-1.254160986995604,-0.5550167015441094,-1.4023692834238248,2.091094272732477,-0.0224360519805734,-0.0579505417627175,0.5880766751678318,0.9623451692665695,0.9458881565546392,1.0736219439075716,-0.6308455507908564,-0.2978668049568612,0.7690316554422755,-0.52738906163962,-0.005106632027225,0.3987637644248142,28.360738470657434,0.016053418643930874,-1.093628946063395,0.9213496029864963,0.0301615725351249,0.33184386325851556,1.3461782636266248,-0.146059885047167,-1.1493716102158729,0.06863704842771541,0.18252928039743874,-1.3788033045852264,-2.2448667738927277,1.8534107978998282,0.2735287711417637,-0.01631721234602282,1.2668472405671247,0.5889111175754248,-1.1101887981524234,-0.2962491987642396,0.05667029407167183,0.10156242350360772,2.68797624380741,-0.17437970740390066,-0.22018211404140178,1.3909948052043724,0.56819431730479,0.37831055964085886,-2.680611134073835,-1.3042886623027445,-0.8553469957392672,0.0757886878538678,0.2512094484418934,0.627292013125093,-0.27127131945695626,1.3336697411479546,0.49940348661769857,-1.1366876164461543,0.4985108042011814,-0.9320368655873537,0.2788684195580776,0.11976998154074835,0.4851389993319725,0.9883231156063628,2.293677076382116,0.4336526641592427,0.2246136665566537,1.8230412506059113,0.5270516892626117,0.4429807482001637,-1.0681342320041944
0.0943939074960778,0.4642553702654542,1.1956352431945556,0.923458172132052,1.9743263875527035,2.566114218211053,-1.984298449890609,-1.9416837000571396,-2.2552918196422387,-2.7635886300308794,-1.2112181983000634,-0.8143183987396746,1.0905681467828725,-1.7548290597350802,0.1297357410308126,0.1236764424804141,-0.0823892875521443,0.1307786819797736,-2.2322817104157613,-0.809554515797692,1.5430008652573897,-1.196871085509681,1.6666108135641995,-1.4068224117784065,-1.5270406324123211,-0.9517788172640964,1.1290829682869186,-0.5461208297493778,0.3454069884391427,0.073636922017204,-0.0544621827303195,1.274118092607574,0.771517940987039,-1.1429031971623762,-0.2755707835916642,1.743439820030832,0.3195617891679355,-1.5078459640913198,-1.4370389023767902,0.8901453085662238,0.7024373171760636,-0.9213655751373316,0.7476301789743467,1.5993921367192492,1.4578588396606011,1.604278036822457,0.5554887750628047,-0.1776598191298878,-0.4024800804668359,-0.0173868886128432,70.78514756143878,-0.2391786660301687,0.37213139109316096,1.4105680050051588,-0.25658793018217363,-0.4237764114480308,-1.07787181137719,0.1295004510080991,-0.7563234246285745,-0.639230561280132,0.010878758202230474,-0.19699064821431514,-0.5106986135097646,0.4462018362894799,0.8491426059321912,0.9813839922750334,-2.034248859510923,0.23005561154550086,0.5958974585203659,1.2082690915880543,0.6820781957402268,-0.18098586601432187,-0.9451088661130198,-0.8932494975183977,0.7302497537329496,0.14147934148380373,-0.35549166291420126,0.9419029617610208,1.5480743985441079,0.1914561361499349,0.08879182231780254,-0.5541359462103228,-1.3363713032768696,0.20078517039165847,-0.8919192661546727,0.3368112723874649,1.0530192099399445,-0.5236746880555153,-0.8740604823997152,-0.17972636478580264,0.3549299233926498,-1.0108055705118018,-0.291870521179968,-0.15936209930464576,1.266843064300445,0.5464872790777332,1.8488740554822498,0.37852486357855314,0.3636426845226114,0.7181787951786809,-0.1519738338542887
-0.5733049222313997,-0.6797482554725374,1.056258453447951,1.211564257199255,-1.4820276818110107,-1.724316884241388,-1.7289756002047878,-2.1055595775998928,-1.1808659398008103,-0.8864454162724554,-0.0461792126592684,-0.3632635391367173,-1.4434130630185735,-0.14312639747134,-1.7373280625641925,-0.3694171712863648,2.064494389843675,0.663803578706365,-0.2097981603545306,0.6981236054063564,-0.5215431781275682,-0.8006777428791878,1.7041296295328423,-1.1422746539202735,-0.3541212356773505,0.3060332823635102,-0.9362342057574482,0.6506049536314097,-0.3065945246422524,0.6639103275668566,0.5859841797505183,-0.2430121306258299,1.7106586725909851,-0.6653358034334415,1.348870470548737,1.1749332426280408,1.77088220766044,0.1740560393430207,-0.7885857119279899,2.076796585329547,-0.3347014679763642,-0.8135425727055355,-0.1897867459048128,-0.9816907161570776,0.5261488251233458,-0.6056683817585125,-0.2874841699048721,0.9677788616649624,0.6236932101761915,0.0155845725696586,10.348672866439852,0.8231049757450069,0.47887216393183574,1.2144791339073469,-2.402753934899687,-1.6173629501085678,-0.688717666422915,-0.3016338835352606,0.17255019180419026,-0.8908896119420586,0.5610670840259165,-0.6107819450858708,1.1408632156107463,0.019081627779767917,-1.2745191073073694,0.6694161911868851,-1.2422492314691227,0.12347231450854004,0.9430514466067954,-1.7553545693201642,0.6543739593936179,0.6234079739950275,-0.25184710532935095,-0.034181328830489306,-0.3712793295240841,1.3320318116312337,-2.0545820248619173,-0.3610205176022864,-0.06802289070487834,0.7351552319892513,-1.5808434575424193,-0.7635405870758643,-1.5086637698222398,-1.6759559708658476,1.1573322956735501,1.0841610169548659,1.1070142239824061,-2.0503721163607103,-0.5814317037171435,-0.35837809823226846,-0.08192307484655668,0.20048900501679653,0.753075565832127,-0.6370871999386887,-0.989933276576141,-1.5371212226942688,0.4793660066383242,0.6297696806372028,-0.4623721693028736,0.7357751900383704,0.2039386894265557
-0.0543512744002023,-0.3384140358719716,-1.5602419775537173,-1.4907758903602857,1.1312990502497464,0.6311321944061997,0.1557519078312804,0.2198420439539894,-0.2739924731630432,-1.008820715601424,0.3812691469679788,0.8181755254714744,0.4023911690282054,-0.1205183743791937,-0.15722671689112,0.9368143169226666,0.4634449381160623,0.0726894630354331,-0.0359012976001078,0.3452705096122888,-0.4683486885594494,0.8215388173082104,-1.0758585618378669,-0.4114565097664818,0.611106095446024,-1.1328828133542732,-1.5730085426495004,0.0630776754292401,-1.6964581544464707,-1.2988035540518614,0.7565941185064321,-0.2047852576057357,1.2854869497089854,-1.204814340937455,-0.0939523656322844,0.3995845532077593,-1.1705149301289088,1.031761904499625,0.5106788831660388,-1.609287086687434,-0.0377417962086005,0.3859567362586327,-0.5900566735280575,-1.4798649055088138,0.2784587894474102,2.211242950282561,-0.3869840991576904,1.569241181284709,-0.7522888217614683,0.2155456350099517,87.8497248524633,0.8924108198152113,-0.02417697709812966,0.27654366689266663,0.42423425971189876,-0.7166398700522447,-1.2542988629357519,-1.5205413173698987,1.2024777476530082,-0.8522016313215837,-1.7417035530801772,0.14285101299207983,2.043025801848989,-0.5243599556815834,0.6787426017187439,-0.04025289842082823,0.5140481406864676,-0.7540424916675474,-0.3368662050405336,2.2182669931208663,-1.0127080166616316,-0.19520278682916792,-0.7308656201837209,-0.3596988359733296,-0.5730309262122213,1.2463612158772228,-0.6850184429350642,0.8073904106539035,0.33984738896533107,-0.45815932859321384,-0.8906003988521356,0.09840166681486873,0.5536555308075164,0.1396621276864955,0.8297041293737117,-0.5625517736187333,-1.1051730810190554,-0.9187853088777681,1.1984651733852207,-1.2323125260226988,0.8913396468447979,-0.7134700492892669,1.2507886953628862,0.5780705978080088,-0.4865312708925418,-0.0034211511349828503,-0.7246822424099253,0.4714901784489648,0.7751818291196713,1.4497195853612284,-1.7198428038477005
0.9346547073366236,1.0423941867674893,-1.1173270089312346,-1.0752888365707416,0.97048845961338,0.659240137518939,0.6365532068732643,0.836633202718912,1.0618166459897318,1.140261284051389,0.2183387504421607,0.9679319487649898,-0.7178532143540355,0.7958638123412264,0.6543881340607632,0.2899111740376629,1.3160074197184983,-0.5387848378473886,-0.1870575164736626,0.0954620413582965,-1.0296109710894006,0.2269319438002478,-1.718930412953847,1.0469545344282092,0.0466373665659657,-0.5208929039037633,-0.8343736122951215,-0.2345790296191875,0.6882597107724135,0.5477389787375606,-0.705537947278461,-0.8460396726276345,0.6568987063196474,-0.7223474046150294,0.0599097740795035,0.123754642524277,0.3120621317267384,0.8582704301818718,-1.2629629368673227,-1.911159325260488,-0.5674472812283516,1.801528407832186,2.0221741000873785,1.8311771355658877,-0.1929813677606896,-1.7821150819848288,-2.343039101651841,-0.6140381615494112,-0.1980736301493601,1.3006254010559588,57.322215545190865,0.09562044588939247,-0.5710047196395732,0.799499253504148,0.1433391676062309,0.15705458140944115,-1.4709087571875983,-0.23391503064445315,0.3171469847104752,-1.4627663071111208,-0.371274712614253,0.010017923499404696,0.2902465656670324,0.5388169281811231,0.05138541062432149,-1.8917143889714996,1.550630593257668,1.9441077035254948,1.5227112992961702,0.057351269979681666,0.8571303317527184,-0.7260572966372096,-0.14248458157179603,-0.5125801037467602,0.910251681532861,-1.2745208738851306,1.7931143276074963,-0.14695677543719574,-1.0629427301831689,1.2124767039620095,-0.45882107267510414,-0.746631839036923,1.1037289539515915,0.05530418530522223,-1.2783128203538188,-0.15165367203420396,-0.1232980464189985,-1.3416189757453971,1.1210763684490113,1.0937656474284883,-0.36073055824440614,1.6554330809031192,-0.6228263745532341,-1.6400976219083032,1.033299000054421,-2.0161918230225315,-1.0146776252897303,-0.3040052521220364,1.2037105353950988,-0.012588778647906937,-0.7650897883929612
1.191483357686506,1.239874532352088,0.1470895818380148,0.2298013490321354,-0.0199200024778279,0.1039525984510604,0.2203828197420406,-0.5621140564383574,-0.2284573430886693,-0.4825754343042858,-0.7996142137769388,-0.0412448293628151,1.4427345295455496,1.329454878910979,-0.7543359103240641,1.275897384550694,0.7611413126527503,0.6333385376116621,0.431911881640134,-0.9303763787794554,-0.4055781849571157,0.8329184031213258,-1.2068703438749475,-1.040775105395876,0.3061974247659058,-0.7895326606591032,0.8238943537007667,-0.7542179562565453,0.2443801448631468,0.3280715646507312,-0.4820946778974768,-0.2396466296545933,-0.6800114800399549,-0.0186047056522364,-0.9616872400879266,-0.2235077514970586,0.7484910077952158,-1.136751079060671,-0.4870694119778939,0.518262409984949,-2.0776447816806622,1.8555840363993368,1.0452579140309337,-1.5383355802373202,-2.104195799931752,0.0296175873340616,-1.1202441959021154,0.9614932901984118,0.394002162131688,0.1233790163372705,39.15460803987861,-0.8848159419179848,-0.26332190261396393,-0.6404934347691842,1.4790789734057603,0.16274441484639593,-0.18677191419529146,-1.416433628196194,-0.045861259369021544,0.9327436083455788,-1.646863858292846,1.345381247627721,-0.9264670182411171,0.6596997699307984,1.5984264553578396,-1.7959914814097162,-1.1412362168447279,-0.47970673955782334,-0.7857002208783427,1.0730209948036222,-0.31372872305984767,0.3413442593453236,-0.1828024324063674,-0.5063335625312257,-0.4221291640727909,0.4599946164130554,0.4104298872509025,-2.5274493700576737,0.527289918837327,1.094650815910273,1.0553709578623531,-0.8186117520503523,1.9456675025532757,0.7665447517711645,-2.018462428472016,-1.1669881821406638,-1.1329018927418335,0.013321019523264815,-0.9941057342308224,-0.4043653256803252,-0.2716279797439698,-0.8434854962770777,0.39157170388508683,-2.143995262641302,-0.24865568356527437,1.4698533885675769,0.26743788000512814,1.916548336667717,1.6068927004822113,-0.5658672319748156,-0.5790497264811371
-0.9653244697473484,-1.095497098021059,-0.6666113122075713,-0.7525424099351701,-0.3124135638311119,-0.434134337626577,-0.6932108275328333,-0.3877184899352892,1.4006565745681998,1.3721864745918195,1.2478207731502375,1.449339756460838,-2.349879797432981,0.3434546420280766,-0.5861786338983189,1.1168096443533484,-0.7414712032425614,-1.0541497563637097,-1.434045860653102,-0.3026749109788021,0.914945262528311,0.2561672168613118,-1.202648265136144,2.1526590903618907,0.649538639491568,0.7774101157576864,1.285028827347658,-1.6402155886257797,-0.9114341385878826,0.8230113569242725,-0.8107383280214768,-0.2750134722550482,-0.0777406528313,-1.2774053886299177,-0.3608171821336399,0.9145032173518324,0.7294538898178412,1.113014661967468,1.0098758737907962,0.4058739257025841,0.3266784983096997,0.2533307601066177,-0.6270471672539608,-1.0299447237206136,-0.6895973461199002,-0.3260293165574689,-0.6558259447427762,0.4138317384839156,0.2018952160642511,0.3093234987202181,33.20610865444357,0.28694126122429797,-0.40328950197312036,0.1683951924752465,0.6111436546495426,0.041379052585847835,-0.6176091818007866,0.6531931105803095,-0.8312707739523109,-2.2332788193557644,0.6045923447025049,-0.10840479287478322,-0.9601287386482825,-1.0731785094754698,-0.8552063823110898,-1.5833055896271162,-0.3877617827065225,-0.030252661725420512,1.4984673241370412,0.21861148653470555,-0.25965240829469444,2.5052652454734647,-0.8722998220605086,0.9956151640252442,-0.5403716202650091,1.7252856569693447,0.7690926629557497,-0.051515334704473136,-0.37391414605521067,-0.08356255319286285,-0.13217027117084984,-0.8044767380716004,-0.8093724413438168,-0.42292834500272886,0.8657011788346128,1.2068993489717312,-1.1662282279953577,2.3561289626774022,1.7963707747586768,-0.17554791863099908,-0.6663714077047016,-0.47007371980795604,0.24617043036257155,2.5903744751954325,-0.5060102892035697,-1.317601438487428,-0.744947659356444,1.3195506254513676,-0.5452870705094125,-0.3579630232291837,-0.607262235373436
-0.5496241946654639,-0.7987729139172006,0.3925756768883942,-0.0325425643351016,-0.6789938834695043,-0.8828049563471091,-0.1314827859216935,0.321796249625246,0.3944881954557579,0.7739804230104625,0.4358921754783821,2.687774657505428,0.3824390699730584,0.6121730162672395,-0.2539945290537975,-1.119587657687547,1.0239249198590925,-0.6058392859762839,-0.2291817009448886,1.7934755356405916,-0.3377077586980153,1.2153281318078768,0.3874781179254351,-0.5530910393865283,0.3414073134263913,-0.7164213493441093,0.9047251092407466,1.247093828339062,0.0490071289188166,1.3424764267692637,0.1600737473540913,0.914513098034102,2.9511965979446035,2.4751157457985604,-0.1825521626694995,0.2935050194419702,-1.0539559787395547,0.7986456087874151,0.3892167569687739,-0.7740188527748819,1.186848491593134,-0.2656096096068746,-0.5209079902658963,0.3994963105676744,-0.4650727035260094,-0.0316795269621239,1.7462507127319375,-0.6146847557172178,0.6754094826708198,-0.5834991620296786,48.91615188359429,0.16519438012057688,2.402026281835456,-1.1912901392878061,2.2908839240787624,0.5487082679850316,1.7616889307921924,-1.8655451010781223,1.0951604117202318,0.4881048177193057,-0.6758139710333193,1.3747840989702291,0.14490796933090405,0.6866281919461598,2.81598590372273,-0.5104422067665509,0.40146414186699486,-0.18703362887472083,0.5622390597582658,-0.8235226168569771,2.0976951890053264,-0.31734916739652724,0.4682376096968881,0.3692174112776782,-2.48566380157107,-0.998650690347807,0.12554527929976342,-0.1755712091840432,-1.193954222045233,0.9812158840733828,1.0058589844658574,0.25498473247773684,1.4637441249908447,0.04179908472949723,-1.339267121988083,1.9659458520065505,-0.6617313742720755,0.7601208090554414,-2.5820591707634684,-0.12503728432039923,-0.451236745566911,-1.013597550510733,-0.3410022181445496,-0.8078781666150006,-0.10098034615933793,-0.1888923762694141,-0.5684768301404822,0.23437276333840346,0.8185370524351505,0.640826684094971,0.017915077827127833
1.205994516546816,1.6698961662096852,0.466670981966081,0.6245552923756144,-0.9489165208248372,-1.3911981151240669,0.9321915642603849,0.9295993523464272,1.135620147182944,1.60431823006662,-0.8245141615276735,-0.6085897232397004,-0.5289777080640152,-1.0565576427602528,1.223083067095325,-0.2588544003698316,0.3525049683568795,-0.5703513664136806,-1.8206033005485167,0.2700573583914221,-1.9122549754197768,-0.0686340460854686,-1.3683150388328105,1.987275999230808,0.9113627221747216,0.1057537912714804,1.2637066776546686,-0.8463159774657358,0.543479378670093,0.1998104337187135,0.26402008133367,1.2723535001067678,0.7324921027798023,0.2887236628250232,-1.654887436228296,-0.9600462952794636,-0.1227089335957241,0.0933723742766512,-1.1302037246739238,2.411676675578421,1.5163940552535728,0.6021183203924835,0.0720368612837447,-0.2122089699011516,-0.9519184600222356,0.0774805185188625,0.2577525401427507,-1.2417605754816243,0.3341764172448974,-0.1552590488247487,33.85919323007567,0.5689366744696416,-0.022603089444819514,0.0626853968868732,0.10704238207871382,-0.5811460454500165,-0.2828465461777933,1.0286543794558898,0.43350549994684245,-0.8680639066752307,-1.5715780786791778,-0.31510033601868576,0.2809633211650989,-0.1511522866234305,-2.3907821543252377,-0.3771178736934479,-1.4524983970876972,1.954711197261288,-1.2235671854750108,-0.036376623659504295,0.597303366831519,0.13888752134537663,-0.21414387208946423,-1.7091965261833535,-1.0395033686039294,-0.9863745920523426,-0.1815589215952325,0.10299559976168061,-1.2076663529019347,-2.410662694908141,0.187574793190974,1.1935424710049374,1.314446899976997,0.07336098816887582,0.8282663567889997,-0.348597716534829,0.34329769092415446,-2.244860266589254,0.2145789262421487,-0.21417610337056878,-0.14999045077976747,-1.1002243796808588,-1.9062206815931022,-0.41372532258962474,-1.121850825000477,-0.0049014769304754294,-0.7481261159492422,-0.21684593856554543,1.3954404905875524,-0.10810134206353603,0.12478226339264413
-0.1819454383424186,-0.4509125376656936,0.8937617973878307,0.8815818278288388,0.988526104647442,0.6992750174748112,-1.3082532554243715,-1.3620659520286789,0.2565773958493077,0.4194711518237502,1.3538918593234257,-0.0951505120567792,2.1009871898131114,-1.7592870200405772,0.4193418724616252,-0.7985203921840281,-1.907221999688803,-0.2017743762991585,-1.4571726984209563,-0.1614278980328168,0.0347692480944567,1.1185414093359494,-1.5075851347639375,0.9084451656457724,0.098080450279794,1.0288491536095945,-0.4317511750311277,-1.3322445867634454,-1.2174993262158662,-1.291807453667116,0.4778141529206551,1.4769220222146997,-0.5649515266552204,0.6291352982577835,-1.5234420581356198,0.180321249177299,0.6685626163371267,-1.4481247752768684,-0.2038834689798545,0.7159171404855652,-2.933770647229477,1.3354530617017426,0.3536793758910481,0.7167276477173428,-0.4127192791947643,-1.7227224815653557,0.5340629563169517,-0.082590325416512,0.0321154554323206,1.0876069851989536,38.56462817197933,-0.8748067137447016,0.5248887786639505,0.0886466973980125,-0.10553005200230739,0.026681057110535956,1.2893968634300244,0.42956300020347943,-0.7067297635192396,-0.5124052146241178,-0.7937865240189697,0.9264818751052164,1.857928760058249,0.02479863462860666,-0.3295038006361257,-1.475411401094023,0.5216912595809831,-0.29081461270758724,1.9815242670826692,-1.9094710179012568,-0.6385020242772084,0.8469255812126805,1.3454829678839195,0.8829862054617901,-0.8386274786632111,-0.8172010695020143,0.015579013809551462,0.2531854351405917,-1.2253504365823,1.3575882092768423,-0.474299165819574,0.3477606482268912,-0.49116285903675344,-0.7125546539848696,-0.6380730352667855,-2.170160938560155,0.5189150428456454,-1.51763740478641,-1.2844508622826205,0.5304587899390387,-0.18610951475596346,0.030062963183246534,0.35418909321495473,0.5438158475517247,-0.13025810743674918,-0.9621350557828677,-0.3285867802985206,-0.15195789555783176,-0.24304406264474712,2.2867976224938507,-0.4242912796324582
0.5070202721353568,-0.0404079100565467,-1.395448504755072,-1.096716314117183,-0.262746747686504,-0.1351256536670584,-0.7390286580232329,-0.6606073873035658,1.4273053642892164,1.649306031740918,0.7564883543160984,-1.9140600705874675,0.6594512411136115,-0.803948414727481,0.30734561670797,-0.2477524182397092,1.3204140097838342,-0.8744356483399182,0.6276062975618311,-0.2795074632965335,-0.1583054780096637,-0.1838538931592096,-0.8456731044941129,-0.0140989659066715,-0.0626482221218215,0.2412402484067293,0.0845051456928625,0.7979945496122363,0.9235086160473688,-1.0506233218278012,0.868772500590771,-1.1863364271098544,0.587855888137735,0.6197387847028687,-1.911316891662504,0.0929792465294096,-0.4684961133603157,-0.758765257935375,1.3508523306990057,-0.6536791406374189,-0.8063769291180498,0.0756949400050934,0.6855897462984164,-0.1416485860101269,1.166370545669252,0.5309756619640905,-2.1782113197314303,-0.5294669635070083,-0.561842099351699,0.4793609534294223,31.64107068161545,-0.400372873167553,1.7816250904253672,1.7221286056849698,-0.1843566507170958,0.5720927784049213,0.9680064749406335,0.4333886157338947,0.8986484586849005,-0.8979876415443887,0.14935620146578515,0.22866302813671915,0.970804852537203,-0.8842890029883183,-1.6985697106229332,1.022512793696016,-2.6756846490362367,-0.38234194097565327,-0.4444775331910273,0.6883869307128097,0.06453806300972237,-0.5716183915692663,-0.6485571232886512,0.5165570447998351,-0.5401305925079748,0.8904185854902072,0.24543272422378476,-0.6839215253494749,0.3802395957968297,0.8865088020755251,-0.4331418994366356,0.886821712427383,1.3880868894563783,-1.1532776534114078,0.694999668887765,-0.9554018651065527,0.6542295064967376,-1.2988288180988146,0.3713790976173894,-0.6226729773168778,-0.23103693566139877,-1.2454902051189494,0.4640646677051737,0.34699425912560994,-1.2062156831740176,1.8492046824691233,0.7361223323766257,0.3387748238996087,1.4054286815359291,0.012588933245220358,-0.6724595311842119
0.2305336672113391,0.2362377579321012,2.1427110344641864,2.305293629992093,-0.7418206417017582,-0.5135254901229493,0.2445980696492174,-0.1955324435383284,0.0291519123250126,0.5249647289137896,-0.7175586392000529,-0.0044817963767913,1.234456978764691,0.4278378605360439,-0.7734149266150159,0.64837277770979,-0.3869848388781598,0.8904080051868413,2.5270104183286053,-0.3588263709435495,0.8016051597263709,-0.7453933320377297,-0.1122637671912975,0.0295622868721012,-0.1936836600443805,2.463013688775024,-0.3065930746783823,0.586851538784868,-1.9300868693234323,0.4319965633696103,1.1420545923522467,-0.5275973425790509,-2.510222141040413,-0.0386517688273251,0.017183850385528,0.7240750507443041,2.010903035413434,-0.3800536506003067,-0.8562881236602804,-1.1669178013714432,0.1980786170315993,0.4793542588185019,-0.5456553943625845,0.7786827457257895,0.4653840768191756,0.0432316896448903,-0.9024147207441254,-0.4818643154847231,-2.429755297682545,0.2357870641980336,26.377823376816345,0.5093781163361057,-0.8763186679741813,-0.22898286149024658,-0.4395887110317737,-0.08488981850235336,-0.2089541552240141,-2.1643098678478396,0.559577061510467,1.4458646596420308,-0.20522838255581016,1.7298853986834446,0.08410648788849061,-0.39998202782890996,1.8510541768497661,-1.2637690772205423,0.492239464464855,0.11831114811666943,1.2051177396144506,0.19376457864482052,0.036619926358222935,1.2727575366353827,1.861373071318222,0.4575149018450362,-0.7221392166288632,0.28438571286359393,-1.096652445601016,1.4713149777599452,-0.6356316158615979,-1.087677694731258,-1.166058118578336,-0.06970191911782275,0.9442163762851975,0.38254082049506766,0.4441164261684147,-0.650172272086158,0.5923584078044751,-1.7551658799899803,-0.26164355290069913,1.018318594558966,0.9240979409662279,-0.187894223288639,1.0872813456209043,0.8852383057401894,0.7224739109091558,-0.6916948232763047,-1.9898377931261881,-0.035047612322013685,0.1588646731198175,-0.9549533108150229,-0.02061352592390042
-0.112898350279039,-0.5400902105647707,0.8926613173372667,1.1904097140008991,0.0934259591400311,0.2334400349070982,-0.5353936031463985,-0.608428236794206,2.6134875549344487,2.514125130840016,-1.5387940565160203,-0.0573806285932638,1.6729295554580093,1.0567145995414655,-0.979691019200932,0.4153947137134124,-0.1758448508144224,0.8120337281749759,-0.6153974337204418,0.494517703133399,1.910252823395939,-2.6123663765142178,0.5928925942386437,1.3190670740803834,-1.556336982379554,-0.7205968567729982,-0.3937036391817091,-0.7309101470688066,-0.805813663422658,-0.3747429189027809,0.8516948429954513,1.487652323520624,1.3026540871209262,0.9938008401204064,1.8321150931203067,2.0313276446777477,0.1660591170339162,1.430965255676379,0.4239191985218238,-0.2162390433987619,-0.0497687123700962,1.0125174658325966,1.465591165100627,0.5804543651517626,-0.3960378849432916,-0.4894789267368457,-1.8532844817858831,0.3609340319439061,0.2928925937909291,-1.0446373505080375,20.936684720751025,1.2473270552317244,0.037660233167937734,0.09004283765328626,-2.207750916382569,-1.2433239284060988,2.110135582085623,-0.3285994380915563,-0.8135303493662359,0.01631560168577677,-1.1731565590327733,-1.4770148628144282,-0.3352072532594187,-1.030142265222829,-0.2617009938158365,-1.3705590420670095,-0.9950849678878427,-0.6935408894621853,0.14564912192963253,-0.19155715846824467,1.686093154338994,-1.5790401111179289,0.27587400637514864,0.8879108862517514,0.9830501486789515,-1.9357723308396255,0.7630620157385543,-0.06616155380558271,-1.640093755709837,0.2518803600928554,2.403181925697177,0.14222520069638298,1.1421830785395795,1.0077630756515632,-0.5364541150229348,-1.3262027893636903,-0.8478509736907655,-0.2824777107832254,-1.0176392518337791,-0.5959467111162355,1.502697866344197,0.43002207415017135,-0.3350396163618237,0.9376297471804805,-0.8443312450806665,-0.26979318020727744,1.2946499243206915,1.1395090852038305,-1.0186537813026597,0.3227016673129792,1.4422966481699737
1.8680329249591097,1.7872917230881105,0.7004970631581634,1.2552532418019384,0.5030892533366624,0.5796602587576986,-0.056506124659208,-0.1679362918748115,-0.6380301656523745,-0.876556107071206,0.6289391096964736,-0.1271627962941314,0.2872679291207924,-0.0379146781327695,0.0985260249053878,-0.200444982677225,0.0179725793683082,2.6980404568174263,0.3116342988074249,0.645296958431043,0.438023605328097,-0.2628168232970594,1.293989213291668,-0.2911637704263413,1.0550545489425514,-0.3342069980664487,-0.9599725191440408,0.3653962082361929,-1.104668356102107,0.5356402250166092,-1.1941586560913169,-0.3190080304728533,-1.4317296965247417,2.8241670094027294,-1.6539595596163144,0.0098137403964043,1.1433042743300137,1.0363859085870253,0.8513421221731372,-0.3172283882214755,1.351088946337002,0.9133910908021826,0.2122996176604765,0.2405807577265921,-0.3039226476153726,-0.9096520258330384,1.2371509754787164,1.3122079936015318,-0.8841091410299213,-0.1537851651461917,38.27107552848946,0.9659220079595902,-0.26918613168138894,0.23696141571204274,-0.22019462700795758,-0.9614883696555376,0.26853398646480875,1.1535634286598602,-0.10137825626420019,0.7903785250428523,-1.704868601730616,-1.1638577177598246,3.01471170930221,-1.0782181701163007,-0.17168507736928265,0.08823575388594865,-0.4475971905164135,0.11159971690151374,0.3744412244518318,0.7526995710756373,0.039460580464104576,-0.4077270172686185,1.2713334395850988,0.015030036910796848,-0.7751476444510823,0.3409461235169334,1.121827491987481,-0.19966367418641573,0.3692995140377083,-2.02628351136724,1.1105125515124403,1.6529956688486502,2.1673603787432,-0.6249099624230801,-0.8789920131961103,-1.0303076505733457,1.1827590192195223,0.22875558021718137,-0.7374053455801753,-0.028526458109744773,-1.2818521573795725,-0.42364400961303694,-0.6670652825297668,-1.4424544578939948,0.051502719973320316,-0.6894983102069558,-0.20413617748976157,0.47902687132962074,-0.7099652740337309,1.538812212756033,-1.4554559368513527
-0.9112800569029584,-0.8544403103650927,1.4844340384402286,1.5970768524034789,-0.1512990397697074,-0.1789482346461407,-0.9891545179929868,-0.8228275609966094,0.1126366818256403,0.3760804970333243,1.2803520208371355,1.5414571948322535,-0.8560848720009113,0.1112685191674894,0.6742483084247656,1.516347465799197,0.7184902973171294,0.2909134015923317,0.6665425319826307,0.6737688343362598,-0.9277142922843684,0.1927987925062688,1.4591609941886914,-0.2073567686940046,0.1294466425474442,-0.2425164495260219,-2.313859495606875,0.0205901772346791,0.3017919306528727,-0.512493390880902,-1.154636948884728,-0.8806064597816493,0.7641876161355642,1.972524773046905,1.3824333409054328,-1.3443460048305518,0.8546273105507028,-0.66316237580929,-0.5822670625087771,-0.461975597971284,0.7060669498554304,0.9592533764490382,-0.0980310712797879,-0.0810707410080247,0.464263743235793,0.5679945395242418,1.176225706758529,-1.284371975509199,0.02002733980403,-1.0680243758911776,28.529534780516236,0.08205487115279775,-0.08613844548336394,-0.4548203158884532,-2.0678547264359923,0.8308523242793667,1.5130092660039889,-0.5186079790302947,-0.4927727282429369,1.3005268585960061,0.07393278703050211,1.8316222846583865,0.6265947999958954,0.3770902204267797,0.44323809808521286,0.9739051199932285,0.6518839479369677,2.3716035801677697,0.9012067804923078,0.03752326159319303,2.207998653330968,-0.31122089750855303,0.11545346562286796,0.6200836816119566,-0.7006263702385763,-0.2519149328711576,-0.19658939694433109,0.7445296083014029,-2.172729523202664,-0.7634236328562302,0.6037255754575325,0.8287049876070091,1.100661847549999,-0.2177675245439617,0.5757967128909325,0.20461822559046108,0.803280035971742,-1.2929813522351876,-0.7866299715542499,-1.3065936064563095,1.4794614334697658,-2.2029309113576905,-0.9145649199926179,1.2692806778651264,-0.44444133933559726,-0.6979916205382681,-0.6340823478860038,-0.9537447835110242,-1.4434144362585513,-0.8157598097246371,1.1316858302507236
-0.2774956243776487,-0.0082597199038226,-0.3606459210280189,-0.6308992076192073,-1.3314013563396612,-0.990830683933003,-1.1417624275159437,-1.1650573584275357,1.1312372200050091,1.265862834035627,0.3082896026381933,-1.2003382254937167,0.1991889868116739,-1.1219104135185367,0.0411939541862769,-0.3433485010991792,-0.5941668829800706,0.0283023590599768,0.6772619008186418,1.7754569181000432,0.5509849376448891,2.2779898051045526,0.2009250370235521,1.7838873299188238,0.4355840876609468,0.2397895817616034,-0.1682279953750622,0.2991009577021073,0.4315784989231643,-1.4174527938526182,0.7000540538274891,-1.483993812663502,0.7011713536731663,0.5989534311169562,1.421247525758152,-0.8621024879207937,-0.9871025980590088,1.1072585499312386,-1.0748392572865098,-1.1732333079514552,0.208617909402607,-0.0466915429579919,0.1553553355335654,0.5377267010484975,0.5433103079752898,-0.0778728603033997,0.0481532865236159,-0.0669852689595713,0.0352743581476697,-1.387448904005148,29.831896379695245,-0.4873950239211477,-0.17901196711748543,-0.8024927332116473,0.4520333445857688,1.3924721629425727,1.3965968915812639,-1.0780621499637142,2.633537940031605,0.1634054740224038,-0.5807681067504609,-0.7332650934863538,-0.668751713577545,-0.3551165654431084,-0.00480518632728754,2.0548546198131667,0.4472521554922508,0.29969555555109145,0.8458511844690035,0.6068298722825746,-1.2967326974200395,0.151157745253608,-0.7806543998559737,-0.464471939856346,0.15565419709973197,-0.11227586865016873,-0.5230404296165858,0.018539945289034115,1.3290720969940957,1.095639338082413,-1.3033096836080165,0.9370267314088443,-2.136898129362142,0.8295492202251548,-0.6925857199104988,0.6597224693877705,-0.4126901596808782,-0.22304411329846785,0.07638440758894635,1.0716639795447496,0.6744654244910979,1.333961392289332,-2.9982071584904135,0.5107098709589695,0.38205067755333055,-0.10898123136589323,0.88776025567464,-1.146614981730292,-0.038905100420539226,-0.8446214651010399,-1.6336642947203286
-0.767799616743906,-0.6565338350477512,0.3204035206097007,0.3134681958951615,0.6898494276585421,0.1400539068326443,-0.0223479505646899,0.3668666346567709,-0.5519570147842944,-1.0252548425255648,0.319267520795661,0.9046884029535908,0.1509413542027429,0.6200135746549539,0.4173783621434519,0.2544561446868257,1.10715590916468,0.1565054538442701,2.285148572217705,0.9605315728124378,-1.1395406977396898,-0.1765497089829823,0.3970775994906683,0.0444968357120369,0.6868734189721679,0.7970167048338735,-1.3595869857989646,1.2810775447164946,-0.4968174654860444,-0.5959045058647572,-0.5991223927055405,0.808576405990583,-0.267067698147786,-0.6635516443377074,-0.4239591574435372,-1.794691658915877,-0.8421637639514868,-1.2395835486530995,-0.2691693304958912,0.6641932702735924,0.553875900933227,1.256750497546583,1.0339758172966207,-0.5285967149183771,0.0190714007537131,-0.0325560942214185,-2.151052682721887,-1.2172595369097443,-0.1672866771511124,-0.1728964351408084,63.1031926399995,0.40382055867930544,-0.7318770856302171,1.298811324847052,-1.2400602924705844,1.175283107824049,0.4146479851047827,-0.6366700950057121,0.5317448831256588,-1.1956237708552124,-0.25808070986405085,-0.6698033580758616,-0.2246229235914776,-1.299637669862416,-0.5937615564013348,0.5825450545031773,-0.00798120435170447,0.2632459217265814,-0.3421465631234604,0.9623165788801443,-0.03235275367069412,-1.9714812999899154,-0.2635209201591318,0.8475803182091776,-1.101681879928681,-0.8370200964411151,-0.7419089996448037,2.565841659244398,1.986410576273252,-0.012836158405151399,-0.4516260887061294,-0.26420463033316927,0.3225604959975529,0.9267084730097143,1.1089802385271024,-2.0643909640288443,-0.37491967205057475,0.22021318514480237,0.9747256009057284,1.3258207169727854,-0.8930786006049823,0.26658333542841856,-0.40471705118231993,0.3780156477602202,0.8223340695724903,0.7030552015900584,-0.20625010944675237,0.9907993854841025,-0.16018356623500876,-0.1868153704650658,0.3618339101777725
-0.1855035290361907,-0.2161579443051606,0.00082133677946,0.2883395813100611,0.2075282778634226,0.6570445375687702,0.624920464102357,1.028115457360709,-0.9396155812790264,-0.8678063580349158,-0.1752249666305455,-0.3524527035378575,-0.0012250383082545,-0.9052561597764432,1.0054953203063783,0.8340275687263308,-0.1738135128917204,-0.478366716587938,-0.5793574933451994,-0.3101449950106793,-1.4002452287511766,-0.9596073122118406,0.8601203919849665,0.3018124860758687,1.6342744859765308,-0.2991951501693214,-0.3615132271068674,-0.4078989245436482,-0.3191644832181686,-0.659954013146598,0.2709882146871999,0.0291040671484112,-0.5099145018382725,1.2511489130189024,1.896582922486307,1.1665772055734005,0.558124013083395,0.761769726263774,1.856415517826335,0.7603193157594238,-0.5851858525992847,0.3922725266505483,0.6262442660633177,-0.9947172740359198,-0.2849308186431779,1.100391824055466,-1.8234927350495864,-1.250428545040594,-0.1764070536283277,0.3536795955057045,68.14747813534055,-1.0913904372934704,0.19541028499663293,-0.9809174429602977,-0.8943326230884198,0.23215594974203504,0.7511308478058506,-0.06827762263933808,0.18676205484824018,-0.22064275011577214,-0.1596851874882997,-0.8757235854998543,-0.8774547400031002,2.177052647488376,-1.2566472506290483,1.5798297187236194,0.9690405516353497,-0.717904892909212,0.531665595938595,-0.5492281394953985,-0.7628554421965549,1.3527398946610956,-1.3867682108376858,0.21811355504055643,1.563992154846776,0.34825822151413316,1.7592166035624288,-0.20990779110796134,-1.3124236755267384,-0.06820297252355163,-0.9753336776902222,-0.005267776652484927,-1.566801501069484,0.23142546831230806,-0.8323499145880878,-0.5321615134814498,-0.6575415838632674,0.6989758183447671,1.9588100681422542,0.7158715028435898,-0.3298838851601831,0.2785740264381559,2.766497489123994,0.42251814434160273,0.2864986092893359,0.160131152760603,-1.0468561799564047,-1.1563368995267436,0.18839031490654692,-0.6459105588325199,1.049612794970177
1.6179586944363975,1.7896480300954698,-0.2592720822205378,-1.0206529956418415,-0.0506675981909345,-0.2627639651916559,-1.1443825870173463,-1.249116999197676,-1.909317186094368,-2.2642117441876874,1.4450678864599984,-1.505986520993793,-0.3507482855596261,-2.12393140639592,0.0079467804387866,0.4661745966292965,0.3834757423296067,-0.6018680747478049,-2.144169773752266,-1.2415588790551513,1.2564755293389185,0.8789790881042026,-0.0913394478103353,0.1622932146245654,-1.0276187653123936,1.290632903910688,-0.7191495222609602,0.4372757629115905,-1.327901333936353,-0.1782067083429539,1.2484372719810597,-0.946933097519884,0.7493574207036713,-1.0807661721851654,-0.9019110312676752,-0.0089752742230039,0.9716401123139338,-0.2981856423311868,0.6185752841414097,1.1441352827365865,-0.7711485839087646,-1.5251655956600731,-0.3555154913850996,1.2730885007311403,-0.812657112774828,1.0149497386407458,-0.2625005307295918,1.7562120832239208,2.2454220534886216,1.031462513801999,54.53863167627708,-0.8170014392608941,-1.0626327774161015,-1.3279180716872732,-0.6694101948325517,-1.2031326020166928,0.6240714151194757,-0.8513704503128111,0.4726630560767134,-0.7422480135662024,0.4300656871753184,1.1484459565337237,-2.4045495258503897,-1.1246550393159365,0.16851340233342924,-1.2120566517265619,-1.7001760126188237,1.7092071543529632,0.4565998486985019,-0.8354102823918249,-0.4948286054196252,0.4142175849508347,-0.11153361619350736,-1.3769616544358936,0.8021567911628121,1.0504582803069586,-0.4522708391935566,0.3518154509138963,1.0524506316140432,0.04522619064655778,0.1275682330539122,0.4056644571998912,0.15145007027714577,0.41420159943005663,0.350350320805497,0.037676204708587735,-1.291843267510811,0.1561053524822054,-0.17089419816686402,0.170414268811586,0.28398781971254555,-0.2320626885980007,1.2709411935773276,-2.232289356078517,-0.7003148997607653,-0.7585286987145928,-1.521833572450686,-0.3486100788429641,1.3617021199323263,-1.3502180969120867,-1.3235043526342511
-0.4744761707438094,-0.5722584109937714,0.3556772451247554,-0.1242905545777404,0.8106067760958019,0.8371449546038817,-0.3763044235140291,-0.0081414155769991,1.4990316054819934,1.4463172457724982,0.3575586457302603,-1.9165916687190976,-0.0113165833858048,0.1002619608621989,0.148602072547662,3.0137932827179963,-0.6311183737934328,0.8206642269566928,0.5232324522093772,-0.6786389926675862,0.8056694031809298,-0.1643209369308024,0.8752432175767187,1.9609626234217143,0.1507988906340998,-0.2811252290684511,1.051556183810413,1.3966531659343415,-0.8832575393920493,-0.4529570895380753,0.6754232718412619,-0.1320320104147194,-0.9543320129867868,0.5406948278953948,0.6714897157067725,-0.3343857558969754,0.0613487653312367,-0.576573068946119,-1.0952374259119726,-0.4970646066281865,0.0739323501759067,-1.4750892214692963,-0.4240129312521588,0.0878301305927387,1.1946599101248674,-0.3125923548005312,-1.245902350109222,-0.209660012697729,-0.5665693040900902,0.5521785550573632,49.48634008654723,1.5097713124596235,0.9888827373090182,0.6802653792954804,-0.2049350378132454,-0.006351556772868734,-1.144261431391708,1.2338172320892937,1.3791625881974978,-0.503504161887299,0.8469465017699129,-1.2534576132251245,0.3126509912073227,1.0921029610193338,0.3788336326894784,2.1597392606609995,0.20441437150141376,1.9390327007979793,0.21356119968924533,-1.7225600747524696,-0.4731215046093557,1.1228314454991277,0.17209287613183,1.0363849679305441,-1.1680869521078483,-0.64196636733248,0.6533143142145408,-0.7491526548670611,0.34909800240550426,-0.07142964623750515,-0.9273072539306401,-0.6064017622469376,0.09362786145530562,0.5320498384858374,-0.39020450596025524,-1.0667675546846611,0.6660248555449385,0.33040111100578506,0.29881422490814685,-0.0361435972205378,-1.6550168940722543,0.810893025754504,-0.9921847276391071,-0.20992298972844026,-0.5631622215089241,-0.006291795050064441,0.6954447363925536,-0.43962476653438176,-0.01643330920075887,-1.540820838239643,0.350760358110139
1.8884093903045505,1.900183732240772,0.0876150216199598,0.3654362455312525,0.6623333282439029,0.3198146765417444,-0.8162911585354273,-1.08013117613214,0.159543580779141,0.0191995056849281,0.3020575073274741,-1.268718048568389,-0.5453276457262277,0.7430637392688018,-1.8226155943267457,-1.411358893691444,-0.3726548464627804,0.9267152770361986,-0.2167480917343079,0.4609326354689073,0.0048149505118564,-0.14085208804392,-0.6537865637126828,0.8398256313139335,-1.2542678837424317,-0.2336570844098712,1.1461293380267263,-0.7642458974731082,-1.556337349959004,-2.116827556786849,0.6662746059520257,0.7336156117894442,-0.3442302206219463,-1.2710283559103708,-0.1460970392808999,1.178094468360996,-1.2692969162923595,1.0581744196723553,-1.6952290066195084,-1.136983660038147,0.1092770097505214,0.947652533715104,1.4716427030531134,0.9917565188134948,1.5522649143548657,0.1820604879296043,-0.6215879336540222,1.1840863691239818,1.3635040196975414,0.9308230597575896,51.74895265249189,0.4020344800469221,0.6233098066546038,1.1578148420240095,0.006868254939036984,1.5622551319504216,0.05729035445301627,-0.06466752999039241,-0.08338014443846556,-0.0946237926492889,0.14650920095844308,0.02245041227766096,1.7824542165573145,-1.4764636416218018,0.6953772364017292,-1.8614844505554884,-0.7901701308584828,0.852680375827011,-0.20331653382972917,0.1225607988278583,-0.711306679998877,1.6130357374638709,0.04572279568544535,-0.12890464877038457,1.0136670858668373,-1.682456030936918,-0.1895736954826558,0.8705355430382522,-0.50003867654928,0.9874897169687276,-0.670290580449449,-2.363179061041231,-0.5836949027619238,0.7110339802617263,0.005714110552789686,0.2361841552978902,0.8220617843060168,-0.03741064817386257,1.1862157344024336,-1.562234856650264,-0.08674444724533177,0.9379953450911961,-0.514685383424769,-0.9665753971147637,2.3599002133108433,-1.367005278394882,0.7597374610582138,-1.238494019014307,-0.2671293106425735,0.2324286038002629,-1.0462495298810175
0.2819488738090511,-0.1204650096547692,0.238566126142076,0.2562633787928664,-0.8979419856402304,-0.8629843227306353,-0.3730586676639155,-0.7950798455750742,-0.1530837330096554,-0.065316735869113,0.52423017995203,2.170452178944556,0.4644674697235597,1.150136803679616,0.0660942462989759,1.6780556004525953,2.398449285588069,0.5310851309759498,-0.9926590154515812,-0.5488050227771684,0.2819343032051621,0.4564980352506458,0.6984251343843719,0.460197681230041,0.0069849162559386,-0.6361984412021287,0.4011382612642294,1.8549873574806568,1.0199286054277548,0.534703949636198,1.0295669238227512,-0.3710640289008525,-0.5082651460833204,-0.7477851043659819,-0.1252866227694379,-0.4220058967090802,1.2082747406521392,-0.4753234176821889,-0.8027217162249164,1.942577178830632,-0.4513752310813436,0.1535284572503509,0.4513228247434116,-1.1366931189208151,1.2354837695030692,0.6371190404112276,1.5583840118807817,-0.6792219372181003,0.09912579247616,0.0393557549941953,46.385595285298,-0.347526733772955,-0.49346281636401584,-0.451409657600639,1.0844795830730707,0.6184883804564755,1.0742472339446603,-0.5555693479479282,-0.5899092978657563,-0.13415564209226424,-0.32046254975964383,-0.2656218217805378,-1.630557202247304,0.4565023351677955,1.9127268503065222,-0.5038392538876806,0.9180314686799862,0.6538332230623791,0.21156483319424793,0.45209728845068775,1.7301718049856214,-0.7405637783370573,1.330157225136864,-0.2681227090178478,1.2217081395199536,-0.303114321516715,-0.24363005571793026,0.30871839419384045,-0.45337242062983774,-0.6189896144478633,-0.9011549513389546,0.3964669716288463,-1.027603143173384,-1.0714193917120802,-0.7005269906110326,-0.11782971759325418,-0.9260524618792649,-1.0141980701800475,-0.44893645002908195,-1.3547416592922763,0.525545680190085,1.0379708957043694,-0.5210292768318966,-1.1106135266653414,0.9485140803534553,1.1832613194239208,-0.41304848883482537,0.310208136245163,-0.19950520536929126,0.7150431070145676,1.170315725601516
0.1692395634263917,-0.0522660379709747,-0.0540778493004937,0.3444113830340315,-0.5577074816484777,-0.1605336015571754,0.8347624346900867,0.9414568987003744,0.7056556992382529,0.8697050714920936,-0.9740935544852762,1.1416281734269462,0.579509315637012,2.0248786093294457,-1.1544239502399063,0.8625665012473802,0.5491065048747981,-0.342027200248056,1.363834880203104,0.402345148424548,-0.9368930284616538,-0.1183390162744095,-0.9488588071031128,-0.4685157153855137,0.7038261535397329,0.9892740452342162,0.221212333789365,-0.7500748765895321,0.381608420395357,0.723399637957637,-1.9721117452397177,0.1164787750309172,-0.1901897983993311,0.9537112554095722,0.3856891648614989,0.4843517014727856,-0.4819109663809622,0.001651717132436,0.9436849698038882,-0.0648797329702767,0.174669555731574,-1.535957298442066,-0.0685400363272156,-2.0119999681061094,-0.5161448693582567,0.0635155577268992,0.7670307944845707,-0.999159943451976,0.3736841434701021,1.4684934043621285,58.009326428048475,0.8291386845852685,-0.4449833213738596,-0.4360534876498796,-0.5775300935075538,-0.2074775226838726,1.5261863173616617,-1.3013435268355793,0.8442832280974177,0.4121091610202864,0.024763538095802742,1.0365155835044346,0.055262595879017724,-0.25056036861869124,-2.173768904413992,0.560652519578775,0.6870670696361196,-0.23476535143881708,1.96754074619586,-1.3236153984890395,1.422560328842514,-2.4943540007227973,-0.14913383106290795,-0.44266746064323714,-1.1421147369186135,0.7562867286022293,-0.764749700205723,-0.3389680508233362,0.6544783129101075,0.4193460736613444,-0.2397533247641409,0.9613664880499276,-0.5303319007472351,1.9172103890413,-0.1786064354098913,-0.4485906214500624,-1.2318587110719776,-0.7955126936948659,-0.7830847248349347,0.7504960325257349,-0.7443711598045819,0.26872299878292705,1.3985322446780686,-0.48787760068237834,-0.19785795186096838,-0.5059640909787979,1.3213248613799733,-0.12381534259560323,-1.8533495120693815,-0.7011642221636102,-1.600081471014645
-0.9913923494563072,-1.2119662300897538,-0.6389617476895022,-0.8331764591109428,1.642015160136369,2.154750289404773,-0.6881503451777238,-0.8674661981789356,0.9817654869915944,1.0804076092941417,-2.499405714873573,2.2909425725907417,-1.389572466763596,-1.6453987469568918,1.0225704320096405,2.439752406339273,1.3842728185105182,0.5639091200523596,0.594754341665286,0.8534155587803077,0.7589285897867651,0.2811914239693758,0.104201103951876,-0.0625931278995224,-0.7539645888666763,-0.280675076866774,-1.6929568141953857,-0.0983396267947498,-0.9885911071509176,-1.103589317215771,0.1798941511534784,1.392002286344599,0.918316606002313,-1.570500603623177,-0.9896281365703375,0.940771187988216,-0.9824873935383096,-0.2246331499970246,0.5500520990245519,-0.9683444548636352,0.1053755061459599,-1.3340254949182044,-0.6013676439512137,0.3197819341425369,-1.5929937335316693,0.440474737960399,-0.0196377989266812,0.5524899544171478,0.2239141340646614,1.3641404299738442,72.51064796921574,1.286974963849594,0.2755105623482531,0.2825435261067931,0.4801461362223696,0.6286252328412164,-0.7206396718319498,0.48444660527893796,-0.17494456600131203,0.5573042937804867,-0.3392369672596214,-0.5636826623316449,-0.7069047791375971,-0.6290567313584048,-0.06771719735270462,-1.6052170156959435,0.723348218864005,0.3913375808446224,-0.29502735211415737,1.4203798480283505,0.4026445114641222,1.1463660752968312,-1.8939935928422165,-0.3693636189282429,-1.1651666157588243,-0.421030345862495,-0.9702994960940159,-0.8724380986016776,-0.03995079760345853,-1.1446176648765949,0.07142498043680509,0.055201753795182745,-0.33716055142808665,0.274003902442758,-2.5617515620580185,-0.8644916117566375,-0.9365367870263103,-1.322796752239192,1.9484253341324134,-0.18077509273742426,-1.4798553430192238,-1.3759751853157975,2.2245343387712104,0.8254521507811602,-0.5741608037981262,-0.45246181143500497,0.035830944414326875,-0.637815766438833,0.6834652781834198,-0.07051869299831703,-0.8924730851638318
0.7783610761666377,0.5678351017715807,-0.8181988834223072,-1.1339658243889306,-0.1701846225249284,0.2283291757366373,0.6963874474567153,0.456982063586565,0.0884068862918473,-0.286593237572728,-1.141689114133505,-0.1936594592797181,-0.7168223206028049,-1.86653661707306,-0.0826806858426992,-0.1217475083832835,1.513449743242131,0.6308116845547775,-1.024186824329205,1.8540925663341885,1.221033695525353,0.5820977034686158,-0.2264840988498319,-0.9594392367234796,-0.372206776071053,1.088748619704186,1.884586305934609,1.543243528272189,-0.4888494217862741,-1.1196174332890112,0.1408862469112039,-1.7684393655628516,0.3231677141847814,-0.1476025862986686,-0.4660365018682422,-1.5947030672667954,0.5136001065697166,-0.5327008396619114,-1.169916835710288,-2.8722622132816493,-0.0275149050506362,1.772251596669744,1.66125921454787,-0.4570962565862718,-0.6022120603617805,0.4687742560750237,-0.9983854391882916,0.3017918998194659,0.7660802783846903,1.2269332238843076,54.78546143641073,-0.4446375582456402,-0.7985453156061825,-0.7078526767431832,2.7308672332235675,-1.2693952066156047,0.5288313018130198,0.4616662947113632,-1.0698953290805033,-0.13414517626645758,-1.6425533536331212,0.4152725791132739,0.5215025255698525,0.19674232376570605,1.1917378358214277,-0.9270500919253337,1.6453818327071346,-0.8351576048625073,1.2065874198042088,-0.822335471352724,-0.4743518948893711,-0.28638267017338714,3.544065010959781,0.2296353150738254,-0.6104131458981339,-1.4975489611601611,0.7399207602465501,-1.309422299601324,-2.5942091573068455,0.7410992282667114,-0.21326194401298093,-0.5959074408130466,-0.1317048459346119,0.729832112840642,-0.8129224823594956,0.2734077897503936,0.1102446321191789,1.4986923173282682,-0.17976763432824605,-1.3592247772616144,0.1986435513874016,0.40517254459739543,0.08979608698994405,0.28719327787279425,-1.4389428634499404,-1.9461488609145319,1.328004885771481,2.0851869683975806,-0.15079247496042736,0.18496192708549483,0.13137983491836477
-0.7424448597125031,-0.9499736667092424,1.4766934307459842,0.991905848086,-1.2639407698251313,-0.8498396531484921,0.7827480712298537,0.7529922861585123,1.2581668124839105,1.3755073807901472,-0.0617589236963551,0.0431440196404616,-1.841759705183224,1.210226724912163,-0.3295173486703108,-0.3999567392763488,-0.5498536065274171,0.456697562490096,-1.1286930007626592,-0.984172781712544,-0.0525251016993531,-0.6265133315848681,0.3352335733730818,-0.5898892793661827,1.5950362643755869,0.6934575067844043,0.6808862123789485,-0.6049617538213081,2.4056796744394484,-0.4390110142743279,-0.7138102772901164,0.7067425969553479,0.1952281329403311,-0.8183843092411778,2.195847162088581,0.975599498192838,0.0040053012679389,2.401110131083261,0.8107801442882526,-0.0119009697928932,2.281437645176928,0.6589847334742065,0.6152452623203697,-0.3863476271605023,0.049413485699647,-0.410692995864215,1.4397357460414526,-1.6094141434174631,1.365870433064848,-0.8773425286979435,26.51989316420917,-0.42740794244947544,1.8119801241348714,-0.7817125206119687,0.37735070276322974,-0.6956713778482021,0.1508702132775345,-0.7922089061846919,-1.2646864317560584,0.40346891810791735,1.091946171289575,-1.1712161733772697,-0.17233015672456595,0.06225985632933222,-0.12452242443886458,-1.0859225292896342,1.1263475324349776,-1.12611397577874,-0.6196364239164643,-2.103500091725501,-0.683233042777688,-1.1331684958720607,-0.6906085414833233,-0.987579995165302,-1.4152051197449083,0.7632428489193804,-0.9929224800300693,0.4187145588757942,2.073014403003523,-0.32137110185219164,1.532906465411626,-0.33069614544277387,0.10543390613686206,-0.7618042487351302,-0.5876116834101616,-0.7634876247136259,-1.3819773746726571,-1.469240580740372,0.21733684768254632,-1.4053404471049296,2.2082504289968408,0.2674330349504143,0.26366934468270115,0.4374746644216136,1.1282334261578777,-0.5066970968393757,-0.9573676317161598,-2.4309326470154935,0.08033176151922583,-1.1052340683795763,0.7114737873829802
0.9261775475316414,0.8535685848027967,-1.3985675738191412,-0.6044947897975069,-0.6506425691218269,-1.060323378588077,-0.5923939242388692,-1.1936712938834972,0.0485216279448269,0.2827333517161493,0.2704568257798388,-0.0502381094491369,-0.2389480468664097,-0.907563662041598,-0.5767713305683327,0.755391225825756,0.5009171876243808,-0.977555244798551,0.0993323054292258,0.751387123371789,-1.6694052811213718,0.543360192379935,-0.6626237589458467,0.5705986685931593,-0.7632591565425169,-1.804882100664519,-1.6275424378831629,0.0480849466613819,0.2597225017214818,-0.9043166251044086,0.6385924587773739,-1.66152006226896,-0.0660797986473165,-1.211016199762457,-0.6518361078021592,0.047398671316414,-0.8604133652839524,-0.3845555442298253,1.0062928092144403,-0.5768918695231487,0.8356921120651418,-1.129706854657618,0.5298041779152828,1.4415686206579004,-2.4716445001272893,-0.7968952554704768,0.57707212718054,-0.2030453860429927,0.3711458733713088,-0.6039851867158206,47.68160290464222,-0.5526457733470056,0.35792572869176864,0.8795925879863657,-0.1804897889316338,-1.0841913910223249,-0.11787406458159562,-2.2363290283141453,1.5292965508395333,-0.5493598549354416,0.9034388624878038,2.2739410386772008,-1.360054654417601,-0.8124651836820451,-2.33817245369327,-0.31022100724973456,-0.15742133377341097,-1.487359916725743,-0.8813146623227437,1.4948228998923268,0.7418087414777685,0.5762996530405098,0.9687451087912454,-1.5686126744824473,-0.7802885344227728,1.4153481469983127,0.46251923959207825,-1.386879470527027,0.4331741859848042,-0.04098753284461416,0.8111069044531379,-2.028273040578791,0.5852508255422673,-0.18590069517566735,-0.07187652958566514,-1.7330137884913392,1.1278099799572492,0.9520877708182744,-1.6038669547973994,0.6349129212136558,-0.7132320106245545,-0.5486495621405001,0.5203926245593335,-0.4463327971520985,-0.7109032877644443,1.6823222129520023,-1.0797961458829073,-0.863364761768626,-0.20076493852699323,0.858860697014663,0.09271690243886915
1.4443434119799452,1.235305975856853,0.3871483160609065,0.1964184520989078,0.8264531108587624,1.0231471989439624,-0.8396083720406722,-0.1979948332730763,-0.5719285461984328,-0.7580077699103431,-1.18120117314888,-0.6226138999593189,-1.7890123905014412,1.007117823412373,1.2710300994311403,-0.3270734308637865,-0.297949364813223,0.4532219022828972,1.4744820073782556,0.4086107475639172,-0.6975419424751146,-1.6188225719864404,-1.1151262626634877,0.073219450312465,-0.6553275232007943,0.1949677059907586,-0.552924016236234,-1.0581464312944115,-1.177031631453071,1.5623545093732296,0.8889877491836431,1.7305179518279583,0.5399509007551029,-0.429991408614839,1.323340922489938,-0.0330680013617678,0.2208417702903523,-0.0428243790755189,-2.9469042192840145,1.6047350122948532,0.4910039459577534,0.32982306086851,-0.0617760622705607,0.163427820386131,-0.5972789358462477,0.6165793523072711,-1.3070983443991324,0.1860684324705468,0.5615734705711045,-0.198669133822903,58.60899431440763,0.9638503187153616,0.3932631513836775,0.6071311007836184,-0.7791516519282973,0.4695718183484327,0.35600262922502623,0.41076218957588423,0.13164456691928453,1.3147798255965035,1.9883339935805964,-0.23959232465370883,-0.9811037139497356,-0.8577388807870001,-1.2910395748499208,1.421582856672674,-0.0012678534874969365,0.4106739732747986,3.276399345113,-1.9730149999848399,0.3001509512361751,2.4635569321322595,-1.504246671044821,-1.0644655390996216,-0.4001245847187433,0.02001555011092398,0.0905839234814968,1.3084741692001631,-0.052010780817045285,-0.36217093885845253,-0.7830327985989051,-0.33322598736240233,-0.3125523090219542,0.37698370092659567,1.2931917687021603,0.022099323550935804,1.0679577442582933,-1.4594948960263467,-0.5238126045090208,0.8739744760317137,-0.6870450659553086,-0.8018560945434515,-0.01585513388758311,0.3762977791910654,1.0537353176489332,0.6115210937041258,-0.5136493036810069,-0.5767478254688776,0.12738509982699775,0.21190033541756872,0.49514064846765027
-0.5717915981724959,-0.3474736206949547,-0.3370014543602077,-0.5020125136200116,0.5473925660068545,0.2364611999836939,-0.1837260521484019,0.1221904123037599,0.9582725823148271,1.2294032190859148,-0.5086954667974974,-1.0216179545061546,-0.9095139925524632,-1.3506057433544534,-0.7030638025129891,1.593565011358714,0.6909073425043566,1.2773463422452191,-0.9501507370707676,-1.9477307682909728,0.3163819989792578,1.8535978941835616,-0.4853357253354296,0.1018163552823324,-1.5695351562232418,0.0282064237401518,-0.1249877853138573,-2.093044356410081,-1.037336360298614,-1.1167301326664705,-1.5797265171330634,-0.7248546835600852,0.5087703666647688,-0.6331824582332768,1.1484892700483431,-0.3627596630524126,0.3262181682959076,0.4974796820429042,1.533879961225971,-0.7161099450803411,0.4423595074883226,-0.9466267525569398,1.7220956880944078,-1.039688944140981,0.3836762291566474,1.5594603667315523,-1.1965216961696974,0.5950972067405348,-0.9927799673623956,2.32836445173888,49.993958648500985,0.9735574475201241,0.6814450803572858,1.3111588863181052,-0.19433154542032846,0.7141034997200926,0.21799741066613734,-0.1868033912610023,-0.5895673839924012,-0.5655112882176463,2.280499306477608,0.008763484885367153,-0.8303005319842076,-1.573914211994401,0.3285698496773193,0.01682506628781065,0.6009383807117264,-1.378374472320688,0.5400241969892433,0.9641787733834252,-0.14482595359958514,-0.10890649513833205,0.24521217346835436,0.3817178508400354,0.504152361376481,-1.605790859981598,0.7526385344792369,-1.262845249768365,-0.7184232396848437,-0.23565340051520234,0.32560568144342206,-1.1150848070752997,1.2796484346719947,-1.804407722497076,-0.6977305159963834,-1.239023260309863,0.42434494386140187,0.767439127001189,1.8871389599922743,-1.5339193555362345,-0.20049376535647676,0.5430383607482107,0.2819842426944233,-0.1990496153407668,0.8274648012495125,1.108997119123672,-0.399564369060038,-1.3583772685040414,-1.311758544475317,0.5244765096507347,-0.5492166407779563
-0.1999299231184167,-0.4695880095172559,-2.070273544513395,-2.252262534664757,0.5136752157933061,0.5236007806273095,0.0746280098168473,0.6037116528734668,-0.7295729332203905,-0.7795905562970545,-0.7106919924670108,0.6836183119363326,-0.7349518768353778,-0.9029100070479272,1.7679286668395335,0.9607400118240352,-1.8615133606592005,-0.7647682898525335,0.2424629717227108,0.3237550672314934,-1.4904928657368934,1.158565492822322,0.8252244191816259,0.4819016320403386,1.356728490712121,0.452289992570918,0.4485808792518472,1.5576792718222423,1.1012195807277088,-0.8415074589115312,0.6331951786719153,-0.664267864958582,0.504154550950278,0.4766135070198144,-1.383467312455986,-0.1218456113110352,0.2652570235804022,-0.4362901909941569,0.3147099423907597,0.8058977770010688,-0.0305930642307556,0.2245994767082595,1.383424078555975,0.4731965832252261,0.2008242896744736,-0.9580793796413608,0.6710260113888488,0.3301499493919385,1.283739433701408,0.0468785433033113,65.73583006421373,1.385903321291099,-0.5794632740700703,-1.2525890123654957,-0.8862203436094058,-0.15382602719836666,0.5414075688725882,0.33607116792566905,-0.23433491104206355,1.197186484622428,-1.1760201322527604,1.654754358850542,1.3443182079872078,0.3055643843570512,0.2921972948833408,-0.4630639442340176,0.13617467474782943,-0.499635403112483,0.5675134612896133,0.7211195208758526,0.5411930073004309,0.9511163073023188,-0.7945458080713664,-0.1619381465632616,0.08122550315024984,-0.3178305420195441,-0.6099539105905558,-0.17837491960827281,-0.1889605036664311,-1.004726227645455,-0.7006611020632972,-0.6996416220674734,-0.03823850767809254,-0.9011400512018701,1.4139851569978024,-1.6461963003787083,0.8097357497947946,0.9721281319000936,0.46280645918185465,0.15206265915339834,1.5697275392410768,-0.0758367202452196,0.04817330375311533,0.9491235890461854,1.352802149680511,0.1166107956322724,1.1510868603120104,2.257907698801984,-0.0010805572549957114,0.6799686647978321,-1.0911065660968535
0.3868085206892026,0.1542303866796769,2.012270445700765,1.331599564315157,0.2493085956417288,0.1675714181700343,0.1448878330968911,0.3604356369730263,-0.3514142357137325,0.1296482843196805,-0.8184286659420014,1.532367724678116,0.4998641237403713,-1.3993061748019415,0.3676492929914216,-2.100026507651624,0.6255080168310357,0.885231482988991,-0.5923559556520536,0.1235476959555823,1.9541574337502865,-0.5057467042619367,-1.0589075870566005,1.4816634024625988,1.9625871905307948,0.0036956718478473,1.0114630354083562,1.341475915530881,-0.742484232538384,-0.4853058353678683,1.230874513154735,1.6850142787085094,0.5628808601743548,-0.8798143535020543,1.9870611116994408,-0.5309708978119645,-0.3351377811714517,0.3423378344896214,1.554160420714774,0.8539759765522237,0.4148655003619104,0.4632885301181062,0.043514668643466,0.5581395145185063,-2.529560077694303,-0.2966074590697983,0.241321934916781,-1.151014083619507,0.38632331781156,-0.2044712209861215,44.44154604266858,1.008602949848836,1.0890099817847738,-0.5024624869106167,0.2686614266837726,-0.872929676739566,1.441716760950052,1.9571745336396382,0.8074447180083516,-1.4760670917717218,-0.3353999203788284,-0.5866727743052094,1.293259276930151,-1.2538048271000084,0.6725196983410208,-2.8843243671782015,0.7051733219097177,-0.061229375201977056,0.5952277718342022,0.31955410121987704,0.8910705409104919,-0.9875027934694685,-2.8226349582445267,1.1131931245769775,-0.1480215065346948,0.15153888082527078,1.080144166520095,-0.881541272073833,1.269187258851191,0.3292500621593337,-0.395123928280688,-1.1656832736504297,0.9244908185733717,-0.7252854787770965,-0.8614186380975557,0.12952207826988577,0.058755387939084004,1.151985565847456,-0.028681658637313222,0.3878877170798863,-1.6524045853927698,-0.3901206894213935,0.47796997759923515,0.6956595442991098,0.758839056359829,-2.620157187847513,0.2933430900455739,2.247356908849594,-0.6040322904454045,2.4257629980549185,1.4646126836464202
-0.4691712569993284,-0.5321625598043858,-0.4511853151981305,-0.4286463151230216,0.5580993724067077,0.3448919008394204,-0.1403733356114249,-0.1845432800782999,0.1847586468536697,0.4221324572993499,0.0744352305090618,-0.2723057509904112,-0.1522232546798239,2.050940379798099,-0.3604852267072045,-1.9344330876171905,1.0158261447343475,1.007955901802008,-1.978940173796826,-0.7008996212080673,0.4358105568465231,0.5242032612170667,-0.0047237634527205,0.0178253789332844,-0.9385878730831844,-2.399848713455687,2.0495073181835366,-0.9686672777067142,0.1765056900644824,-0.1588479956593362,0.8971975522735459,0.1148972134821584,0.1534409530919999,-2.6343182480089293,-0.8333390725422531,0.7446330465989972,0.6546682250719292,-0.9516528236172116,-1.578028582721122,0.1265793067229305,-2.906774048795815,-1.1486742523377629,1.7601610751553105,1.4450673288737683,0.4872493587651452,0.3073363144812563,-1.950170784524399,-0.7406672366491165,-0.2951685979657761,-0.7194137495011889,70.04371271882783,-1.6322180794285188,0.11453336621546396,0.2811795622694529,0.10354413863939305,-0.019749093534627345,0.7841275908647004,-0.02683184370905971,-0.29340551584204505,-0.38040725741084613,2.5115395968701426,1.6673823429386165,-0.31134788711269756,0.00397495651718248,-0.7810089435481842,0.4667552048385791,-2.2303204247730286,0.9952903995220314,1.4072997065345885,-0.5227749482165637,-0.15404003002697222,-1.6867577654495531,-0.28280999504254634,-0.06491273274502102,-0.48317329492491273,-0.809713307251726,-0.1411905820903369,0.03268623443857666,0.2616184345462014,0.5546640973688259,0.4791972032760403,-1.2809774344385265,-0.30448081739030786,-1.278636704557792,-1.108121964109171,-0.16290915628598213,0.46515399482691894,-1.0414664449416313,1.3937155644181263,-0.5836604573054179,0.7698241312706066,1.6724060321201581,-2.001736131354037,0.15981762272714956,-0.20984211000905195,0.06960207363820838,-0.7592426819265239,-0.6844594894144985,0.03492913375477898,-1.0245980464957776,0.4987648534898779
0.4556469100885947,-0.2139117751390538,0.915653804258344,0.7207011466683789,-0.9888723476355838,-1.2869116712646078,-0.5319315082920923,-0.2611281451471147,-0.4299001052078867,-1.2945809646076372,-1.2666319951066096,-0.9896509661643634,-0.6866045318482008,-0.8456893114465224,-0.2678987341584987,-0.7087782027214982,-0.8193415927345735,1.1584719964733277,1.2237936225131651,0.9492964983753156,0.5239989555843281,0.0927430657795522,-0.4970306906659087,-0.953157504755092,0.3629957034326874,-1.173630392546798,-0.9939209291753932,1.1529132562048097,1.900649041722087,0.3932951381664807,1.1064571522946445,-0.2458483174439833,-1.3376741860876842,0.612171618618584,0.5692893232700639,0.0716685538802441,-0.2423754581051113,0.962210578581098,-0.9857330334274744,-0.7737805788906578,-1.008106506760428,0.0849729626358272,-1.0878930121092585,-0.6842421805152435,-0.7057555622271979,-0.2606083323339582,-1.4873744464039769,0.087204992037267,1.2473036506646775,0.1354913723167619,33.26872482001963,0.28096432091819923,0.9501454709988318,-0.9256208497743664,-2.1622192209177933,-0.48657989067380747,0.31059125887270267,-0.5138386168427719,-1.4494197291774182,-0.3309781736136056,-0.040550615582234766,-0.41147117413796075,1.2278034334513466,0.5924779841207163,0.2598832349192977,0.7900154089781791,1.880803518793316,-0.5782201666209199,0.4078100146177539,0.5027972945255772,-0.7873259126880789,0.9139404693229914,-0.050065358230497604,0.8425131082361962,-1.307955749963377,0.5833722312714149,2.5916947213095622,0.026507179375304425,0.375374624448005,-1.330640153846021,0.6656499905839105,-1.0041124247584468,2.7437091693368596,0.10608271025834201,-1.8842162685219725,-0.866336617187862,-1.3001822433097072,0.16427876433428473,-1.6450972541397806,1.239733307978622,-0.47093319782633974,0.6715419334514876,-0.4794804554303609,-0.8012932506336231,0.01590761982389131,0.20121297085981218,0.011158911623571783,1.2687364571297728,-1.014962413228682,-0.8927682428617922,-0.4877349955728979
-2.6567739951139977,-3.0324818476103244,-0.2412037034756634,-0.1082003811103177,0.7542352785642843,0.421695883674808,0.4368247171923878,0.4489626917053955,-1.0222985140338423,-0.8483371330602307,0.0747922631858058,-0.6220020192279152,0.7271692217035421,-0.5222008481316952,1.2983700044467543,-0.9311594017501896,2.1319836495006173,2.0292973556024227,-0.0947531463153446,1.1461704509257484,-0.400428060508607,1.013286498231345,-0.1759783314567708,-1.285439898508484,-3.532818187678899,-0.2687134460706104,0.2790625086852926,1.3303164260362166,0.0366250321513904,1.0029101347175888,-0.4539415472215268,-0.3372789695314452,1.0540356825285857,-2.464674484669272,0.0129838289029158,-0.3999613495558649,1.3606112048522845,-0.52824629497982,0.5165849695700944,0.9215169693346942,-1.4925959941304103,-0.1393703082739011,-0.4316364340859379,0.9462932468295944,0.6750818408121937,-0.2332020300591821,-1.0474080504160517,1.03814669602009,-0.0676527765987815,-1.6183765656674622,64.99289789449846,-1.058385402847052,-0.19795312656833047,0.6416874371546496,-0.018558005766067587,-0.7961707046937446,1.8646250568230789,-1.1473219676483402,0.32584085214792474,0.27899179474847396,0.24421090254675193,0.6716981838212592,-0.17318383939617413,0.2080550318240542,-0.9458633078963248,-1.7000197678102116,0.061028583556320855,1.1132723127393926,0.8162218725571921,1.0484848737045507,-1.321115666827012,0.5460731718082676,-0.21888592365616666,-0.6928146080500917,0.5917177267819871,-0.9074611148997993,-1.61417633496484,0.444802998019575,-1.2491706196468906,-0.5963999059798073,-0.5874320142889945,0.6328186361090995,0.46726417503386314,-0.07408266206618958,0.6067846469543371,0.22894024389627662,1.3904794772046483,-0.6006433370426648,-0.4147493167088482,-0.34475201767868985,-0.3847000088575499,0.4345363395234831,-1.1833941744295695,0.2729899044904501,0.02453558675076115,0.8956391411630628,-0.4280517841485829,0.596541664204475,0.47856454040038177,1.6829248645598713,-1.6537523350828152
-0.2291246270097348,0.0349662586760416,-0.2561706752715692,-0.1527777743240607,-0.6669805191119142,-0.9130453879698616,-0.2444082862618884,-0.3448281092768773,-1.081904157198052,-1.4183739965994593,-0.948061994488213,-1.3866779670462015,-0.955592103639267,-0.1978564288259588,-1.3420578060448387,-0.137542467464836,-0.7034667924604149,-0.9289820588202948,0.3772088163731326,-0.6401256053139024,-0.4700138660676501,1.298006810000217,-0.9200556337419712,1.565874547592364,-0.3477911290526606,-1.136134632871965,-0.5539483410620168,0.0687749066223708,1.254503859840713,0.7988248085632804,0.0639068498357079,1.259955981489124,-1.8810370478674856,0.2494415300598541,0.309939726625601,0.322142467578984,-1.610151165988709,-1.0169124016784734,-0.1664744221577263,1.114791504961478,1.9152644957176617,-0.6644352515834226,-1.309846791971096,0.8157614364251219,2.614370011300883,1.1069406333011844,-0.7486327239940261,2.8611392932172115,0.6867996204689136,-0.7910132135916936,38.26698836797627,-0.5129143749714155,1.3172782267311858,1.2246270872263318,1.076146312640013,0.3389936853092464,1.109929595880336,-0.31242179149504906,1.2083478175735631,0.8618168032188236,-1.5211299516945793,-0.5726816401592988,-0.3266627584501871,-0.7231312980172583,0.2599579936436911,-0.06697235972252169,-1.62246533089256,0.9391589131441817,-1.0585682782565227,-0.9858104964754729,0.2506316743414634,-0.4657028346590745,0.24311334828371603,-0.4351422094022193,0.5693741568237123,0.025627672402025205,2.428934738076904,-1.5262789938349903,-0.3496302762267224,0.030013842616624525,-1.1048695867855087,-0.5097897289597362,1.6352986013166044,1.4237073100207738,0.0860224250408956,0.42393231161354816,-0.48735293921005945,-0.8866121875254491,2.2749884135364646,-1.7168575228553693,-1.0101667196162418,1.2184322813768975,0.690094797602683,0.24245270339136704,-0.2687459905037352,-0.03674030556591419,-0.8037581143300142,1.6561148928803573,0.02140532153797481,0.6522280816096689,1.223173117718746
-0.7576348720903119,-1.168219477414702,-0.9037967800843458,-0.8144321162678273,0.0025040613663185,0.3653667836194447,0.0967572679141856,-0.1769929785422128,-1.4654915547930294,-1.5170841788325955,0.5674857285689802,-1.0894192658759203,-0.3159785219134629,1.088183568933797,1.7951827631260182,0.4399152112491272,-0.1692532858276137,-0.5013980206357275,0.9107540987715476,1.1334063991156698,-1.1564357971176482,0.9104268159439326,-0.6070463017262211,-0.8595557739522429,-0.1536442035504281,0.9916132425623648,0.3094053248396721,0.2823316647908166,0.3524416539996809,0.4676580186903611,-0.1141512175264649,0.6318887653919859,-0.6596821959750356,0.6510076509455287,0.8569853478339888,0.6991365945669791,0.7510288316940984,0.4648656402301449,1.173442915342614,-2.271613783978662,0.8537459575651616,1.975457527157876,-0.6218954749588583,-0.7337298583625037,1.2863190129738034,-0.9267393394792822,-0.6667243125754525,0.1699485196977964,-0.7989512101530608,0.8750245019935591,56.87358455868372,0.17059420358086325,0.4013436270247898,-0.5833579722273482,-0.3991118522027499,-0.7579922225186737,-0.09239843860334836,0.16057734961564119,1.1414643179722508,-1.249395203059528,0.1502886315767741,-1.3560364451447344,0.057117840551174894,0.9088124113499689,0.053212197103539735,0.19300819033204694,-0.9137933515835214,-1.0713083276709745,0.9839235372444523,0.9763736729794835,2.1672459731329945,1.7062193080253947,-0.26950808672585086,0.009524157933607764,-0.6168485909917149,-0.2283220843383628,-0.12636599805613863,-0.7637026591789572,0.051051506743348025,-0.5986481381993365,0.08770349772433118,-1.1079252261948622,-0.6939419888127902,-1.1206755675459958,0.5475362192819941,0.2398285379235732,-0.1288008287892548,0.043855097699741864,-0.04996879081053281,-0.19464136458099254,-0.2489711584511615,0.3303788177616823,-0.7856072811244635,0.11933398707211175,-1.6232176949497985,-0.771791009002435,-0.0797417648976634,-0.10720471209814875,-1.2954792654238505,0.06902722349078531,1.2643543655031328
-0.5232994128655081,-0.6288729499351475,1.281397318018119,1.567689896830496,-0.0786193977354904,-0.4362558605915331,-0.9826401468058404,-0.8160607364997265,0.3087283275309056,0.0981263245101179,0.7625165805395263,-0.242063442694717,-0.2096588765975034,0.7657529400777828,-0.3721075910050961,-1.4395903984210534,0.8475469888901869,-0.6771410211975261,0.0668865600267837,-0.6265137559979094,-0.972501718348895,-1.8987217263414955,0.3391656551315137,-3.3939145131666386,1.2983447761622686,1.0320160935408762,-0.9095022020204968,1.588252910067787,2.0607991929342138,-0.2733164712061782,0.4109704405190683,0.1362696345298851,1.5136159813466097,-1.3926323445526287,-0.2273695727003573,0.9193978580606846,0.8135338751954009,-0.0428081782214915,1.392311072969409,0.2334783283108019,0.1137001833825271,0.6970430238556783,-0.0608953219258618,0.0502615665158887,-0.7872919957989238,2.93340299321105,-0.4734128761645877,0.7292444504683356,1.9087238494258023,-1.3428198638455475,22.96190115386654,0.8355653983499038,2.182507024177087,0.03859194022703303,-0.6528967724115621,-1.5663497329640925,-1.2171204023529052,0.053307420598760376,-0.5593299381372452,-1.1079830420429075,1.931940374759089,0.4145943505406158,0.2848252786236364,-0.40797147810125295,-0.8208600201629043,0.9646017573036937,-2.1293270511692226,1.1228254938852753,-0.23676055803754095,0.9308745119372439,-1.1106632699512438,-1.7644889696569042,0.06914981613654678,-0.14697698204713777,-1.1011551411244231,0.615854798150086,0.2228021017188606,0.9705474511521981,0.6965663434575416,-0.22282161418672475,0.43462240858194356,0.7540140713944891,-0.4471502783061326,0.2347483784081829,0.13162068898893264,0.2035247552148713,2.487200767392342,0.8138928135389966,-0.05688614954256105,1.3679694020252005,-0.9812987632552502,-0.7041057461622038,-1.564894919035778,-0.47586306313645077,-2.1550069168997035,-0.09920049916946326,-0.19085611049206905,0.4316085228765972,0.9463355628647137,-0.4780865301973929,-0.21746445303636536
1.1806409124521446,1.4285231544124748,0.0452227089999825,-0.1282530638596449,-0.501784192811532,-0.3613000650041618,0.3229745036176681,0.7100424494712054,0.5002404694365699,0.6586795977606722,1.2208212988130478,-0.8767737812118448,1.7120402840178923,-1.7476365098282616,0.4347700645568911,0.4754306825266234,-0.7955570679408823,0.4243939378610126,1.2795186697601588,-2.2168188393540644,0.5027448074908146,-2.493270820330077,-0.965664803523208,1.6291663649009451,-0.581782033392054,-1.1738799644089726,-0.1979377289846818,2.067906338163552,-1.831682247206026,-1.0513099116393445,1.4974316831796264,1.8577023435377324,-0.1034312242902839,-1.2390527025266425,2.095843501809159,1.5944423917491968,0.678946987762233,-0.81240234893742,-0.0490293408380367,-0.1603600810448307,0.3308513046155777,1.451001438131336,0.8794170411374032,-1.0773760769847582,1.3764964500195378,0.3131321400131553,0.6870657958589163,1.466540859278603,-1.1115802495135512,-0.0358255787064629,42.25890449541378,-0.8908433424510777,-0.36952161682223,1.4556186900811166,-1.3777007731168525,-1.3441144703631869,-0.9878306809204656,1.723465340067103,1.2691726564583794,-1.4019080677162379,1.2866258101035284,0.6399034009835328,-0.5554447928650015,-1.334160759004991,1.558183630762687,-0.724768458245474,-1.0902350801857508,-0.28358112214153597,0.6717424821918727,0.29305109092155535,1.0994690810340573,-1.2300300759220195,0.1701120016542962,-0.24036503163270606,1.5561044375270834,-0.014269177594557755,-0.6042894316091492,0.6585516020040107,-0.41581620987865425,1.6161017404900149,-0.6382888306167251,0.12897210781189702,-0.25213765264941096,-0.8800899873211465,-0.009197164050925629,-1.6053830270598055,-0.22000744910587589,-0.5951497782664485,1.179145716235675,-0.3454547476179307,-0.5423190856848674,-0.3895943705336476,-1.788388927204346,-0.6545419810780835,0.7588292682758264,-0.34226026490642114,-0.7656786179842419,1.4025460222205832,-0.5143412605706125,-0.23188640541701172,-0.660612791367439
-0.3502433349078643,-0.7720292975621509,-0.5418230612713224,-0.7698195683405171,0.7395312866837512,0.6695030128657385,-0.8402045788388466,-1.4484105816716335,0.0555921465517474,0.0722983529743325,-0.3133409093471339,-0.664853987102495,-1.0708302602147548,0.6091429242105775,-0.3378041189622544,0.6190189801473731,-1.1116273304811477,-0.6652421577496426,-0.2211830278467662,-0.1278670368162107,0.7543687259322099,-0.4305092895923585,0.7467422428108753,0.3749440085596946,-0.1068526100829491,-0.9512987964965196,0.75687526546332,-0.9263374673136506,-0.0212803801572788,-0.0539404429360797,-0.2070951426172825,-0.3893197229853143,-0.8220766949616712,-1.6169364373700783,1.4038047328403518,-0.4917234642572493,-0.1281120951174693,-0.1342273839339406,1.0956043372287485,1.93319422151764,0.1598474195886866,-0.1570026684569176,-1.1234570071594123,-1.4435884494127649,-1.773974929644101,-0.7958449595234681,-2.090854797313115,1.078829953740112,0.4230962439934246,-0.2516405146847802,43.59966427201846,-2.3247196614524013,0.2045493960907455,1.7992715750189994,-1.8579920416244045,-1.6032604668159496,0.9332324483156341,0.4990855654659427,0.21294997367162288,1.3201841971984174,-0.6099846215185434,-1.3158857423262387,0.02186574218222265,-0.28372750445327777,-1.705635950162387,-0.8753603610847972,-0.14224842863978576,-0.4989511237259181,-1.7151199546946958,-0.5379748780811127,-0.6755561593467891,-0.5428675947525371,-0.03517808877043451,-0.8721145525081975,0.24673045108693178,-0.1964917000792602,-1.568881293023388,-2.499482528276352,0.9278687654752137,-1.0181627854590918,0.8165545175655982,-2.363665540004127,2.4729999267680864,-1.7171401030675408,0.28442374045197166,1.2932370523496068,0.7394018150232046,0.3291710222650008,1.2486557538896381,-1.046878502776499,-2.4654939933130136,0.7319427134575307,0.4493766390248095,0.3223703997275838,-0.18092202765987037,0.5236445700358784,-0.7763640214625551,1.2495949332371197,-0.3586199493630518,-0.21248063518698887,-0.25929636872599593
0.6137708557899086,0.8362848174513495,0.1675701058009903,0.0378007527313459,-0.5395912207371316,-0.9043325247654074,-1.6320148850264171,-1.2844583007910624,-1.8070413949318165,-1.830716229786279,-0.0462612172663425,0.1141014922265199,0.0618833528871352,-0.927553330811728,-0.1902408444132156,-1.4974466686057486,1.3632289751322504,-0.303626072898001,-0.4888861190436912,1.5889403284440828,-1.2422465335492292,-1.125587114031969,-1.0962203248685651,-0.0678713816994819,0.4316316296375973,0.7396754681178337,2.571995317494969,-2.249432454200764,0.6087355891244169,-0.5571305725722312,-0.5864151488887734,-0.6197721282538776,-0.9087696708079732,1.6845248346034518,0.8422973270139027,0.0231959785573748,1.3510157524870003,-1.5125289652988756,-1.3307051313309262,-2.177967732194688,-0.6994145401232875,0.1616985267047529,0.102858577932334,0.1493419110598804,-1.4110568310660818,0.803154742614022,0.2396275182389979,0.7330542814659985,-1.892762177590052,0.3114908587977898,45.7867862829363,0.18053084180543139,-1.031576246870158,0.7458012510604037,0.8313492670632543,0.2475119165762044,-0.6303124792529813,-0.13480087150720985,1.2411473438787268,0.29760494279712235,-0.39631636656841623,-0.30705831890871205,0.7873225056465234,0.5867973779847261,-0.14162098301052742,-0.45649729846836173,1.5147146124944029,-0.2793532754133253,0.6301795923651135,0.9354573648487758,-0.4740315359130864,-0.35639700732060503,-0.1707758322020781,-1.5855620458659492,0.39696829132504247,-0.8028652402339286,-0.5283967720203763,0.37722958659484596,-1.144353208345442,-2.312187002938297,0.6392930032654406,0.9956243422557726,-0.21274001806560003,0.5878038540094718,2.1524861327973177,0.5574705280918698,0.5145324663418078,-0.9077499505561069,-1.3015463831853458,0.628208011796339,-1.7339123969769745,0.6248388021620401,-0.9287565596886601,-0.8576946679325813,0.9600391808954257,-0.09697051766864213,0.8145965765897881,0.15163477940817363,0.79821695357066,-1.4949782387626431,-0.2107875245785709
-0.1637427472912151,-0.0922119399336142,-0.8261699543891778,-0.7739089117353383,-1.3613578712477037,-1.4840320211830922,-0.113217297624769,-0.3212320835435338,0.8673995414892665,0.2295012190911005,-0.3765888748175102,-0.1275013186783045,-1.032675529017987,-1.253766331991023,0.2285720863275248,-0.7758714994462428,1.2323792000172902,-1.4623857318673907,0.4863532058246964,-1.0057392388170292,-0.8204484667720836,0.5391120652520308,-0.6758804361079083,-0.5157840675199,-0.8121583635515687,1.7850297916134417,-0.6174863110800096,0.0515522174327631,-0.2019136002810742,0.2214170617242611,-0.6147369469659352,-0.2008172345416501,0.3939520089939352,-0.8630071380029918,1.089321356628154,1.1854805190416324,0.6064926261587394,0.0698763835964833,-2.990601448204536,0.4242911326544627,-0.3913304052288644,-0.2462744114175397,-1.8973773305228163,0.4935884858741925,-1.4485810468269544,0.1184245459913943,0.9046574819098412,-0.4693281813175521,1.2160517252284404,-0.7469903782071803,18.659325108896983,2.6435715833985505,-0.5292982375462199,0.5934291731936091,-0.18147832957919605,0.15040543817616392,-1.008055477111948,-0.7065605788334728,0.5736870300025537,-1.0843712084571229,-1.1309002924942633,1.2007589615369068,0.12953963920604702,-0.6744143144101269,-0.8429055643243101,1.2844370527773838,0.4106745854198008,-0.0035057267586741823,-2.2418963547748287,0.5083129561625233,0.9149234801178312,1.4653547075286175,-0.8936535102956071,0.631016571988494,0.4401478606997584,0.03476901459326828,-0.36568698487245527,-1.0324649759681026,0.06953632308696173,-0.5987398123063147,-0.6528710359036057,0.072073392136454,-0.8234340949567343,0.6705989393347973,-0.4739381960231787,-0.9507909185327753,-1.332818630339381,-1.043243409174384,0.4279666733564731,0.25840171553463326,0.3367229815964999,0.44631343147647756,-0.1381804933322729,-0.2517702752648782,-0.37953889742192626,-0.9901388917442313,0.4234158554251784,-0.9425754319909965,1.0733801151386306,0.9731986969018226,0.7695369144946985
0.2162014085279884,0.3782023424106472,-1.3223652560550825,-1.2343316332821448,1.603965047869026,1.3614127097868354,0.0283482074588373,0.0167062770488085,0.696290548455716,1.1808175040335671,0.216255835673597,-0.7680650374313074,-0.5610406463635863,-0.2062986292586585,0.5574710623736896,-1.2473629726900457,0.0762403304227286,-0.3898621600630643,-0.9009292184662048,-0.3844915494916545,-2.321403263050222,-0.7575886740283793,-1.099486882075956,-0.2799160426007642,-2.279789822963933,0.1908927435094691,0.9094232964068631,-0.1172963722298989,0.4987918734043764,-0.512730556401243,-1.5546211237758736,0.0016913212856527,0.6803783769852189,-1.3243881256076575,-0.4652272763218353,-0.2471164009044167,2.851407645284945,0.2233711947198917,-1.905573578863777,-2.1528509018422097,0.7304988302637498,2.485031975996529,-0.280974484600719,-0.3408195920585092,0.4307741761975961,-0.7982964083451088,-2.544154620428673,1.0372643892756863,-0.6131821284018295,1.050117865821371,82.33784677611891,-0.20284621967015248,0.6186865478479057,-0.8537365346849118,0.7720215620034229,0.10052009450816196,-0.7580853266871995,0.2666727637833204,-1.5215968426326696,-0.44309487395607067,-0.8511631402497059,0.6001189507966102,0.04278290212432007,0.8781824149703045,1.8342020358562743,1.04384544217267,0.23286061196457572,-0.41504460043763486,-0.2759154704361769,-1.0159596631945673,-0.2552581566621963,0.04919793781076271,0.5944456040041143,0.5192603543577117,-1.202483698581293,-0.26020750135894166,0.18280171273074106,-0.5918228767052861,-0.09761487889845397,-0.3281596849796921,1.1301621858591637,0.7703739290740633,1.3009064535471864,0.5521186852449957,2.054322205562732,-0.011758058393880949,-0.9997430516452073,-0.324402919948115,1.7557905435329837,-0.0029312185062886987,1.262226753925343,-1.13770200192949,1.5828800453236225,0.5868679358583361,-0.0011495648046663729,0.5668998185387946,0.9436687296069644,-0.7633569134830759,-0.46587784477974814,-2.010657325280877,-1.137859635100625
-1.0154626260364303,-1.5924977659581867,-1.0673185830543928,-0.7577184484093623,0.8799524810632625,0.8863863111128862,0.5558251736336192,0.5727812526605259,-0.8016217753583335,-0.7228572568153915,0.2399966717186017,-0.3652753895838924,0.0946198977847677,1.0606458181492784,0.3918506029578167,-2.157802092700347,0.8912278712918772,0.8146387134625491,-0.3790646796405542,0.116748293219123,0.112739751159332,-1.9794595759767684,-0.4016703090941095,-0.3629770779469078,-0.1587268688532955,-0.5258477638676445,0.662841769223382,-0.8091288985646569,0.9100771660235524,0.6157420833970998,1.3604183878015916,1.7337990341370535,1.740451821415559,-1.1856179643680285,0.3441858355951282,-0.7177862563134088,3.280299589689118,0.6140713589847901,1.416311989693794,0.4353695034984887,-2.635443085703137,-0.7835650316162242,-0.6855829406863078,-0.3901352775636263,0.3595683002534298,0.5013327244143649,-2.6273364397165904,-0.2369195641760629,-0.4858761213856593,1.3810383237024917,75.89517871741211,0.046915434950258676,1.1293244375395006,0.35920940045784094,1.5313237445794692,0.5877316524799424,-0.6873843120907001,-0.9070081583826592,1.7467389375083464,1.1817613956614945,-1.9102119287864698,-0.3952150017840508,0.494180214280795,-0.7703260652176507,0.5983980076204188,-0.021345302172413684,-1.1351045212157118,-0.8396916603612474,-1.7055515908996055,-0.3673558087682479,0.2482597964904795,-0.1929539895997672,-0.2829973472998606,-0.6138692230737175,1.4992765840168665,-0.8705302562280075,1.1211383450103514,-0.2273275873143359,-1.5155264613855894,-0.4899899488812818,1.160727284317493,-0.22522233836094227,0.05880434573626804,-1.31649613930369,0.8523631348003574,0.17829094112565858,2.0358886435007544,-0.26447378409691047,-0.643084132454357,0.4771243697879102,3.229829126809528,0.8133559522149549,0.375182312451085,0.44148803926035224,0.9295289063494676,-0.7388575013091938,-0.28375176282171016,-1.8491844262661106,0.11148481715107776,-0.8490612961262416,-0.5836045631035177
1.3303435074897187,1.29380386844739,0.3312227598598763,0.8839156367557017,-2.133184427628144,-1.8385511918333584,-0.5754902130961214,-0.7486803449454339,-0.2552061344396246,-0.2330649331596519,2.208046047543548,0.1254086794758444,0.9980841726036552,0.0432040486855039,-1.037795473018184,1.4767436707882908,-0.622127480356389,1.5355307733718824,1.2985413297690838,0.6140362639572081,1.828974756254353,2.2323460331857383,-0.1752433629643115,-0.8087941184164312,-1.8642698372564723,2.244682255430256,-0.4396820089184496,1.1350368571017395,-0.7412553675094832,1.538265640912035,-0.7001175918154133,-1.1917191336173432,-0.2085064309537503,-0.5317757009616373,0.5962997854612124,-0.0513949271925236,0.6277023945519214,-0.2910214730852939,-0.6651073710188052,-0.5835605478960735,2.0449387980310263,0.2251709322269358,-1.9837622094530445,-0.520209013454081,0.0968660324758756,1.8453996812503788,1.0286987158898997,-0.9217178364819152,2.418355753572451,-0.0311603648014776,17.974238166164792,1.7821636185360787,2.9650103517207222,0.5568208407749982,0.9212476849103453,1.1919588561171166,0.850647667782251,0.1798310795379064,0.05178385119895345,-0.2781192303112381,-0.08481967465974273,-0.5975257016344556,0.6667060608586094,-0.6342131936855273,-0.6493103753703896,1.0197765271882882,-0.8244853056535114,-0.7512555936946737,0.6330367262505261,0.8190549384206998,0.22909475621236441,-1.2700067677908868,-0.36382572554789916,0.37888378780283605,-0.40349793294423086,0.15949102441843352,0.19073072660711488,1.5573901576496663,-0.0477081566758965,0.26881119718204194,2.067668105623625,1.6046906298810326,-0.21811946065081583,0.08358736538447735,0.36519790841142424,-0.03933995592736076,0.5791629425114344,0.6677815605961868,-0.37243085303739826,-0.6916896590824176,0.9245536575733021,-0.06501382277805628,-0.5101250493637778,-1.1572673103742563,1.555338239475078,-0.31599664488331153,-1.0877357201232787,0.7872676660296659,0.6819688604934749,-0.4317743279329833,-0.18366840415521798
-0.1681396460491672,-0.1149438872246405,-0.0938456162233665,0.3344714352114195,-0.66778239428829,-0.3413336907356227,0.4708688593753808,0.5868654676049796,0.4463742447585357,0.4103259957256238,-1.135012098186069,0.4944975317803214,0.1414789529346736,-0.1257926276583297,1.8224633429937909,-0.9468000941813316,1.7750370211274655,0.0317839048706399,-1.8355704768708747,-0.1792026543191408,0.959496076599441,-0.3650550328049707,-1.474778541238395,-0.1645145317961699,-0.8571723738917058,0.4918144010879626,0.7733998160676113,-1.0562704077481062,-0.7058040551156496,0.7566424651069377,-0.8588442782989592,-1.082158135827995,-1.1786911317962547,0.3520386129581204,0.3091577195174642,-0.6840460303790417,0.005085396128234,1.5271323841551303,-0.9740601569182216,-1.9517426090104493,0.4550755757203704,-0.1104011639015884,-0.7100250868151013,0.6520802373549079,0.83922514466879,-2.2082780198800926,-0.6525979093314883,2.317516231196855,0.5834049157981909,0.6761036382971497,52.09155796643292,0.5902746190617881,-0.09662890662322088,-0.21037015856104574,-0.5423723214387958,-0.5922665308251153,-0.15674207578227609,0.4874139269048432,0.5767938239138171,-0.3371881377911729,1.5101106799304107,1.9482443251347765,-0.0626158186129225,-1.0460790158532527,-0.2797152893203726,-2.3686912068521586,-0.746927693372195,0.13894280970401568,0.06926988117587513,0.11458061710084447,-0.6739476617634077,1.0866335418415303,0.5122943105042589,-0.16644600946993743,0.8220420039289429,0.3639713400560984,0.20814176328264009,-1.0426974091832861,-0.5826045205661375,-1.0280817598431713,1.711759717983775,-0.38188864345932905,-0.6102823114778584,0.5973604797329994,0.5545285700218084,1.7930609918104823,-0.016875005724353236,-1.2515247542153443,0.028818713528359487,-0.6000195816539611,-0.5146974113162374,0.5999416089408499,-1.1751619961278839,0.2985247053435757,-0.3161792525756171,-0.4639180403218601,-0.5739021370441768,0.2121639462900121,1.263261422331151,2.1434843878526117,0.2583906110004671
0.9292178232672162,0.5137243822405804,0.3131630878793225,0.0240900430248357,0.8132003852843899,0.5648840707003642,-1.576397712709427,-1.984896123539774,0.3563624649933631,0.2317530864171311,0.3643089090167414,-1.407960210103901,3.26428951086901,1.311571386827943,0.6223026774078732,0.0756303706774868,-0.618728044805297,-1.310186239345874,-0.1138226274894238,-0.8597606356951246,-0.8014418486532459,-1.4167566397745432,0.2496630519311049,-0.3769935058228938,0.5350715748258696,0.457098793654788,0.2294646300796622,2.659440258054182,0.8237055135655442,-1.260566010649898,0.4587364479214691,-0.0540187429684892,-1.341530570826467,-1.4216328800766411,0.4532029172795689,0.6975475348785649,-1.0462571993245264,0.9701670531946444,0.2849143968152833,1.1958591569425192,1.089620398339243,-0.1584369154029921,1.6355997301020948,-1.1241160901204668,2.3902945049506954,-0.8787856804858949,-0.0480027316776803,-0.5671882986127629,-0.3767909878797394,2.923553662513963,56.01369153502077,0.2168610369829383,-0.9332134076455977,-0.5947762545556623,0.14486766465755532,0.4064774772384181,-1.3723746002994057,-0.21645222277144752,-1.3440446284718441,-0.7812967068230585,0.35543192409374935,-1.446932069802858,-0.4741810570781488,0.6837095369080293,1.861257373980529,0.7916542060935255,-0.7061286121861053,-0.16046355181704455,-0.7707874030402765,1.0859828944453254,0.8950975559201985,-1.1366408834672381,0.21195802700156327,1.1061717517923306,1.4584327034267779,-0.33840722205681556,0.3843677165168059,-1.4038933514001541,1.413774727492927,-1.1752801165962552,-0.9026132225242168,-2.635838969513206,0.48882855820201454,0.9521602235241249,-3.1956240884900367,-1.9452516969612503,-0.5356480725277246,2.158634915835072,0.6943448944071322,0.7275201938589706,-1.9836314728963822,-0.8301641222853287,0.434971472673564,2.0318814020301676,-1.0000807425869997,0.23722296403412438,1.0273140059700046,0.28926376021656436,0.08867731672515512,-0.10079716865163538,0.8663791234753557
-1.7730324682068814,-1.5286836204208796,-0.9057323008626188,-0.7912949729088455,-0.5956612940434921,-0.3237754261314139,-2.1356742139786955,-2.858564144910352,1.0560568090660518,1.2719654740199249,-0.0548940006162863,0.2855540748576569,0.5211224283793383,0.645215585950057,0.5556044660034485,0.0895806812552488,-0.1973384203073261,-0.1512732836535117,-0.194908280352681,1.1337700968670643,0.5935567222808619,-2.94038863466428,0.655900776529761,0.1947361947187748,-0.0187087564458974,-0.3885184530888858,1.1241127199860137,0.9475264621228578,-0.7728776678236091,0.4070522871245351,-0.971656734541286,-1.3796181647889303,-0.6267172245899651,0.8623934723827588,0.9531250453760868,0.513085420097293,0.7250957868479971,0.5161782871149584,-0.6414815952229522,0.4319225446739406,0.8004095252276823,0.7542913298135743,1.188913371474643,0.7083038472010638,0.3514482075415829,1.0701502383164274,-0.02652125924906,-0.8818746512277178,-0.1630669639437638,-0.7449026448064491,35.754150347372075,0.44211666531347293,0.7533257603772413,-1.2812976734768549,-0.6147728651569183,-1.5796155074058769,0.031044897762356697,-0.6302864440651417,0.5053265000780651,-1.0249923138187629,1.3662389899657323,-0.05919857440860258,0.18920330347423522,-0.05324257008920245,-0.9462756317300305,-1.1187661628138466,-0.3515368762486047,0.5273096933995635,1.434408045034828,-0.3416466956483962,-0.06158218723279078,-1.2746112913601737,-0.6982203212215793,-1.3122595933253687,0.0813760320181998,0.931569231063757,-1.7549301931162484,0.4503188267807239,-0.410256035921087,-0.674487174380772,0.924982520865801,-0.8893702662248517,1.0626556336097004,0.6282947190876064,-0.2616635842307758,-1.476197440705909,0.3200775621770699,-1.7922662057838596,-1.4276650104675974,-0.9663882593312797,0.5397664303241543,1.9660342824646067,-0.12910270847372343,0.675595516064319,1.213008142942167,-1.3712828902582723,-1.60040439852996,-0.025166187405987618,0.4717364144754229,0.31646249880928584,0.310980567993401
0.7233175788890196,0.8694488908973733,0.779922164828575,0.5216781490870781,0.6401846447565608,0.5502392211744082,0.3277741899254117,0.3006802363259878,-1.1104545309994642,-0.9223273200610932,0.3573076760354481,1.6700219883202243,-2.02955219120047,0.910667087786442,-0.2611373354206281,-0.3535209948811711,-0.764807840148591,0.899571013885143,0.6135361772832246,-1.1423820250394403,0.1649214379250712,0.7061143306804705,0.1780105259259068,1.1078403000269388,-0.2900385438891823,-2.2543576731044745,0.1867175607682366,0.1806257694050798,0.3111864967043543,1.1069790979677012,-1.9524632532933064,-0.2384833043326603,-0.9226578080015512,-1.2080303881184848,-0.0722989995628926,0.7018220302806755,0.3009466048591592,-0.6875224224957607,-0.1454715995437182,0.9298964446296162,0.6831292450600224,-0.5527700132266294,-0.6174963756639779,-1.716484160598997,-0.4294113335823641,-1.7357889304385166,2.0670696873861147,-0.8551181568667101,1.1089808553132174,1.8181062078919903,52.341818137158704,0.2502439325736485,-1.127827220501306,-1.7377297550512922,-0.7082884626016631,1.3787097462633506,0.22226613244824175,-2.185296847334906,1.1029277327426599,1.1833238104431567,1.0732494009259983,-1.4646968736939443,-1.5939637298232994,-0.9797619477439743,-1.7644481722305585,1.7670244943958617,-0.2760110617164809,0.05236289720326249,-0.8966664943333816,-0.9998952922481001,-1.3885102489172416,-0.4002581409471725,1.2506586429382711,-0.12672634156275403,-1.1814784087351164,0.2639743094361582,-1.6625245021360924,-0.02801762233399993,0.35087053459271467,-0.6538487364791594,0.8796292965893135,0.5021391293011044,0.7880854407681365,0.9651341243644521,-0.6702333622134368,-2.298935839162718,0.4151477329298358,0.22806686765319084,-3.112527440092419,1.6149059259718217,-1.4525254463122808,0.24749590391802714,0.5785853082125527,-0.2745882455510398,-0.2870858663221182,0.032108245831276166,1.4447108845233778,-1.1433497317594268,-0.9139433523080077,-0.877489510734938,1.7521044461853779
-0.3912677149075407,-0.1574784753047819,-0.5167091094298853,-0.5469425129107796,0.7200135318362517,0.4751571823512259,-0.8238613106230867,-1.164484782268944,-0.7691452798066177,-0.6397331474514228,-1.6130168135769691,0.0694781162210786,-0.5687057065970534,0.9662787392346716,-1.4473960920589406,-0.5420835550478789,1.8129072206587489,-0.9396095170978496,-0.2365332520961239,-1.2158439828253684,-1.348427512780981,1.5473109830876783,0.1710394926371472,0.1336788382376233,-1.6963162351162222,0.3587413881083029,1.1574219459938258,1.1494770608285296,0.6683332296061608,-1.129485577595404,0.3131234171929916,0.6675849604766076,-1.7944435850889011,-1.1212795914817848,0.8881573217434416,0.8760457766719285,-1.5485830336213924,0.7950214592691726,0.0953033991536178,0.7810089546071515,-0.6345213234339414,0.645183496480902,0.8438287744856245,-0.3513349354557117,0.017752546173286,-0.6485216295046535,1.6516389486858791,-0.1202719393257659,-0.922024325177182,-0.7158259138747501,57.38262736398767,-1.139754428156706,0.5642773880267363,-1.947883513321163,0.3428151624026237,-1.244831238218157,-0.47933686144085164,1.1438367264203908,1.9353203365984042,1.6739015887420603,-0.5468080895726282,1.3148146448442812,-0.21032199550385486,-0.3962103422811035,0.2910068624638142,-1.0642447119332241,-0.3390783736268482,0.07701399598375847,-3.031193832490089,2.193602615610071,-0.8924840191326041,0.16319402465516725,-1.1892239849123798,-0.2065467344489443,-2.493470513485736,-1.2838538868586389,-1.496988988864299,1.2070032387525482,-1.231041982815341,2.1208409479491186,-0.3484831994228694,0.15908652584386626,-0.4793337774953818,1.0673798415062998,2.112393328314427,0.07987605427022527,0.22652154024166818,-0.28507574290574894,0.2154934679861821,1.2293691835821718,-0.8071774512125034,-0.4175473072659852,-2.3836212600507434,1.3074946412317412,-0.48523912503814143,1.0804390648354485,-1.110159643645336,0.31261712346775994,-1.5123032302235344,0.8687290128481986,-0.9915465858092688
0.0887035831077384,0.2258955193899116,-0.4665229262332153,-0.900203923016468,1.0047908422191092,1.2353794754065353,0.1534303865146516,-0.0426800407254174,-0.2805607923203513,0.029024011250945,-1.002555040580715,-0.2747394893592267,1.518775005491651,-0.1863438621466802,1.566052098366138,0.4344251153781248,1.0833692963605164,0.3871686266268043,0.3792480066219372,0.7527106011060749,-0.5667084820857454,-0.5557135445474877,0.3495469861645945,1.9411114755060224,-1.54075322526698,-2.0291856194400277,-0.2637438362286128,1.0308470804937446,0.0513760856801811,-1.169329846815045,0.0790934968663879,-1.732973212883159,0.6289170608741751,-0.3091080164530915,-0.08203249954543,0.4271854705111423,0.2056889173761091,-0.5412595737311112,1.0336128376464708,0.7969325646390534,-1.7742841922242647,-0.2302426714725985,-1.0802867936962772,-1.2680580991954225,0.5351336235116191,-0.4192612806652404,-0.1427716489464101,-0.6696849337770603,0.3701754528198277,0.6783468853190315,52.113718673081024,-1.3414451577996975,-0.5022557161941238,0.5794425728672615,-0.8322938831181725,-0.7100811190404376,1.1558850841927,0.4033003902452816,1.4003997947952824,-0.9851944027873477,-0.7595066614064485,-0.007123612208336721,-2.4715599083142608,-3.0711509878990277,0.3136403674078202,-0.8527621652336447,-0.6713242302684823,0.5928122348342872,0.5136350338651522,-1.6808950827464908,-3.1166528474598914,-0.7201426001603074,-1.0314745439107442,0.16111595885617766,-0.03841580930193807,1.3373939949136822,-0.3732738579953543,-0.35283390585135754,0.23656889341322374,1.5524475479283126,0.45492472806603235,-0.12251423984480558,-0.987702687655587,0.10486503307861315,-0.34139865313360873,0.5440149383064131,1.0689605809846687,-0.6483411841439948,1.165877811457279,-1.1441161886235383,0.8860273870113858,0.6461860121365275,1.137453907923797,2.199188037889086,-0.3997933544875725,0.09577141565544345,0.7796765159428879,0.6052510586909339,0.5548979270078646,2.951881228495774,1.4616356882140775
0.3385528762859142,0.5818826656779812,0.216624975404619,0.5248496671647251,1.1008213984226052,0.7561542586766654,0.5320061988219431,0.7675305927421947,1.7611881248673735,2.0380700628158444,-1.1818741254208012,0.4494739128323068,2.0860470495371137,-1.014759493185852,-0.3614627666939857,0.4164460381014526,-0.0539048490057391,-0.9823035803773146,1.1218578562304709,2.3200407220172594,0.1961314590239073,-0.9040682897360004,-1.548960525053475,0.2579759812211809,1.1038773433162576,0.4751677464953816,-0.0024038409188538,-0.5892716517893062,-1.0921636327180897,0.8347513263248821,0.9137716213855857,-1.5457297866907331,1.589838978180684,0.5740712208940013,1.3995946451457937,-1.342127748485115,-1.365824155415439,-0.1489693097672969,0.5027844268951942,1.7963608229269636,0.7060789138151315,-0.2426812768120333,-1.026369207665892,1.23000057271915,-0.9647054257507148,1.6284685547723217,-0.2843846496065093,1.5905820726178503,0.6789312900592783,-0.1369954894424582,48.04216750477765,1.8868281121242367,0.21159497038039327,0.1476993252267769,-2.209151619088701,-0.5977095137330924,-0.42093888569228466,0.4276172815847823,0.5542247039460395,1.4049423292181198,-0.7211845568514555,0.1781740847694348,-1.6757917834365006,0.7779723634666434,0.6660345733898599,0.5624237301311782,0.1350531658122264,1.4189180719126842,-1.7665987194139492,-0.4998395974016641,0.051992032174644494,0.7070175029576056,0.6683539678434582,1.5371378108818,0.25014444773255406,0.7669879313800368,-1.8717151197240403,1.2108172591919983,-0.41504630860954944,-1.6695269492947693,-1.877623650223818,-0.9863860712965885,-4.019121156763875,0.4985301921556723,-0.029799976194821397,0.3615990341455025,-0.8668585821680357,-0.17513175563934363,-0.311959313116186,1.475809645436334,0.2942050199296082,0.8580582255459638,-1.7128076130966914,0.863356514604708,-0.718633930052811,-0.6674296206734219,-1.0204585492088687,-0.8681750192726655,-0.8069263194902846,0.4915010796055491,-0.9538748722322484
-0.2029239565342277,0.253038233397141,-0.420985868013176,-0.6088702924019294,-0.0370080940732336,-0.2481705464995854,1.6828883889478314,2.507590709376631,0.7183315431942462,0.4627124185020392,1.9008318150657448,0.3408645992482214,-0.3599055371832482,-0.2477071984344973,0.0399066945197611,-1.1427906949964008,-0.7668695251179117,-1.7849439691918576,-0.922976898374094,0.0939064816604497,0.300175049284521,-1.9793296949964017,-0.1372117030442004,0.5634099508221323,-0.1629121933762352,-0.6337886457778004,-0.4121611450482139,-0.540763354977222,-0.6367305591080572,0.1738235252448483,2.307688227735451,-0.7436999169051833,-0.3181426326614269,-0.0516979393752316,-0.6873544343582936,1.0982358035234263,-2.370885373306438,-0.5310591703786757,0.818313736319962,-0.2940943083886337,-0.8208389588502913,0.4407567544387641,0.906343235397152,0.2106354452150584,-0.8012203598128833,0.4562033191517433,-0.4020493002747899,0.7451868818938278,1.4832588848565909,-2.6055767556885328,49.99711065985838,0.1838833519051575,1.0910461021646674,-0.4838111315410965,-0.8881478957273766,-1.5262709967222121,1.1083376866371504,-1.5613523357772998,-1.5443773533483862,-0.4873894162901053,-1.7170619484420488,2.768892309627609,-1.8261858494167107,-0.1707466394983074,0.6726257608719525,0.6589541347810364,-0.314414783366775,1.4590223482918887,-0.8650096430108425,0.2797480006999844,1.3040664633488368,-0.2829762769807495,1.7511355974144434,-0.12371717013848642,-0.580775133685619,1.001831211261531,-0.6897875447291053,0.01626859771827849,-0.7762764839679763,-1.929808912891066,-1.9053856678929664,0.01841918618654087,-0.945468708176232,0.9996770969070387,-0.04604373437170928,-0.28912429678450113,-1.000701436779549,0.6721675822523486,-0.6103998335406896,0.15219377980108464,-0.9290649408936263,0.6340766610392347,-0.48416050526859233,-1.7315569899670584,0.7737454171487219,-0.36565146884881455,-0.595168049907042,-0.028348422059595108,-0.9243571318584792,-0.3355045498107592,-0.39530341555931936
-0.5193963718261266,-0.8804754946490256,0.4283166923752375,0.4152343005379872,-0.5938114080687051,-0.7832055939951775,0.0785770297191498,0.0649626244885082,0.4581681147886987,0.6034602390332005,-1.153332403205745,-1.6873443471107104,-1.7938924978678903,-1.3554475031122892,-0.7090209576304904,1.953259137526568,-0.5258796758952039,0.1777501062680313,0.4004813865063287,0.1310651862158487,-0.0774434607259936,-1.1952937635992449,1.450927548279212,1.8071966436378848,-1.6826586941226858,-1.0240285908863795,-0.2798103423770061,-0.9645377949101912,0.5059655534558652,-0.7282722024066131,2.1650560678066024,1.190548594343596,0.2125740306322149,1.0269862633197322,1.105900424357309,-0.5639474880582432,-0.8162172445419648,0.0781430629696474,0.861636124497944,0.1390603986534176,-1.5769964821909972,-0.8028244439508423,-0.073972863594378,-0.0756656043258302,1.972542176789808,-1.385987942398998,0.5055892418358746,1.4891131083282896,2.271449745422796,-0.4043974231839612,40.96841974144288,0.1000954425796983,-0.11073342908069587,-0.3314562977246389,-0.3068811486873728,0.03257557740856184,0.5967827796749764,1.3798386997400571,0.13227279049742133,0.5336479953688871,0.03233023279557462,-0.5934726757363933,1.0473517424530512,-2.406238151009897,1.7707056507337993,-0.4463320787671849,-1.5955672462222275,1.3404064201142178,-0.5173465729392782,0.9860838914777112,-1.0471498277799574,1.0527689396115851,-0.5774021922294386,0.7431321798582009,0.13568545345691707,0.4005029568627704,-1.3682492449810157,0.5291151085637205,2.833892231937442,-0.08575294762046702,-1.7146419404673492,-0.014375613119645837,-0.3721345413413484,0.3901255382675968,-1.3065326416622,0.40654029375198053,1.0430704919703606,0.8275142147312098,-0.16696642234871384,1.3847875073682903,-1.7063994104714486,-0.9948042414019207,1.3899850432724044,0.6168130787385951,-1.338229370477771,0.29574778647011774,-2.057477032504352,-0.6483486790087554,0.6414197688667168,-2.0317394874755146,0.38722306791821093
0.5598117619307609,0.3382991661617949,1.0867589770265649,1.2690736159443632,-1.3803898467240674,-1.1341862511175742,1.3653287482758214,1.2665036960665592,1.1875918180180127,1.3501959827272492,-0.9676564282885214,-0.3032607776667061,-0.968049795549696,-0.5655527624024238,0.2009257065652459,0.5116050903690205,-1.590191323254298,-0.0173680075090981,-0.5866157355597524,-0.6484148089588124,0.1326846191330768,-0.550451872689212,1.382137994846674,1.1880618762510602,1.1818282939420397,-0.4949101954903018,-0.9624988349193224,0.0820299293881155,-0.1503483662862672,-0.6088231624233649,-1.1757344466669617,-0.0415179692680715,-0.4040694502524733,0.6883470370380197,0.6651060515214794,1.100799805422717,-1.2592955518800382,0.4010583076936326,-0.7274657062336721,-1.2204142108110847,-0.4286022369487101,1.0687049801346178,-0.3723183535704842,1.565454659959112,0.5488785155203335,-0.394090478980577,1.1600484289064086,0.4453967721142857,-0.9325593884467054,1.8588026355805152,36.00499784387911,-0.0902276640562097,0.9328790843286214,0.21047054153048458,1.5213984978319222,0.2139038682014817,0.9266055080444071,-0.4652168666180802,-0.5925095652129303,1.410213804814408,-2.904464396577087,1.7485759140585337,0.013981815969324855,-1.4566814413240818,-1.7181374903760358,0.37140403442303066,0.03438182225793511,0.8704491697413075,-1.4239938496960118,0.646449368542261,0.585538258338495,0.5051106120830741,0.41282137273314556,-0.14781626507577086,0.4303448381710576,-2.337727140527021,0.4877154261986817,1.6239434870162683,-0.3534490287498693,1.9115950120043594,0.3892569214267273,-0.024649069343663586,-0.05903983159068665,1.1989974816554931,-0.5602216277648677,-0.29644951459805774,2.11268738714391,-0.21756368625587086,1.5975461699369529,0.13342691465345397,0.21224348794614614,1.1426674988225407,-2.233605245995567,1.3487876228401647,0.10205115731285117,0.5602975015318421,1.853798561024796,-0.21554187847022402,-0.14744890778052236,0.6936922352576004,1.177870082842069
-0.7253471292064455,-1.2093029237910806,-0.2138458479413305,-0.282645633320916,-0.3202809505060926,-0.9778327887670664,-0.418478534942753,-0.7328284829926281,0.989184883976036,1.434330567077852,-0.3835266163461859,0.4294050800903108,0.3187412461572529,-0.8934380623460496,0.7549819441107466,0.5376703398384046,0.1779748341872542,-0.4313168505814919,-0.4067306905214086,-0.2017971030016092,-1.2318319411277658,-0.0392684485969563,0.892102040446999,0.8763711898340235,-0.3808517712764529,1.0640832727255365,1.9059045545294448,-0.3162075352628274,0.6915147064321684,-2.2628099626907923,-1.2581467281819911,0.09112102933352,-1.006733062518388,2.0392020447224484,0.5978796872965533,0.9658316468581304,-0.0290264061605871,-1.0032080198636522,-0.5188102821748805,0.2543804796263597,-0.6379153384090112,0.6711919917271997,0.7114149692046384,0.0049813039395883,-1.8256350870169995,1.714784933665959,-0.2126728566895177,2.709276648471036,0.652535696352195,-0.2099550767320569,40.98315335711982,0.7810732676164527,0.8731585486191489,-0.16456307100859416,-0.49093744987136534,-0.18941367098154974,-1.0985508408063949,-0.28879530269948617,0.2349778748162469,-0.14507659570363216,0.591415509286386,-0.3907319144081885,-1.2620490232163346,-0.4215940625576031,-1.202803194645333,0.4953798153284869,-0.11676399778157646,2.085410622092149,-0.4937275860582207,2.311259004942879,0.4305673840619083,1.7914793403641365,-1.1923635582683558,1.0709129433745872,0.9939277907946352,1.0926185912568263,0.4376556289082504,-0.16724790473917292,-0.21194892932393988,0.666089741826487,0.4365091319200617,0.5376701182018969,-0.2708112728027683,0.8744963283982289,0.8168979113065603,0.7407256829826417,0.8425924426888154,0.3317880317096099,-0.6645614074647973,-0.1771848754283862,0.33569658215474196,-0.34486025309278195,-0.0868038020675589,-2.063938429603112,0.24970880640742232,1.5039367461662614,0.5748307500486405,-1.1353992851868588,0.22757028281509753,-0.9859464729639118,-0.39365447841166196
0.0732876820983312,0.664803941910021,0.2725097663837726,-0.2241773100308516,1.3764877490158332,0.4553899709930167,-0.1599689206351216,0.209229550328362,-0.4823753521891157,-0.2876509307347691,2.0093921880200063,0.2662354921621315,1.1251385699815617,1.503790113942273,-0.5518632690507254,0.9087747916463116,-0.332748793635518,2.0399390241259345,1.4436217075414193,0.7432923874575843,1.044597689980194,-0.6955910009152347,1.7175476796939269,-0.9043811896953816,0.4070328754603557,-0.7139601304572374,0.8603876314285939,1.7450738768807714,0.4515429619099533,0.3150815106313466,-0.1136179555597671,0.1004621013066914,-0.3357382407943399,1.6333490091680336,0.793973169936337,-0.3474081997742064,0.0603950322346954,2.91589035837341,0.2721535357492762,1.4529512800577955,-0.5765585573174812,0.4735968558971902,-0.6244998057166453,-0.5353105148965901,0.7937420512945421,-0.8955931012870951,-1.1920375546688182,0.6852273019428925,-0.4881881013281886,-0.2800005310198892,73.16885396406761,2.5386911017374865,-1.8643315283090947,-1.3405531800038282,0.5119240910292749,-1.5402476320310767,0.09831019223810258,-1.0692868554188253,-1.216325832795099,-0.3279419202673591,0.07188093571887483,-0.23351245758489844,0.4910660434453565,-1.314170759104837,0.6622033339461874,0.39311465605803403,-1.579627452555176,0.43782376624357244,-1.4052818872548896,-0.11759845265813158,-0.7518775255875075,-0.4422289258774891,-0.9289853160893053,0.7528483312002712,-0.22856539112620938,0.060787683319983375,-0.3006440397359652,1.0446662356754068,0.9019934527501375,-0.03288569920279419,-0.27388411317441996,0.18176889538381724,2.800876947609391,-0.6324513939508659,-2.1318067842521535,1.1072942573856106,1.297753711787242,-1.3302923563147366,0.5702823044203353,-0.2814631750493462,1.503861686107504,-0.016094437156061972,-0.2747629760909964,0.9371155079842594,-0.5985453168360358,-1.6257425823246754,0.6336985153625104,-0.26819763059141155,-1.2832425671459746,-0.7557760029620287,0.39251491808002564
1.0231324231130516,0.7081476578147896,0.9106683730599062,1.2699433421713238,1.1114259568440468,0.9344914503386912,-1.0729397230783215,-0.8015231331956136,1.0838552208314367,0.5135618594943152,-0.6558887792363542,-0.961687718025779,0.2553948008594378,0.7436083348876679,1.7043245157606308,2.399817499786771,0.6501807531879694,0.3656541868693682,-1.2173397321082118,1.9093031537309764,0.2154031093339456,-0.2890648419076363,0.3875317690535536,-0.6363507273948811,-2.3376715642913544,0.5718029209336017,1.3424738519339037,0.5569226352009466,-0.0070791300016539,0.0132717523913604,0.1722797477162866,0.1416542210885841,-0.0607013174805547,0.025342879468851,1.555012740440464,0.4722732143465329,0.1051469840245639,0.6592268962959171,0.6592989867832433,0.9459979627698588,-0.7569114118328603,-0.4805279061477897,-0.8135574541942521,0.7667229234936916,0.7178709744070252,-1.2732428725223714,0.3908378128203228,1.3722338678678732,-0.2353326387244866,0.3139732739263047,30.86405250380549,0.5239526671077938,-0.9016007460355724,0.9130002202742996,-0.1683082339620694,1.9833862348517115,-0.05282800457476905,-1.7869457313398482,-0.2101669077919015,0.8010809637881857,0.47143986649484004,2.6381752566205994,0.9886544793665183,0.7933493236860584,-1.1056255017144403,-0.4045549175583959,-0.5913014466965381,0.3255458153220719,0.16238318513304686,-0.8729832613505268,1.5365341563181696,0.8439710244055942,1.1321981917206816,-0.33331499450800395,-0.0453416734600633,0.35321918183079504,-1.8999609181669426,-0.613598571738008,-0.768426681526005,-0.4560742727116305,1.7211691287592639,-0.25229567587847995,0.4913651372326318,-1.3059999057352296,0.3113523830140507,-0.9311880324535422,-0.07484063612659135,-0.1842694730461071,-1.1535709971018095,-2.4495920378914326,-2.492120701400832,-2.208753389507562,-0.02876037551022778,-0.20312173627250116,1.5871324514543836,0.26343776865072016,-0.49286782267190415,1.627385914591245,-0.9110710862795801,0.9317107504104423,-0.31562378300665983
-1.125626157578402,-0.928801063036297,0.9005367329806482,1.3011575382123195,0.2423142574513812,0.1635225560353619,-0.1959306668660137,-0.0710903246786874,-1.1155007873793663,-0.8614336148060505,-0.1392487954469601,-1.201182365170914,1.2309218023330422,-0.7987671374300426,0.7863296000408939,-0.8755033069473153,0.7041972061427514,-1.6088486744468955,1.4086154010445082,1.135133005106634,-0.5525835081225525,-0.8256406320771338,0.4578025125001207,-1.526106221803749,0.0347520867942511,-0.8075884349178397,-0.2543101152779741,-0.6438487710736684,-0.7983686328937818,1.704794157624586,0.7805434833369719,-1.4798629821721458,-0.8758134047674085,0.8574490293349125,0.968686843804508,-1.385082695652846,0.6986048486913036,0.2650291161330222,-1.941669965065602,-0.4031977183933092,-0.1361633163505026,0.0484918053673481,-1.3205827873200229,-0.7630155041847068,-0.6229437386484142,-0.5356757166597507,-0.5189974472528162,-0.1326329109144835,0.3096366151104175,1.7742257245145796,41.676310629557676,-0.5880868263145528,-1.5618068613954716,0.3041261706698093,1.226405143870384,0.549230796501648,-1.422006524907533,1.157346311723567,-0.5171830838060685,-1.109952837036249,1.0570162829481353,-0.1610903772616734,0.5084855561473737,0.41857288599115444,-1.4565879732593636,0.5052110240856904,0.5970725610113586,2.2439212755030495,-1.2287452557521887,-0.21969602421644946,-0.2726604402249168,-1.7868112218136827,0.3657630307571361,-0.40530106080334305,-0.17860032943355417,0.5403840477736647,-0.23714390943617578,0.22753895389624126,0.4032722774108696,1.0771624764408045,0.987075402909285,-1.002564849997556,-1.2376427261280285,0.01930752922613046,-0.9014797888584318,-0.28763746103701304,0.2661150248621453,0.394373845392447,-1.1057054754195994,0.9271029658316023,0.11821787129875717,-0.46405062626332033,0.3562005887321266,1.3154384618571806,0.8983342466106601,0.185392640516553,-0.9307543502498805,-0.5019135031386625,1.6306189801163626,-0.4736296745194499,-2.2955650441516853
-2.567585117933758,-2.432706999898416,0.4170804980086446,0.5633643382352275,-0.5305803556472093,-0.1269513990873044,-0.8281401376128967,-0.8012342199251191,0.2715822001535923,0.4763412604134466,-0.9584493812548076,-0.5750581961873702,-0.7312609733270449,-2.4213797518772786,0.1417117903175087,0.9347177458284922,1.0166432073158822,-0.8707663764407388,-1.2516980485201423,0.0216055475916846,0.8292736865664673,0.1548504483103839,0.2893046358737612,1.1418309277362335,-0.7391365592307034,-0.2199700866730299,1.6346055117612015,-0.1968111230976269,-1.2673369659665712,-0.6693560962502948,-0.9381798512212424,0.3571625857012706,-0.8959470035887789,0.2710342528612446,-0.7360652185406498,-2.123378538398228,0.3066197869819221,0.1484636815468889,0.5177578157088407,-0.6729872191652566,-0.7795444753593765,0.4014668584815456,1.519019572530981,0.0111680095063276,0.4245850960471449,-0.3215876844257072,-1.5436305218736848,0.967429419154058,0.908414239086162,0.7107740251751941,26.7779960552405,-0.13340085789154404,2.0017371025301354,0.2658984798138483,1.1570963854639587,2.6342220436499586,1.1050607298029094,1.2865973693976245,-0.5481663559692463,1.1470613778404304,0.19879458833885358,-1.374371404295248,-0.1887101284925862,0.35953594351786894,1.8658445522852707,1.4063704050164938,-1.1364499386607045,-2.7259688500994756,0.03014639878201458,-0.31997652935102444,2.0102683798365533,2.8916586930758936,1.1632297551407775,0.4869606394296784,0.033594633326849505,1.9362771126445633,0.32862611537610265,-1.4446591716832917,0.5103204124441805,0.17798937960330405,-1.5983131847898309,1.359995270562447,0.6555673984218366,-1.1811304632386497,1.2999189780618117,-0.1256653852725217,0.2526563456989241,-2.2830103724248696,0.8450430673104926,-0.7071005858762134,0.9167682707243727,-0.47034770790953173,0.015077038782823729,-0.07115603179572852,-0.4545289723907412,-0.06675917817732932,0.7765306072377874,-0.6809178073213656,-0.6580058510221363,-0.09414252420741283,-0.03843581734672485
0.8176863130545542,1.5085997224805625,0.4732152090075886,0.8646827724216827,-0.6511762938917753,-1.070239075599656,-1.8878622372223484,-2.016901088254287,1.9546625434624896,1.7741910947968835,-0.0913812604279431,0.8804813009141136,0.0314174734665504,0.1650995514932257,-0.3909994415236386,-0.4281522530879146,-0.0866941535853777,0.0416714221393558,-1.1814412615773098,-0.0660219859460287,1.5685339387093264,-0.4191337935889047,-1.2372549828746278,-0.1514160679864266,-0.7146128121242966,-1.3383418253219397,0.1391684617326208,-0.710282037151078,-0.624714166853275,0.153427380385389,-1.5331745953623346,-1.7415696502511249,0.6708721945019316,-1.930833600724083,-0.9766776953073548,-1.7998395353884376,-0.4861364668488323,0.4280587476511656,0.1123379487323766,2.391873389457284,1.0869156177890007,-0.9311578501566012,-1.1970550048264106,2.706687940975501,1.0625720057333623,0.5893696072695719,0.0748518122156178,0.2735215674750171,-1.4820732754824262,0.1570391701967678,5.2781918269192865,1.070996467205255,-0.1053919254373263,0.8375627033583725,1.1761751052399196,-0.8051092398862925,-0.8174008969073498,-0.16552815135332738,-0.5382361859911543,0.14280939244258323,1.6315717376547558,0.28191878812631216,0.23248661841936719,-2.604346935214705,-1.6199421316642872,-1.2254884792188265,-1.2421790697284936,-0.21389648864431846,1.1620077042712105,-0.06829514729013945,-1.635678969000222,0.7939465334712549,1.086308754436352,-0.6554060396046076,-0.5131843809238639,-0.546223684466106,0.8107266672390149,-0.5043199689792308,0.2447004264617071,1.7317583831803514,-0.17197420588542284,1.9816014026513504,0.39147672077115386,0.08312581787924939,0.3949217672080263,1.4254332795296318,-0.05542664775446476,0.08091522552712062,1.6343692945319386,0.9598239527423692,-0.42024592587123644,0.4506078354157196,-1.34000399502458,0.34322571871700347,-0.10614639482332917,0.3554395723604608,-1.203124591748787,-0.6181175191584042,-0.2032925050808895,0.7497863441084922,-1.241529374368818
-0.2672120236946457,-0.4883040286828193,0.7873751382239931,0.8698850293947812,-0.4566675899047263,-0.1350001705152788,1.3743116206542387,1.3968147959439108,0.5282883324746676,0.542862908425834,-0.0784896243763409,-0.0488772335195941,0.2933062360170246,-0.2959675730482601,1.3399998854762094,-0.3731662385021419,-1.7072411352053674,2.74279660437002,-0.327368690943752,1.3131697870913477,1.4047908419597586,0.945214312250382,-0.1980272195974023,0.2866848198743428,-1.2745102093049272,1.990147773818276,-0.8518059981826698,-0.2539009627408755,0.0989864870402509,-0.10743975483696,-0.6568732822933941,1.3943390520546883,0.9502792834882796,0.3220472043256931,-0.39955305599675,1.0642758718444707,-0.4644686327775655,1.5703918403378156,0.1112209154834276,1.229781526972715,-0.1138203261835832,0.0715331820409446,1.2254210614586665,2.1939251518044447,1.5603668175048813,0.87713461937785,0.5892834329575966,-0.506948690259626,0.2952297411054327,-0.9130491839967316,53.04312448721707,-0.5828006014129976,1.7808292129666425,-0.8136453560596746,-1.7339835294173527,0.9578822281769765,-0.6095678288359828,-0.6793845698063502,-0.1358547163882445,-0.5777505081541768,0.62194581095221,-0.1727368251670042,0.9014965331427323,-0.525458414206894,-0.35127203711064553,-0.8400600355418061,-0.3248836219917387,1.2524957291499996,0.7823727702921633,-0.9824881228992798,-0.26913555159124275,-0.2963072222227201,-2.0895496931173736,0.19063259563121088,-0.5179653844944841,-0.5204029902394508,1.7534046273129704,-1.0580352588581445,2.296339315929359,-1.6877048624258153,-0.9396853161813035,1.744209822592061,-1.0499106120188058,-0.007402396000651359,-1.5197678828100394,-0.8134420560054573,1.411296865959639,-0.16820529063211465,0.8890021156230895,1.6739581096660563,-1.5966598015238114,-0.5249963268482449,0.09730575190293085,0.3599926394206753,0.894290528046484,-0.2295359368102314,-0.16712686023920295,-0.19021542135113323,0.23736300547130493,-0.706063863983191,1.2714890648841282
-0.3766047439415307,-0.2932256328015375,1.0626274973879888,0.8261132972019473,0.1848328883590928,0.307134415015452,-0.9434861788144032,-1.1945972301223635,-0.7904287143494676,-0.8399782097978514,-0.0133464647699812,-1.9982866765377372,0.7301571640314422,0.80954575950078,-0.4565800544885821,-0.3712595783940167,-0.1595452798846038,-1.9251518126262717,-2.3647281730951435,1.3016256381303892,-0.8240676674105768,1.855264109576364,1.370401801138914,1.5671953142697388,-0.6502989524671549,-1.608401186930581,-1.086882306594355,-0.4464547271529116,-2.37322973285064,-0.4754256891241671,-0.2016780275111107,-1.2944209715866946,-1.0404850982458325,-0.2205985211808017,0.3562865483103014,-0.8908226680002443,0.2922526095762693,0.1368460079878552,0.0468858590183908,-0.652014123856577,-1.3333795960353827,1.6964519799007398,0.630305916457426,1.005731653060738,-0.0836296848389222,-0.1640254422601378,0.4906596807253875,-1.834688350452245,-1.1146434693531446,-0.797774878028373,49.17022737308514,0.8522464890302681,-1.6329522805419834,1.213731437725842,0.20672404724499435,0.7792738873941635,-1.0133158355977259,-0.3770441691342582,0.286194759048022,-0.6041676033158545,-0.7571268468160501,0.36709584173386034,-0.4692458376626558,-0.6976164506090564,-0.05936745123140444,0.02725563236057936,0.622932269811964,0.9802629527216836,-0.08171069214157814,0.7840560382503569,-0.1502520240166568,-0.2591252106328507,-1.195954340055588,-0.35579657792987746,-0.45502283927230186,-0.8510345217095674,1.118498180421683,1.2207526032547376,-0.8042690495286687,0.4236457885331881,0.4139958687215099,0.6990808867441777,0.288805553332357,1.3009112374165572,-0.41614521651172764,1.097662811596601,1.1158472749366464,1.2698139338097467,-2.053829440163577,-0.5775570245230115,-0.9247893506054676,-1.6216014229044902,-0.018306624706789416,0.7141106880059229,0.08002708834754667,-0.9988137109846277,-1.2507301164587183,1.7923213309924462,-1.0699608578550825,-1.2889575344959205,1.2784062939240168
-0.926513254779748,-1.0348613116279712,-1.5144140623981206,-1.71146747279435,-0.0825135189113944,-0.1000060867508542,-0.8348299105466731,-1.3591072855981143,-0.5430219463857897,-0.9470629892686848,-0.0745926770080763,0.3435975351782162,-1.4363524570391606,0.5501284812178794,-0.8002932816073767,-0.0179279682497987,-0.0354201406915095,-0.5270661182397741,-1.0236597461307144,-0.2856865480922635,1.625330309075195,-1.361675030463631,1.6923130191048756,-0.2597211710765324,0.0353714170886391,-1.0867108113847272,-0.7712694166774808,-0.5029096500380191,-1.0456949708779122,-0.2089179573708717,-0.4070158918067711,1.8507811424357332,-1.165974185680461,0.1026905167485872,0.2478462819018247,-1.0703205486518377,0.6868274954528385,-0.3983270128816281,-2.4923896515830672,0.659849612104565,-1.1169408841023638,-1.047774946139099,0.6879020828923982,-0.3471614824184498,0.9177721505515004,1.2101660953653188,-0.6449284603222979,0.7932624959550306,-0.7554608013928819,2.2331159171321766,54.33849125268209,-2.3207373739781305,-0.5727684245485258,-0.14004285194223806,0.7589386001219477,-0.29057510309736223,0.7011863260703732,-0.3496149900355497,-2.498493587871451,-1.3834625118283659,-0.2377110421458789,-0.13359779332776944,0.029866923257825532,-0.9540544541045877,1.3091366419632775,-1.056224040668033,1.8103275907226957,2.5656515748356306,-0.9887373184198183,0.3708302093362092,-0.0406130213206811,-0.24702307363726908,0.27447580157780926,0.3681026481568129,0.15626624161949673,-1.0699425513951173,0.16477652906792958,1.7387983609508688,1.5376006015739785,-0.5632976675458828,-0.030578924765371687,-1.6750808004617643,0.5301512631836031,0.5050626662835506,0.45356003026458863,-1.4660596703982696,-0.3992342192971013,0.16711659922497588,-0.41994423956869936,-0.6366176209441123,0.03741531071346355,0.24384367249350644,-0.06021387961472527,0.44710404572433665,1.4015781389994453,0.21352592592847303,0.12394844658533295,1.4056990119767847,1.3527998456957198,0.4643035854826244,-0.8359976884415627
1.3437161939475155,1.6504911710056722,-1.5556940310074727,-0.7431579743719209,-1.9481142023764133,-1.8448620837992988,-1.1027974854936686,-1.2992160689243235,-0.2626857840046441,0.0597464192483405,0.1145457007943251,-0.0238598294001769,0.3323854280480934,-1.2497946413408787,0.0731787145048176,1.4344590265183463,-0.1658028268639179,0.4946727655664661,0.4016247116933454,0.8622684306025833,0.2871388997373805,0.8453652286993314,0.5072913791774434,0.6572850086940829,0.4421276422783721,-1.006789347829359,-1.1707643466926043,-0.3532274585042625,1.5516405281763492,-0.1716530439273183,0.3095594847586634,-1.9673063225225949,0.1937419006681061,0.0859080184166303,-2.673318957826405,0.2908889419707879,-1.6509805566552327,-0.7253491649120763,0.9944720132749436,0.157451526837732,-0.4484500909697633,-0.5340751993472042,-0.4179922336331695,0.1608889544907987,-1.2006428573958614,1.124417468146664,-1.1475636788775472,-1.7270575328396187,0.9911531319470704,-0.4369213240594682,19.626539869717654,-0.2298795714463868,0.8004982417659725,0.8885988803308748,0.38153856258933105,1.411050901059224,-1.5259297187725958,-1.1998597221795984,-2.3764328563378636,-0.5361721666239897,-2.2612910267501367,2.2155446162047645,-0.2571930446064312,-0.41517528116371183,-1.8688030582824706,-1.8034037342272606,0.6589353548536838,0.10748571833141884,0.15917711592258094,-1.263880829074111,0.7163309842882809,1.8400366231016745,-1.6970899809405604,-0.1610175756624195,-0.8473140278511367,-1.0515312335846951,-0.2852413403073753,-0.3547019443319408,0.4721404024255661,0.4142752175136015,-0.8829783739064431,-1.7973349779332692,1.0245044244477173,0.9779352082870972,-0.3039540630705414,1.2435456010978068,-1.6455770589327428,0.4798283715194892,0.23891686709962753,1.0077935711396466,-0.48700055589077146,-0.2504293322103213,2.0860051855221386,-0.8990971326111976,0.5662096991492005,0.6492544997712605,-1.9169127644712842,-0.1434200235684966,0.0075029744816880765,0.7543503330210294,-0.9896952395176519
-0.4903284443426062,-0.6283174697522267,-1.0389734837147642,-0.8505243195712474,-0.7859155628095085,-0.9934505739644696,0.81788196670747,0.5669144100096297,-1.7236853785590116,-1.0422440702226092,-0.7415926390940565,-0.3741045275639198,0.1870201076939374,0.5866248826168217,0.4454791746875265,-0.0498183309060024,-0.4246433289159106,0.4122206935654472,-0.118387837344228,1.805354459125924,0.5864090099699019,-0.9234156249903548,-0.4775999513736513,0.0481921772598295,1.2994312150704548,1.411105009112135,-0.3961347203655643,-0.933634216589443,-1.0614976412061874,0.2524287572157801,2.303784309217493,0.5390941042551023,-1.5939125266840073,-0.7260041032460013,-0.623914201844913,-0.822002520114908,-0.3878938249342202,0.3693948610199418,0.6819811693226466,1.0917634909166438,0.5242025730471778,-1.9541502403288409,-1.0573045875313134,-0.1580940368591912,0.1472798557674789,0.861418359876257,0.0431841762167727,0.0507072538636743,0.2377973631390593,-0.2550217387812019,78.4368006384607,0.6281400134806694,0.17927460442668408,0.7344490334876547,0.6365963258218292,-0.4054100076137785,0.6178748004645681,-0.29225521544384025,-0.33869133992187517,-0.26403776199440115,-0.902190440472166,0.5567358388359357,-1.6134158526524858,-1.1262382070860628,0.41547515150624903,1.0931229758819565,1.0848277401561082,-0.43081760238819583,-0.6957191244670855,0.9680250758705841,3.3981273176629,0.898549500341217,-1.054305042604079,-0.6925811773904662,-0.45099393312640995,-1.8517647462704183,-0.7429340962912804,-0.7730381824010908,0.9094496131899353,0.25085625159639774,1.6944725305279356,-0.5484228891280898,-1.7756722535017238,-0.48959488244877264,0.14512033292760365,0.851883409377045,-0.0635742772052676,-0.27151118310388506,0.059574110980515994,-0.46754654788279687,0.3038877592858257,-0.7285501843308623,1.3374262538004262,-0.26312452696043603,0.2528832771300831,-0.04731389199931435,-1.4805787733610272,-0.6428194309191418,-0.2364146302786353,-0.5775648464288357,-0.6289804092048148
-1.112031608735144,-1.2501272701562294,-0.6433097999411301,-1.2247683323557064,-1.239229843952728,-0.704559225855408,0.1939277558742845,-0.0329926916413758,-1.0198956514977724,-1.146838840137077,-1.1913690898049225,0.4379561089912478,0.3370467746366982,-0.9343581850344876,-1.053315526083957,0.3822904406048817,-0.5598825186026908,-0.1904993453098954,0.687335817914791,0.4791371612309774,-0.9159445150945712,-0.0535791902968261,-0.934715201892838,0.8699389499563367,1.5365168642817006,-0.845095315193393,-0.0311671039663634,0.9174610113311096,0.0242110083283009,0.5615052873804263,0.0516063315109432,-1.056803707887109,0.1189250171778717,1.127283639233051,0.3142920698075796,1.623674283789194,-1.771503859021427,0.3790474496402063,-0.6480079851831785,-0.8756311611257722,1.334418608571729,-0.2550049776893791,-0.3515452613333012,0.3435758851188842,-2.152518453046301,1.3548659398836689,1.9044303141141352,0.915113445022232,0.4119897405713973,-0.2165754271414659,46.55709332465453,1.2701255465757155,0.5328598928134587,-1.038801828002556,0.058351004285477494,-0.3608914194246071,1.0445139862434607,0.15310199293432541,-0.19776904470561435,-1.0612935317114818,-0.3809964059333908,-1.074964627725818,0.9165681806443017,0.215220732950218,-0.8903770582600778,-2.2287882660262497,0.34669762850166363,-0.3320847466741954,0.20112345870152593,-0.8114815369845049,0.4550661535347574,-0.443318302385349,1.4269674044104097,1.1053069074036117,1.8085899671214083,0.4266558105924759,1.355661895889928,-1.31394449670997,0.3412343716834272,0.5096662090000231,0.05739690795874399,-0.05475155588077412,0.6480780112135067,1.529668274287631,-0.01923676106405932,-0.1556575382899,-1.1546521849035831,0.6320484771210559,-1.9196755003382913,1.3172459401476873,1.2793526763660894,0.08752634984501938,1.8271567575793073,-0.0065804533130177445,0.24427662897052735,1.0593425433607495,-0.8598194543323827,-1.760980219842372,1.0681132885028883,-0.6271309945281689,0.5323947223602453
0.4873052370449948,0.8274194705707784,-0.8792827824119881,-0.6424328283109646,-0.1251744283831642,0.0309815106144411,-0.1152242325521975,0.2124073871731124,0.54090851856099,0.4500065975595863,-0.6683451948468017,-0.0610756713523761,-1.0584406336416528,-2.4980610174929394,0.200459631413729,0.6089053562546319,0.2620668090867255,-1.9495617177543672,-0.3508494300764745,-2.2183477600510813,1.3697011076541847,-1.086054582118086,1.2554036094598964,0.9458696436841456,-0.9005903525360617,-1.132784951267745,0.3503702163863382,-0.844324037183071,0.1024846421582075,-0.4828275908069183,-1.7811584144656334,-2.230468019124459,0.2266842484945971,-0.5615577463306254,-0.5530898169141323,0.6958638390937854,1.1734422766324448,-0.2725447213618092,-0.3405987069098615,0.5001430331138838,-1.3569355696995753,0.223153054747697,0.551885971822154,0.6802302084176292,-1.936752702502465,-0.7613552698089406,-0.8782632528234666,0.0998869544092129,0.4807445797679839,1.4967104074459814,51.041916582646195,-0.8184742170423912,-1.253808233793257,0.5029004049141359,-0.744784206726527,-3.471429891938383,0.5371784276257605,1.018157247648752,0.18911121660394065,-0.04546497612900444,0.5462736095576659,0.12454680202385442,2.05727186499401,0.7665513543377717,0.6276112125924505,-0.4023826975243354,-0.6851159796427303,0.3180681628612475,-1.7152852174529993,-1.182815502304289,0.024240242625477082,-1.2388150181242825,-0.5415658766108851,0.23955623724338154,0.8963993405043827,1.9878065647620853,0.16659057969910715,0.26454137610206696,1.8782773517441866,0.9775821467761894,-0.4160395394702413,-0.09582708075830544,1.4099046552689196,0.8936480961224382,0.8668210859166574,0.9166737118471837,0.023675056330267077,0.5622889179004108,-1.2971955754332818,-0.6911966267469493,-0.3993263833797075,-1.7797405111628606,0.34409443166432935,1.230357722628503,3.1488966450468734,-0.23739712676564328,0.6147530741053199,-0.9113172654620733,0.9117999464107457,-1.1000953409680636,0.5363612026353547
0.8419836954521269,0.7030186772608772,-2.9069882193216414,-2.910611167590283,-1.0385438208439723,-0.7695359356614289,-1.2374266382225725,-1.462297683327379,1.3286408282482312,1.0052119369375272,-0.6065033882157397,0.4559041951707027,-0.4590903102189917,-0.6946003691631446,-1.1543626682329844,-1.7518288067517191,-0.3899237065594453,0.1580534899201318,-0.0966236700148897,-0.4159669279473586,-0.9457460606967812,0.6082461916849685,-1.317131919946585,0.7760279138434754,-1.0022170189267248,-0.752435237353035,-1.466785190615677,-0.5014021468856367,0.9753124584779788,0.5156280884439565,0.9784221120280352,0.5221425459339358,-1.1036698285303692,-0.3307892243275573,-0.7801991291174627,1.3305749040390402,-1.1967886464263116,0.8936976893891109,0.8929538701087693,1.8296202017160872,-0.4096865926294973,0.7123221595801621,2.2816518365388427,-0.6176416769336966,-1.5350402475323597,-1.880010033907764,0.7127120288613313,-1.883150208058584,-0.3723190529379228,0.4373131870389607,48.07150105781235,-1.5027650176306036,1.3768034928789294,0.32627467084668543,-1.6970973849862518,0.40902805374263734,0.712628483846429,0.01424416401371203,-0.7276723548562242,0.47291708452549563,-0.750361028541811,-0.7996298241670389,-0.8737946212411899,0.6803837384236716,-0.9068077260268592,0.7589443197586707,0.6517110765969125,1.6216475959513212,0.8072610563356423,0.08732870392164904,-1.096199523567522,1.1961046355079166,0.7102985786210347,-0.05358537531886059,-0.9570810772666166,2.0515743218202203,0.6305442086834521,-0.6022863546684106,-0.32007792327212864,1.3897925797618274,-0.2531399494603059,0.1937518326758752,1.8876865790080442,0.4274382280833858,0.4395657746659394,-0.5009405371965816,-1.0758659254889664,-1.3066080266531346,-0.8017604510188983,1.438210776281385,1.21972587292093,0.6204598024623365,1.7853391366968123,0.484325437702705,-1.0184630299249242,0.4605658786015438,-0.5313177112619316,-1.9745417840113808,1.966990882370666,0.7134909550395123,3.408050705845994
0.4856384675098285,0.598168447074696,-0.8428557978050797,-0.9309604323168008,-0.054455543120238,-0.2975586259321833,-0.9626551295887802,-0.7314233708819795,1.0494322900076831,0.6871090645374196,0.486231418351737,-0.8103234348360824,0.0928845499949792,-0.3301103096309416,-0.1949661796027486,-0.1117922567221916,-0.6599357432214621,0.7516665626179194,-1.0091159367530012,-1.2986279518452395,-0.785202710579829,0.8833951060241764,0.3391585626647325,-1.7832419039966647,0.5972736873011977,-0.0485080795221378,-0.4173826701279969,-0.2419800229820525,-1.3336289409587403,0.1732407999372935,-1.2675515059309246,-0.3500060306041548,-0.3487103791889392,0.7699094249540664,0.0397442491868301,0.7059910408427048,-1.1957425970797195,-0.1078001485904118,0.5303164449240874,1.242299139799932,-1.1391854884452317,-0.8409513356637035,0.5052869797032009,1.6115932966886286,0.2858798162263766,-1.1099607178062156,-1.0904441704699264,0.134845220384266,0.3575766284824105,-0.2212735972902507,42.22015015049337,-0.26073516489181897,0.777016095757289,0.030311657494342222,-0.6455694286484754,-1.3255099116824065,0.7595464695780427,-1.5763517088994359,0.00946519402268165,-0.21347213599941883,-1.2462640139344305,-0.2477138425029538,0.9626802348862991,-0.1379112517114806,1.5723062561857772,0.26669978950207235,-0.08560804892812099,1.6341410088854915,0.033216563013147696,-1.7578434493993103,-1.8901064726537538,0.838548926313624,-0.028168270152338536,0.41998874522080465,0.8646729305935682,-0.8523681240420008,-0.5902197379293576,-0.5487163413482677,0.49722023844336843,1.9517231704036162,1.6186680462086267,-1.392446526503188,-1.2260675264464345,-1.8065594062345491,-0.04820838564256086,-0.9228129499824342,1.2565166360057005,0.31097634501422283,-0.06760412435084459,-0.3057369316307639,-0.11565343298540094,-0.1828025517326632,-0.8560010352744445,-0.6575902822898048,-1.094436049068404,-1.5817432128345434,0.9835983231147025,0.7401173216811205,-0.4370322923294635,1.9188980845533383,-0.30867957190051903
0.8392769797993096,0.984174957060191,-0.8947329982105616,-1.1939542681899964,0.3609888250414084,0.1408738779756523,0.8622221644007858,0.4273608591782462,-1.7408596894949795,-1.8207898205893984,0.9931008206116276,-0.9236317026379648,1.219267577181673,1.810377615138276,1.1912543194591607,0.6615904071032149,-0.4475062273628483,0.281634803747872,-1.3460946487206231,-0.7811106645917562,-0.7108034825114704,0.0619725739659471,-0.392177265428291,0.2615999566200642,0.8778268248772584,-0.7097275428712616,0.1486010929370511,-0.4159689898179364,0.1901624936571816,0.6861725982118193,0.9212357908422122,0.6703041192930385,0.4139856289289939,-1.4202132730195294,-1.0812659295458893,-0.8241782798004911,0.3586202068075248,-1.2910049123905396,0.3375223281678575,0.2644692571326487,-1.9356891055196848,-1.087602821767552,1.0438755748567496,0.6974091483949131,-0.8503939971949341,-1.0348609854144502,-2.45034668507858,1.4712976877213146,0.0410543684310451,1.8837240553452008,61.893650534489105,-1.1254190077468889,0.4016255054914734,-0.09437175003538116,2.6781098736383924,-0.5507211956955113,-0.9494243267257642,0.3535478631986765,0.12652320501805506,0.6627258265192667,-1.887531903008126,-0.9104407105668227,-0.8419937797616007,1.9992396963335024,-0.9009700184262551,-0.3872493659789524,0.37703383782801303,-0.056014671833671356,2.2085166800091733,0.589503049877248,1.1702608313680876,0.7063706972505993,-0.6799362542946168,-1.6711873328966327,0.6273920740836848,-0.27215437763923833,-1.2409090655098076,1.629588617431935,1.3054729405706766,0.01579430105737277,0.9112746398340557,1.6074193470813503,-0.14595227263352686,1.1787397760052507,0.017917738221916595,1.706462455746808,0.6844227200437256,1.1822403898584486,-1.9340439217476193,0.3302480893350243,0.33892938479967777,-0.2673010743900444,-0.35923655034770324,-0.9196953187613095,-0.24144306041634547,2.2424311574609384,1.5006982776594644,1.3355561782979053,2.19327750306061,0.9315450858532519,0.09136966439671572
0.0394621993039307,0.1609371976492595,-0.4926548532134034,-0.9729929600372168,-1.1363362231559908,-1.5747279257641131,0.3929073590143916,0.3763944693456809,0.5194366231917376,0.6507704148719917,1.6563225078035575,1.924845495123521,0.0471046977593133,2.423106130613554,-0.3990279315499204,0.4004319938562802,1.4318890637745134,-0.4590044602229095,-1.3815490588794384,-1.611717065618854,2.060826563902659,-0.5290246506387777,-0.1857367634184986,-1.1127640783210544,0.9483392793291884,-0.7815598592245849,-0.4912630276613219,0.2995204194161605,-1.0640459272455725,-0.1785822695142253,1.4022095895032698,0.4282543975168632,0.1305422924283584,0.214864709463865,-0.3891350959765637,1.9961523197549256,-0.8121571305340674,0.2109261619639301,0.1150255663428071,1.0087625071331352,1.1031739387936397,-0.0320188044870708,0.2906664931130496,0.3285347539139482,-2.272141655570607,-1.5889896024777754,-0.6050636907219706,-0.5615986763768689,-1.1992824219641325,0.7495825713736299,51.749442874029306,-0.1490366667295299,-0.6856102810818078,-0.08589324971779164,-0.4856511760906721,-1.0262196387450275,1.434734979664344,-0.25593056166975336,-0.7345580968654715,-0.8071399829793362,-0.5964175185933182,2.1071185232060228,0.1327878150770647,1.1399751145005097,-2.4619797058899167,-1.0974395765349592,-0.9460298263509611,0.2530084866777919,1.3060614618427262,-2.8388403307831935,-0.5467841559157098,-0.08374443538190161,-1.6642092727005329,2.09018482476606,-0.1039195114788388,1.2333421804507967,-0.4003377182727271,-0.29639865154618206,-0.5588426970712582,-0.5423499736103137,-0.16235110816511772,1.5052386894064136,-0.04906552846734478,1.7733350570043276,-1.0828340625830453,-0.5411811545334609,0.6601315794508399,0.9837917519532065,0.6002250417454383,0.9822575212039218,-0.11710405608922823,0.9528001076053968,-0.5801452652155596,0.6547472191614669,1.4046883313272998,-0.22757931935184353,-0.3086431296882937,-0.3752311512879533,0.6461402606020927,-0.09118694286731123,1.931733004669761
-0.4551554604481617,0.2611220490426862,0.4380543022223761,0.7877635554457576,0.3338759810280204,0.4915734160151054,-1.581342872243211,-2.2604094090064564,1.5711944408497442,1.800533638781884,-0.7886050043984563,0.1051534782868254,-1.5916229434926827,-0.872344827373172,0.6767817963674292,-0.4380424001569771,1.6834862327346027,-1.698556068590349,-0.3456031899143635,-0.4377781044847719,-0.0089341543570661,-1.2267635974454518,-0.5804778781768032,0.7891234306540663,-0.2694013108795989,-1.069727905206772,2.0800502598993984,0.0490998106670436,0.6133439566185207,0.7641443125351484,-0.070757822784409,-0.7897436378806841,0.199197675907448,-0.7001116301516942,0.371568796614694,-0.1642403399926962,1.0294150096736838,-1.1415004590099005,0.7185169231098952,0.613780268430649,-0.2390232897982261,0.7301955440699603,0.418892868422754,0.667151779369048,0.6035161101307024,0.0501203723431657,-0.5962042974037324,-0.6077552098996957,-0.2146464204476317,0.8431433523124976,53.14607322488311,-0.006653454631237347,0.32380012760594523,0.8126894256439955,-1.9593902260907439,-0.36623153931826163,-0.4600762541334986,1.3704096939838664,1.013455821741101,1.0033827642199402,1.9508518023679295,-0.6913846151782217,1.5080122737897765,-0.10155820367255168,-0.7888492497413011,0.3438678131479371,0.46644580083980597,-0.6116015792028642,0.5661869364210564,-1.0293626899886377,2.6041583532456154,-0.29961744891075925,0.2333021065643773,0.02468776388565832,-0.7079729470064022,0.43234696420778335,-0.3029282658056264,0.5866495703386697,1.0004366772966917,-1.225821768681723,-0.992089680099622,-1.3113538919198857,0.6755187365822855,0.011286223160318652,1.4673820105354922,0.6770023973137358,1.0721858374302682,0.02737247869320873,-0.09298240734595058,0.5115029991322932,0.3648287889421647,-0.5358206557192421,-0.49589815629597495,-0.47482378421047405,-2.463886694684311,-0.4881863780695798,-1.478447420270831,0.3838946998444078,1.6904034430144184,0.7164553793160368,0.2863411877133191
1.5947619890438636,1.4337146782993333,-0.2278842883819059,-0.1721728650185388,-0.9603530521421138,-0.7029051084967177,-0.2103576037769118,-0.3573080361822695,-0.3884112409887751,-0.1858209632984015,1.4295196585259922,-0.3030927196917261,0.1704429987213628,0.726870523744936,0.5541429265127488,-0.614423524447842,0.0963771231140358,0.5475398201690533,-1.1283513375107777,1.263539010796508,1.431588905214111,-0.7227802554444938,0.1936700183481687,0.6422782566710317,-0.5456141563287527,0.4816138456880944,0.1632556262921654,-1.4679181776388008,0.4591613159785581,-1.1001424162710358,0.9392028516620472,-0.6712110751338888,-0.161285433661145,1.372278913446575,0.4963816465288452,-1.0794739195745453,-1.0149165707990837,-0.5993027886237254,0.394644083356666,0.3582998149327681,-0.8431023046628692,-1.167209485614359,0.2815834050858342,-0.1818600657901619,2.1572158874477374,0.0366036565630789,1.8142528277002747,-1.17038359810434,-1.5732129395617072,-1.1200851325255343,45.36420911249999,-1.3191450452019449,-0.2914899789934903,0.5779105137915099,0.7326493607290827,0.44388023021743567,-0.06638761758997193,1.4294578020440076,0.17698631145506066,0.12181470577485806,0.2711070348970328,0.6875643519941369,-0.520438985392111,-0.4822722102015164,-0.26130011056889496,-0.9883944384668729,-0.12050819676589646,-0.5072155476055451,-0.12399297370756884,1.5751373210879114,0.8682116183855557,1.6852235114797387,1.4546055390688633,-1.9631729098813249,-0.8215141124852376,0.13451567159461553,0.19177243364413823,0.0529610899146122,-0.018638255594339036,0.43488634036358464,-0.8361951381595797,-1.8615435281616473,-0.16462909752818766,0.0317487576237926,2.9622138644205442,1.108841419071706,0.3911072442408998,0.3216893700802989,-1.0432034011890876,1.07066002828769,0.5387409256759493,0.2586560299831514,0.04130141786486448,0.7531941940567736,-1.9038895341252002,-0.26575124088784435,0.965679956276048,-1.0889876118721935,0.9858039103443025,-0.8318077936161518,-1.088075672714367
-0.6217715111428042,-0.5512549814702118,-1.0477990436021298,-0.9911272677303355,0.2385048738085951,0.8650638493076179,-0.8397175571153462,-1.26333328896986,0.1267448661508152,0.2752732183890903,0.2714527942766082,-0.6141259682265786,1.0000000260772437,1.5626849505709357,-0.2974641746572593,0.9202587609701054,-0.2123045415765996,-0.9364311967413436,-0.4257177405551623,0.085569740756213,-1.7869576644270715,0.6256567614454964,0.0860208489363638,1.0005439574691546,0.6081375537713583,0.1199483171638884,-0.3558349353494628,1.5228617217029874,2.169872686836033,-0.3391494050598114,1.042293473702551,-0.7067496589653025,-0.5876859536890603,-0.3862449514984988,0.6846826876063495,-1.074913294339058,1.5499642270042344,0.9378722573730296,0.6615152054288809,-0.2938146660026889,0.8294875898567414,-2.9173628613030647,0.440901363492499,0.1601220676627456,-1.886215565217895,0.4062529827321687,0.5908917258760729,-1.8537327448341785,-1.1867714176520807,2.064389151850951,40.83943389646775,0.8044391101108651,-1.6504912100377618,0.030478850265664822,0.8554600086826448,0.011141563048757437,-0.33263731835095905,1.4644543122672997,0.5469610954632903,1.5452571697547433,0.939579412355179,-0.3234794218766272,-0.014686414391873468,1.3380271627819205,1.0823538731623088,0.26593258631826233,0.23125774718408365,1.0462572134371722,-0.7296043637016657,-0.6866592091733184,0.3415594734479631,1.778269239304477,-0.6515274797657549,1.1970945262589563,0.22384017278323629,-0.2567345788425684,-0.7374338889839753,-1.3552054073404338,-1.2348836273343775,0.8349173474267537,-0.48214261100469924,-0.08974533601511399,-0.715393571239174,-0.5166771070339689,-0.3303492465514715,0.80633201905893,0.5468017883385884,0.9149082035567687,0.19358699506569838,-1.4559855451036634,0.6418107560002312,-0.12951692306300036,0.20396560091124497,-0.05578622690702294,-0.3997279824149245,-0.9487840855769527,-1.541566171854868,-1.9398859788059604,-0.6419809735454817,0.3684036250303284,0.34196597992327854
-1.938381139081924,-2.1151000258275943,0.3790470313564402,0.4559825459089988,-0.7767013260997346,-0.6651000861109146,0.6318042771966538,0.3911862294827675,-0.9535790950162044,-1.1366977818692623,1.2031772432515964,-0.0473470797557908,-0.5691041116785548,-0.4995150237628397,-0.0110805261343038,1.00295181583541,-0.1605128520915885,0.7905328301777776,0.4673777768460481,-0.8783390401809738,-0.8791293679871233,-0.4502665919314783,-1.3368376546622682,-0.5141388557993929,1.5134334167313848,-0.0313903358273701,-0.7664526660874534,1.9157446518204777,-0.930617319726204,-0.961882966805388,1.2294856818066993,0.6613180596003198,-0.1300588525263863,0.8319088999891613,0.300600001229167,-1.1861924157388255,-2.397584707014306,-0.5673451517072902,1.0849248358982797,-0.4284700883466152,0.460097198349244,0.1844854484450672,-1.693500294614399,-0.4063956937063165,0.3588793304465783,-0.7871462555043668,-0.3625381570279519,0.3917470920971114,0.0726299991429796,1.046909740924715,49.17935748026079,-0.15721389336445102,-0.050422851721487694,-1.4919361464713747,1.2873243901521403,0.709641290505807,0.4915421208773093,-0.5615879353732794,0.06884573128385278,2.414217312238733,-0.9000542326642493,-1.1584131725727902,-1.8015029965080767,1.0075806827627332,-1.2584148305649208,0.14091764823475636,-0.0850731748251321,1.6022113887316758,0.9424092950341348,-0.5115852052062981,0.3941288958921099,0.6401248756416215,0.06859835422886011,-0.7513885026828745,-0.8462336621965075,1.178301444943211,0.02496986338196453,-1.8448803728381054,-1.451589578549887,-1.348447749031108,0.5071657592155541,1.2620904960258454,0.21717637258489192,-1.631735399777714,0.04769947087362862,0.5992716708727502,1.4346987329613874,-1.138854967307,-1.4400225578501806,-0.40720196174469764,0.0032443440781993525,3.215947243111665,0.43099121927838796,1.4601059062478023,2.1201597078736754,-1.1685165527852863,-0.9032637051054866,0.05567430649672625,-0.8337091559586342,-1.0852670583970272,0.7048153128918327
-0.2093430623917396,0.1380910351695585,-1.143784753802905,-1.373897741709329,-0.4341976179438306,-0.5635023448149237,0.8305710134214074,1.342256724756747,0.9625882139842246,1.049947734737822,-0.0502296845899364,1.5404289516874607,-1.173699642777493,0.7825951266852254,-1.4480832081439898,1.684037627431329,-0.4303145247509898,2.229043724523813,1.72806379864183,-0.1064305095813878,-0.7194053731104106,0.1947754718909138,-0.1801589666465637,-0.4015669635855927,-1.658113254578297,-0.5145535836545869,-1.1104791217562398,0.5516477064252365,0.9910713165974248,0.7406840039235968,0.3423750896275073,-0.8529070671409017,0.2054007726019101,0.7927651436443759,-0.5862355743997301,0.1189864213950062,-0.1454615892699231,1.6623666696104846,0.8515481352645246,0.6091596117483914,-1.716693733965435,0.1728373267675833,-0.15501342892457,-0.1636571105698728,-1.5634134727416404,-1.0877686222975695,-0.0680174879057826,1.1143557781904612,-0.5905245698394233,-0.3999387271042673,26.526797428769065,1.0804598690053497,-0.15673039822252585,0.49444341408361847,0.47097850370678035,1.2656295355856315,-0.5380372431374223,1.9898550733375573,2.10367310306172,-0.4702435923032813,-1.5734497601022186,0.1976493028995068,-0.6642043439462315,-1.4104272038242296,-1.2386461271140756,0.15103290905513567,-0.2772031153416828,-0.697283680469814,-0.22946979131971185,1.2736650541304377,0.4039767650554655,0.9698408648399088,-1.5197888033519922,1.0437133532761307,1.097221329671825,-1.073050958706466,1.1777063543550181,0.48752205869567816,-0.09081983337538539,1.1446649842487395,0.7565319009867107,-0.03218056512901509,-0.337502066157465,-0.5620938101481859,1.015046943458476,0.680176080063276,-0.13451512782328243,0.47438303898169265,-0.052085761646117223,0.06323765706912303,-3.3307860143946333,0.48839956236244525,1.7446550619086891,-0.737015875785262,0.0254406820750314,0.041044328103827146,-1.701064270926387,0.38334213970512815,-1.8041227197116072,-0.1221853577687985,-0.3416952121919562
-1.0371168199996268,-0.947284504089458,-1.5852700788126293,-1.1367802756760723,-1.198822426863515,-1.2918135094552112,-0.4960321976698295,-0.330826429037741,0.8544673443562326,0.7087991048645014,-1.5024098394124243,-2.0483373778092178,0.1623178094754984,-0.6654995319284293,-0.1573613888638843,0.329541155152203,1.4431770138315412,-1.7475054868925834,-1.012457625452728,-0.0852342939510981,-1.140193585266753,-1.4890559680155546,1.3095773686822223,-1.0479570405110468,-1.3091852211566728,-1.1481494881808638,1.0859937950796388,-0.6953816500488362,-1.3856160542311489,-0.8401619008497354,-0.0481706618755112,0.8917709956062757,0.8077684792261496,-0.7777690059554415,-0.531124126337735,2.102884070979089,0.9956845304814996,-0.2517801909315992,-2.295152440146726,-0.4588286584021518,-1.326619362139237,-0.862681385781058,-0.9653318217729684,-0.2312081628170758,0.0697596165673769,-0.7315808415853126,-1.2777063102540531,-0.178931267283909,-0.4982787771061581,-1.8975391938116,21.477019194192433,-1.8449052402960937,1.06240150987512,0.7236136191777794,0.8456015144669514,-0.36879593667783545,0.06691572423736862,0.3509425048957069,0.5963970691176537,-0.429063876901458,-1.2210774640880675,0.4006918370857067,-1.9062723220007058,1.0858213192287456,0.9605779037089842,-0.6403187591794156,0.4846907796184085,0.24295635213135128,1.1683646329483,-0.7928636050723185,-0.6945669453637701,0.23609816417071042,-0.672175191250047,0.12156748771264907,1.3808065884550094,0.48087506544596653,-1.6729616095371351,1.704110520866804,0.9908851216043476,-0.1013503103838119,-0.7255411589750427,0.2599553065442319,0.5621895306852417,1.6594194988582092,1.0094696724921264,1.0574531394341933,0.6051153345389434,-1.970911088659686,-1.8007174883715154,-0.7655184968435811,0.5955383221999349,-1.1414567992076388,-1.524631319721042,1.4387631124233622,-1.1624189639290536,0.11411575013335006,0.9631647253543423,1.703973771732034,-2.0105781283618955,1.0756934280298593,0.7952796573157087
0.2338651010092469,-0.0022507059877135,0.625318334021503,0.8174479057854372,1.3523625459261506,1.1090776415558496,2.052073311421935,2.15935905273163,-0.627092824772296,-0.1464149213071098,-0.1464806707281613,1.006411040026555,-1.0578366186102344,0.2607668174830632,-0.578212098219754,0.2951409793374166,-0.0647722597978765,0.0929356526829778,-0.5499248324643456,-0.5100639500960824,0.2872725140274269,0.9437155057560443,-0.5982793341978477,-0.8687675445729097,0.613460165671837,-0.0325038930576894,0.830498133985952,-0.9057972133711476,-1.7794389254234309,-0.5330040818263343,-0.766352609265016,-0.0787884000802999,-0.6368452142703895,0.7410169513364492,-0.2881502624225162,0.1504744987739009,0.1576345584409439,0.1949550924121873,-0.0241291104549734,0.5106006904103135,-0.7956551338258075,1.399417926653883,-0.2365373833685352,-1.3115491378986817,0.188073356991773,-0.851180482447485,0.665334534508875,2.2096055760423776,-0.7865720915578501,0.3323723332239848,64.62463249883417,-1.0171921705453906,-2.2344264423142026,2.3004100854469702,1.840217134841991,-0.4785672420161137,-1.235343817146005,1.6263804056686328,-0.4879933162072253,-0.24624212194871742,-0.09713110915763724,0.5586265327545139,0.4291781198749986,-0.154373534723929,-1.375225117962206,2.0350091093347893,-0.40609112889156374,-0.243078056079208,0.4008231637352854,0.7634381813894765,-1.7515027038203508,-1.3699857724669031,0.3408816594615606,-1.5704148248389855,-0.042804497568092424,0.3449338425226121,-2.1169025919563484,0.31498753542050073,-2.078969564967517,-1.2558167842423265,0.8007601833715027,-0.43971156043633197,-0.8095673868458734,1.0790113624135365,0.17830995631569363,0.3177217350129339,-1.0531385098995758,0.862356164470016,-1.6547849517952353,0.9707845542771427,-1.970288616052164,1.7522111572056083,-1.2052471644989584,0.9834764405625623,0.8220484403720753,0.2238756784689018,0.5720856825544234,2.06318341931558,-0.6122657653113872,0.8120380720416848,0.7062900561002204
-0.8969775875339154,-0.4733120570900541,0.6202457727272859,0.5669424283829442,0.6250908336340693,0.2565546900639706,0.3180114926675134,-0.3470018415300872,-0.6024899379467953,-1.1059371526935888,-0.4851150634836415,0.5441233503995898,-0.6478372818743074,2.129616646867411,0.4412632166932883,0.1194874899103918,-0.6063373158252868,0.9157370120091122,-1.2119422262768509,0.3157714378321137,-0.4355296799271633,0.1209296427496886,0.4862731924090638,-1.1456623229825649,-1.6709320126528755,-0.93165278508733,0.8792417420572523,0.3731333914747823,-0.4029013265521171,1.968147100318418,1.2850983638644986,1.043461984944763,-0.7242053907654499,1.0323476201672648,0.3407081540959084,-0.7222648950649616,-0.104100682147201,-1.0384346713060235,-0.7134846037733742,-1.1441757412110474,0.9565541298517434,-0.0709258208874953,-0.9415988383485344,0.5173743292837797,0.0015033164045851,1.0505054812667218,0.1333367089299953,-1.4371876911985555,-0.4967436626659966,-1.1571948859546153,56.91961368490256,0.5166693086481229,0.235199828854701,1.075433063105038,-0.7454734920621153,0.9577276536620096,1.1646652085015716,-0.5026196138317597,0.8209668843684006,0.5957022501755148,-1.9941288434792566,-2.6222191545409426,0.8316375589515773,-0.8609115305933583,-0.17898344139169084,0.35820663387037477,-1.5886881303775897,0.8638716595520065,0.4079971272497635,1.1741881650593213,-0.5506851265158396,-0.9797427560096463,0.7437158203998124,0.26126170860518405,1.1387808119221292,0.04337195668334984,1.2459138486184576,0.6240901831841357,0.20045003912884646,-0.8482871944946482,-0.9086158879680972,0.14627904381135326,-1.0223096560479346,-0.7727086601309809,-0.976169018468538,-0.03964207789491337,0.0792769154367707,-0.3847560032107115,-0.45404639815968423,-0.5122488471822143,-0.6068852617171128,1.0429936246590428,-2.441915562924823,-0.4403966431119995,1.6619297703472755,-0.03394224289090872,1.6182857249576108,-0.27856809862348714,1.267004998622063,0.5684752117493578,-0.4584450688214202
-0.3022884430935042,0.0175706612212945,1.5349462740315112,1.5049405709821022,0.0784638934484146,0.0936803751422557,0.826834717872908,1.0244539976309817,-0.7513801233865582,-0.4980193938885232,0.2462082277540191,2.0139300303898144,0.1871474868773338,-0.2456533521255339,1.3841401240464637,0.3011869580777671,0.1334226345092895,-1.2003642056425945,0.6602178051358282,-0.4933103829559084,-0.4477912090739742,-0.4905488454051715,0.4390338346953026,-1.53537627357569,-0.2108453427258072,0.980278991109378,-1.2456688693400075,0.1728789609345851,-0.6313994202708345,-0.4036931194656334,1.655152260389907,-1.6504891835450084,0.7656303381716163,-0.4779282687772126,-0.5276639851456674,-1.1115623424882677,0.7538996372736357,-0.1914046162840162,-0.3176694137946522,0.1098369292040746,-0.1702871257418005,-2.0006878797535244,-0.4908241829773584,0.8954408909483242,-1.5066164641123083,-1.0899378998563545,-0.4267913953985256,-0.725623418637142,-0.027885482141608,-1.0930767516787407,44.90718740286029,-0.7991105708252652,-1.1555680481057173,-1.8991763879154675,-0.9438507054237175,1.0370472887399296,0.6707409459502034,-0.29859673760962646,-1.6376049174566718,1.32596997047509,-1.0065904164097708,-1.2348457136690911,-0.22163488657080457,-1.9792058592406632,-0.1586511834690122,-0.27870892421964716,-1.8739700756824453,-0.3885160223564554,0.5945261269679613,0.4785303141499034,-0.018356224193736944,1.1461819030494391,0.5559487499581871,0.1877094481279248,-0.41154894830274796,0.7877296574335861,-1.463626458032287,-0.9047063055854803,0.892377134884908,-0.9432427626437779,-0.61177365396552,0.9444771321985024,1.3154402182249612,-0.5783871217234395,1.8181588366757873,-1.3689405567031943,2.259283720273219,-0.08645742057300403,-0.7162669418890676,-0.7634731228902925,-2.3912418679213387,0.044961761758351496,-0.8419765290621017,-0.8783327991137353,-0.6386898406438029,-0.08308800314950383,-0.44125560951006937,0.9121147771056591,-0.4981271602150922,0.4162768309522312,1.5517029929977706
1.719471166538944,1.159731153989802,-0.0809324584786576,-0.1602530164548692,0.1633027911462813,0.3587661896801474,-0.1789599428757498,0.0991136655404261,0.3650240292301431,0.3232214813965071,-0.3167882617840185,-1.4560438306165069,-0.4251108376609441,-0.4330543241388332,0.5754408260860393,-0.0152246260720744,1.0831680212248993,0.2813530234994983,-0.5043498231391349,-0.8148757764833898,-0.6033746901693642,0.1607689359928682,-0.372793208320441,-1.076439286727688,1.0067158560221894,0.1523113577999963,0.2747194949601069,-0.822623764569387,-1.0415977389557871,-0.1622359898219602,-2.028215419458702,0.779813309964342,-0.7040233738781818,-0.2677047439957105,0.4269192982526018,-0.2246350776060705,-1.1683744557718352,1.505700359810788,-1.5325820085360289,-2.2365451073845644,0.8746003361213883,-1.459431190547515,1.252782874534157,0.376888204378321,0.2830037258416618,-0.5690283009643133,-0.8254004514614689,-0.3762541724286898,-0.8772178815048743,1.2076680049268618,61.8297628025088,-0.1645356580496962,0.3192233421955466,0.07842939901864268,-1.0945865395529288,0.740590868103047,-0.2922597619017695,0.27402735267208544,0.1196002626671043,-0.6528084841698033,-0.5863606859712936,0.9575547190218846,0.28588696725679236,-0.2689161946978014,0.21757953634296223,0.26427057306180435,0.1844165694269777,-1.9264549394595483,-0.9196269384375572,-1.4448973229642597,-0.6478173012280894,1.2737053478111904,-2.0315513107472367,1.1517714693868732,-0.7143517832841195,0.03373729493280132,-0.3800719668924537,1.014894342063009,-1.277949885321198,-0.9254552480990578,-1.4495235207054613,0.4121092051372377,2.2725276138044332,2.13508200893013,0.6812343199949997,0.31812686237369603,0.8148253797881114,-0.5553682568228798,0.38428868066582644,0.9404565783741969,1.698553206067221,-0.437327684847254,-0.44416742136371407,1.927688056490815,0.4544055593214179,-1.2030760107564613,-0.8239751584107831,0.3150902334695747,-0.6764278860792328,-0.7361222943903317,-0.7835793053616179
-1.6701423855430897,-1.9193892062127356,-1.212174167372697,-1.3752115269635037,-0.1176477141282644,0.4606155653507229,0.2139259670200002,0.8083418283323595,-2.5987811708350432,-2.2985757342138102,-0.145188659460914,0.6212617842511813,-1.0581314963866693,0.8296557273997315,-0.5093776786082543,-0.2992997884544126,0.5279394797054283,-1.1894256447059588,0.8242063839985788,-1.354641497356342,0.6551754926653098,-0.2354710786104595,-0.1537697905875334,-3.0651387724171477,-0.5907583802424837,-0.2102221326329248,1.54862426565571,-0.0359197156629641,-0.6529682220007946,0.8336582055381897,-0.5051638275318912,1.0322124784043658,0.2613493895565287,-0.8995566712902001,0.9378655390099648,0.6010362166022803,0.8957074233602267,-0.18211623084438,0.6011311359953174,1.920488390462848,0.1714011072918748,-0.3986425901153586,1.5439596148346848,0.667108991929203,-0.4504868506455491,1.735126600254703,-1.20341698929691,0.5291646873050377,1.1464886608392395,1.0717449727404802,76.31258477191102,0.0006991175571747527,0.37428005557730587,1.8113750286649815,-0.2657695864939831,-0.9521788067393494,-0.4691490300258103,0.15187760961393976,0.3191602900919905,0.38124426647807275,-1.320925306063301,-0.9236069626087919,-0.3257304552504472,-0.01222758521992526,-0.7498482103826004,-0.7744616439243102,-0.44721781472885597,1.0036907111120021,-1.0221362438736228,-0.6039858592158763,-1.2860835499599486,1.054127008309619,-0.45693483913474303,0.5221638703884174,1.1002751801452397,-0.5345275899374476,0.6084796813064874,1.0025044548820388,-0.6339666256300026,0.5699013964426419,-1.4793077461833894,0.5755087277566842,1.822271226723243,-1.0201552225268866,0.22054890689522208,1.0283383769578813,-0.08599431564531318,-0.04104785170187289,-0.01865679377762594,-1.0454545078799107,0.4173034615036174,-1.3263766461762694,-0.6984224386906184,-0.9026286254062197,0.15675738517963128,-0.4873689446800402,-0.5248106343369602,0.002271270365516016,0.6996362769517311,0.14248067306008824,0.43731177832472085
-0.1938391732444289,-0.093151931430955,-0.8181339862468417,-0.8391810738653793,-0.4794714821692649,-0.4902128854191591,0.9770115228452544,0.7147744400750224,-1.0004732492028947,-1.3194285797176717,-0.0148162924604952,0.8882712116950333,0.3205800776114303,0.5379075419978648,0.3493289094784953,0.8462190150378418,-0.2004109825211719,0.1648899605739864,0.0283750620663166,-0.4379556355472514,1.011707307880034,0.9906419740195044,1.2057888039829996,-0.7636994559364335,0.3508091510775303,1.0923670444170932,1.502896423254235,-1.508631581873575,-0.0028861801395627,-0.1892162238342964,1.5908405694101997,-2.2093498180726563,-1.0473166273632877,1.4330326200963683,-0.469719905209442,-1.3014598796930354,1.512037141532155,-1.4318146972254373,1.0220360556562482,-1.5602561295087978,-1.4425313100703772,0.2001413229795765,-0.8483090502304278,0.2723350667617914,1.802044908284986,-0.155013890763635,1.6277873203939814,0.3242917543207614,0.955872424424036,-2.353232827286805,67.82520863078538,0.1582559809533675,-0.0868447771301917,0.6235488569016372,1.4334224198251682,0.42265506550160375,0.6446282463176967,1.2548119434691696,0.1310207620786982,-0.13592728985576719,-2.1236830173248293,0.20294405031011112,0.7405453658744364,1.5873276541102175,-0.9269943866745629,-0.3863044984779063,-1.7290991774320505,-0.3034836298567393,-1.0567094483632247,2.713619777528997,-0.7482103149624749,0.3460523100870328,-0.9672811102946235,-1.2394116470550913,1.5798669556055074,0.09251130898214224,-0.059226168670772995,-0.6961984723041789,0.5723669415776499,0.8638277286885493,-0.9194273607965344,-1.6632344792394895,-0.07192559294852517,-0.7154255205767448,-0.7228276301385732,-1.1007221996634915,0.2645406157361685,0.25538336538533213,2.1003956109556703,-0.9967184101416476,-0.3258117824897338,0.43053789319813046,-1.1389482066999677,0.30638280074245927,0.5722653729016526,0.16127459380310194,-1.3327707749297721,-0.037477428026958505,-0.8615331681829262,0.783275553112538,-0.6021139162286057
-0.4235985817281771,-0.1866093456033781,-0.9741218462163684,-0.7790193473073682,-1.307369782230964,-1.1741498241986383,-0.6300249795338944,-0.687321805646723,-0.1969218079968895,-0.183257151461491,0.044358797515607,-1.745707432859652,0.4947056537750324,0.3834350314036441,-0.4093084740957212,1.0059245117964166,-1.1274960989530387,1.127908993253569,0.1544936655952511,-0.3365525898781734,-0.0198736353683115,-0.1072647658109417,1.220282896417717,-1.0766791274710137,-0.7625192391465982,1.0363028920724795,-0.5955349351838592,0.9005330773315916,1.6994359830087096,-0.4017950269416336,0.6813623265753054,-1.1536922813398585,0.7547332980678092,0.1994239859867671,0.4730382821602152,-0.645572072035395,-1.6610834155671723,0.5032520647495048,-2.0634031524794545,-0.3173504922425348,0.9411818664199696,0.191897735873036,1.948342644789813,1.0251091525817737,-0.6538983883255765,0.0273133798514386,-0.0473707025444359,-1.5821767633461272,-0.9403989164843533,-0.5607609069798603,28.298186829149625,-0.6775662127337071,0.8072931248110842,0.32865216037320905,0.5280683677462349,0.10947060404728903,-0.7072933806359618,-0.23212931854845434,-0.3337788708388873,0.6181091025405885,0.2896536982097579,-1.2580246952287855,0.12946193512519885,0.9572338077486858,0.3348944417522922,2.3919199321195173,0.10653496705378047,-0.19944371588805515,1.0474969148759905,-0.4905236525315732,1.0357324669729413,1.0912989562952675,-0.3090282758170436,1.002269272618513,1.9631579869922164,-1.592103669637827,-0.07328787900357472,0.5454087738331277,0.8485379473419877,1.6991455815232015,-0.025731755889352552,2.138282316458755,1.0551271715811792,-0.42958164559171663,0.057955168641172075,-0.22905672214168965,-0.020998256334276225,0.7543139687865577,-0.26516177223404164,0.5082764311900971,1.4189040694751835,-0.6751563752501056,0.0890737697140614,0.34535686073450617,-0.4589573337942803,-0.5387411578546822,1.4286517806288948,-0.1449494504225805,1.8405651181061153,-0.24315444871494035,-1.6929077124447374
0.4047475053155036,0.2286235644057642,-0.1718250446767187,-0.1036468534341399,0.4353581270481474,0.2922190124584134,0.8910786773973972,0.8889691794162137,0.1716537699688964,-0.3792648963096366,-1.5243590701971772,1.6956098601292395,-0.2898219088683968,0.5708915863683052,-0.325659680593601,-0.702541629551626,0.4845771927942285,1.0421283086144433,0.4730079549674051,-0.5421157866828823,3.611350062815669,1.1985736708662522,0.9333423042072528,-0.3529642307422042,-0.6251657882890393,-0.2798390758429393,1.0814065443924832,-0.990604337075828,-1.068203831454317,0.5395475333610181,0.3191964446421203,-0.7703135378908958,-1.0912035784152248,1.437896993368432,0.3570044252995619,-1.3635358637280326,-1.293625536082294,-0.3615119724504693,0.7328418069976331,0.5950088021082799,1.1316785370012177,-1.4903498074607977,0.2238466897796567,1.4259103323213609,1.3328017304760988,0.3589099814126859,2.348018508653876,0.6092851164158597,1.042746632841343,0.0444479187755067,64.51008604572269,0.14928656347247762,-1.245766059099699,0.9002286589152358,0.4886919527092181,1.0525289413496632,0.12536531576516902,1.1646149903103564,-1.0122733568370152,1.5094576934076902,0.04587144488456494,0.7316011021584401,-1.9856633558035592,-0.5828867213760348,-0.8959958531697858,-0.7673808064423085,-0.09387455497335931,0.43558791669183916,-0.9457215875184727,2.986329375576428,0.7481957843941472,-0.058137294499229976,-0.11119143548734531,-0.4140644328003226,0.332655071477108,0.6127147311965667,0.07239664781829855,-1.7664178506729673,1.6040982221990354,-0.6982222323384965,-0.9939813806107903,-1.6512538430900197,-0.6862827822133699,-1.3580100590415056,-1.814447367262549,0.4253731067989882,0.23170061977835565,1.299500767006587,-3.299410445554966,1.3438214295481254,0.5320288361173547,-0.8799683576065088,-0.38668632198399133,0.010004445747878203,0.6286310017788237,0.292168651847224,3.37663390862728,-0.10192437697238589,-0.2616674882456412,-0.2045818112704244,0.35837197808086263
1.6641920547838993,1.4348996158840874,-0.4906122340266526,-0.0903504018388641,-1.120896973768159,-1.2849111464158247,1.0525473107347487,1.221050623351739,0.2472714521087559,0.0902864668903752,-1.4512262989011584,-0.9242684025950716,1.21317918839159,0.5328917202270399,-0.6172857068788872,1.202249003361171,1.2065357234543024,0.2690526930157071,-0.9001602278736629,-0.4134487034717953,0.2863867439553901,-0.1885948291474882,0.9389571782348514,-1.5297740801093362,-1.4942635290662387,0.1808711114824324,-0.4915444138069045,-0.6270486146977409,-1.7680567191743972,0.0195458447981817,-0.0527551080007656,0.6534789819517407,0.0689061331209721,-0.1326040782404967,1.1770006367903372,-1.31246730344855,0.5363892188475762,-1.6711471647953489,-0.8383618800008077,-1.2126571326233138,0.7819425354519183,-0.065410233595394,-0.0135032445929767,-1.106732987729451,-0.2996934959328892,-0.7634653033091117,0.383455014854216,-0.9910911353316136,1.329794365205076,-1.6755804496240945,59.93927176824053,-0.7825437052344801,1.1077204502817004,-0.622378194990803,-1.8193079286647236,-0.5728720895377487,1.161398787431406,0.7322345071326534,-0.7893470120509625,-0.24032823743301487,0.7790298676301294,0.9312695959955741,0.9399808180928202,0.38934239421973693,-1.3599691901191746,-0.07777270026441621,-0.4996135932227324,0.3528336431526199,-0.8211597081953365,1.7089640520298932,0.1714097959035053,0.6213903365383007,1.0663518911952374,1.7202653088549351,0.8621103951896245,0.8682292534995744,2.518714099294463,0.7239119667589867,-0.58634080130006,0.3429562674553059,1.4980843617057056,0.1564220204206677,0.5081792890523279,-0.5375102708450441,0.740904633051127,1.5123657973712692,-0.3990068502286412,0.04854854468103579,-2.0343390357733857,0.1616789110029908,0.12459075794206703,0.7754095344039733,-0.8847348374730727,0.7813434393694474,0.8384680520915719,-0.13520951313015353,-0.7238117978770413,1.6566137147072568,0.9306886339120374,-0.4702253330854083,1.929327986322298
0.639604902921725,1.1541526027689342,0.2574780873216384,0.4775350967699047,-0.7425413685042086,-0.8828513506252018,-0.9633532081738034,-0.4971925365666551,-0.1199420868966771,-0.2659671806139952,0.3868116905793329,0.6894173243859768,-0.1971290981858698,0.405674474911667,1.81273541748791,-1.3455420838698489,-1.8390942726092696,0.6369130224322067,-0.848542733564475,-1.3817312813799791,0.5339077898464336,-1.0043761501451285,1.5390560851002069,0.1564696139760946,-0.2026058326943661,-0.8215804174491776,0.2151883738310904,-1.5909213386700802,-2.468290027187743,-1.55415405187961,1.1371901565286588,-0.9241391445750604,-1.4345022661376443,-0.0888014026710853,2.224687628990367,1.0918946086607595,-0.8004447469146592,-0.8184641051466727,-0.7959551121142107,-0.9102646302881252,0.5437932981052039,-0.3359484853928469,-1.1131398773474654,-1.33626712251715,2.301033609213353,0.7387462213769611,-0.8560901394106828,1.2123594674626208,-1.1523891741341,-0.1371104934499599,29.608066907089384,0.6742804687467753,-0.7080788661941414,0.4780899966274559,-0.6931868272364192,-1.666610291149916,-0.8112571191371925,-0.21339221860714852,0.10207491624738367,-1.6698676666737307,-1.1104257492524425,0.7319099061723667,-0.3895427945831535,0.8262494226728235,1.2277999878516854,-0.456104849749766,0.24680931818085258,0.456121658752389,0.5375171269731426,0.5190695393722207,0.5870979263002958,-0.2046823681201177,0.29523703669352597,-0.35477988735035715,0.31061722846614837,-0.6566145314461566,1.7806249559172147,-0.5724175857800458,-0.815576854438179,-0.6470258002986565,-0.9324969863289585,-0.15044774625148527,-0.5838027669199817,-0.5223083274730251,0.9847346857512055,-1.1585691575463308,0.49487120020162356,-1.661590238341676,-1.1961266586802455,-1.6158441299088375,0.39514433315690634,1.5449046987091442,0.15105575691727147,-0.9305707077566631,0.7142993841007695,-0.14292023225737802,0.5926980809082312,0.21457835371221973,-0.20006740560382155,-0.2849490926965793,-0.05384107306194828
1.0454725004660728,1.4252887707012023,0.1240554178385389,0.2463648723349049,0.111358495698098,0.5408855037702355,0.5857585601622237,1.1025504161116857,1.3195588015602135,0.8363196301937257,1.198166668123079,1.1597719623776943,-0.0841753253411231,-0.1066823844930224,-1.229640089770856,1.7480412517110475,-0.4850181730262778,0.3398853097518809,0.2540452829547781,-1.3404191816041566,-1.7446750241232056,0.0055866208673482,-0.4537561176115089,-0.0894368592433351,1.0654156302032325,0.2249441505370227,0.7585225407647307,0.4453281621755774,-0.3163341932398317,-1.0018031671930638,0.2647178681134684,0.0838926193460912,0.9151563375047472,-0.1509000697224929,-0.2973415451155226,-0.2294993837815998,-0.9187266350054458,1.4469099448204576,1.1396287546157615,-1.2130298289580468,0.8039481419725495,-1.8450050639323652,0.9852892331110223,-0.6963504511076755,0.3599005576782514,-1.929509689541672,-1.1987042316779504,0.4687029672494094,-0.7009081833827803,-0.8399628703721986,49.381078892222305,-0.11484401948302342,-1.5558986504898955,-0.2504680389919105,-1.8356576328620369,0.6902368003802725,0.36860082912020287,0.6546766174823133,-1.1135192324279926,0.7439016768802931,0.7599227430474714,1.0325568123535973,-1.2703794712084044,0.08595738801721546,0.48809538137918235,-1.0396339428247796,1.315094010107804,-1.6297331652461955,-0.25204912463485596,0.29723427249751627,-1.1319334675943329,-1.0567856331498822,1.4178319728870847,-0.21129135779325584,1.40337865669859,-0.8945112216182736,-0.6937253088683843,-1.2271291369100206,1.6526854646819444,0.020123902995707287,0.18394640250141972,-0.10690649009074292,1.2565041179401115,-0.9022498754642679,0.2297589919427541,0.7934524888344344,0.5303099362479597,1.3056463681161927,3.3845388598946484,0.6849349394011915,-0.3820614873547184,-0.47627302276737804,-0.573195807468886,1.9330652257107903,-1.6223406408284906,0.20726875313021484,-0.1554891254723913,1.741861621390041,0.024577142273143403,-0.773323345441705,-1.4934250598806327
-0.3564769686295441,-0.4762274893003344,0.0543402941418751,0.2862360669618738,-1.5184219860092891,-1.4378596887881323,0.5251446587882714,0.4073482240616059,0.8742401692332417,0.970838487151787,-1.2841982109111607,-0.5635531812487009,1.5895633328625771,1.3854377816563823,-0.61959998010369,-2.8183042862021788,-0.2126897343051187,-0.2877028881291165,-0.2497726120403833,0.5285392018314015,0.8762125793216632,0.9902995470995242,0.4457091401353669,-1.800770701922636,-0.3411997326932956,2.30408978354919,0.3742167348024783,0.3678195684438652,0.3594859397738579,0.4153796225059898,-2.3831121810859237,-0.2395243169110685,-0.0378928317946894,1.2814953992534124,0.0476728946222959,-1.6465113866019412,0.4300891561717522,-0.8038246482427452,-1.2167856410814175,-0.8341590467165808,0.5425042296645155,1.2587612397600685,0.4829299451775867,0.6320232236170215,0.4730452728380011,0.1013271768604683,0.6969306349627576,-2.4187754670694206,0.1110883513048331,-1.0449250346222516,28.33022831384904,0.1550366235955187,-0.27239597049980896,-0.01962348581047458,1.1712457893215436,-2.5583683832571023,0.31572526693549224,-0.47326504683304876,1.7701676156472728,-0.8327052186054525,1.5293041944868857,1.5639001448995327,-0.43893397234400294,-0.5871541590312039,1.7675023957653402,0.42108499021980617,1.284590718685139,0.5563090120364924,-0.37979424209195584,-0.4648233551271014,-0.7954247917548061,0.8645719724972687,-0.6995103144271798,-0.8219203325737525,0.43328413343925887,-0.6197516566710809,1.0508882409468694,0.40263995699200367,-0.7549418661797522,-1.4803803873256582,1.3202429672526672,0.869825681396013,1.1234647179238435,1.3279711693079097,-0.9602529244189619,-0.3577869084808121,0.006638010381105304,-1.471979277029429,-0.03672313763077546,-0.5925982839474283,-1.2396844358680121,0.8058934603321255,1.1565280859800942,-0.8245185534670733,-1.4338636526151392,0.48514309564823804,0.4417404281684909,-0.8983094322567038,1.1270858255522334,0.024071719656142992,0.2220580585267834
0.5588595776747464,0.6404479340446472,0.2529952136028835,0.2484974861612099,-0.7204362179232782,-0.9167792145299504,0.845849400930816,1.3817853790669852,0.0622875800458809,-0.2094718544433524,0.929199860157663,1.1418432406842611,-0.8690628683159125,0.2882583951275344,-1.3149110614558837,-0.7243742113677075,-0.1741130884814094,1.144027583951444,0.5279152360625698,0.0400910023763469,0.4486567108262565,0.5212038899966273,0.3690233661249759,-0.5750769552707934,-0.9566895978471752,-0.2232903610129148,-0.7938611521066621,0.6212782528292109,1.5289561645587122,0.5636405038287773,-1.8101384698891885,-0.6332508713823471,0.0181490663630379,-1.4347964207054205,0.0311965064387794,0.4693193966985136,1.4088585975954808,1.8187070245623131,-1.1915241407739223,-0.1165881376304925,-0.1039665132081761,-0.713008914070897,0.0986484686189161,-0.0800696664577697,0.6138028957171007,1.3566139295468584,0.1323639495364434,-0.4900497813724008,-1.0255178767302484,2.0424608730336464,34.76667577335207,2.569926839690334,-2.0951575226799855,0.8284545156951065,1.5856464928857328,-0.73151340389633,-0.09733681866268276,2.3502058000057215,-2.640897679343706,-0.14311573696377775,0.2622147322368549,-1.1740741316089747,-1.9020696485464397,-0.5321724562434457,0.7839676512169459,0.03647217665420908,0.14376464310858494,-1.9090563503511346,-0.4665549688269199,-0.08891259090346215,0.3110150743781913,1.2751244046611432,-1.4170765579218223,-0.4985980356741741,0.8050837886620336,-0.06302297737989031,0.5055077575917957,-1.7717299651156453,0.5072855076006385,-1.12319714033978,0.09251260427375449,-0.7078108009966816,2.0759541110974755,-1.1668292849211088,0.4518975861164713,-0.6736325764305153,0.1400593061162479,-0.4222567217214018,1.1085315772530144,1.1207586339390962,0.9608916750154606,0.21221912837602613,-0.16362745408401935,-0.14393338401606803,-0.6892325721353322,0.7080211958677365,1.0596986858041393,-2.8327324642996805,0.22935042736273703,-0.3202756618312719,-0.8186828751613636
0.6765487604029504,1.0510442934096758,1.922036939606547,1.2752445061191082,-1.5613429830998886,-1.5496949767692028,0.0626561449357966,-0.0197446731697528,-0.2574305241108466,-0.6134647192218543,-1.0949806181122828,-0.6535992851816712,-0.5577753625187629,-1.1349741648992573,-0.7328131611036991,0.6594585244393549,1.6484126076944867,0.7554617138709632,1.3058610861868123,0.974118468233698,0.8331303283983444,-0.3377962630573283,0.1409108783869471,-0.4206193424560216,-0.219107162333627,0.068167100386586,0.7135661515790268,0.4233233815151238,-0.1618292630143563,0.0555387408916662,0.4334636741935265,0.667394438057835,-1.5189951632572023,-1.077388963898937,1.1073105339393423,-0.060869569931058,-0.4240765933669789,-0.2634994729260388,-0.2637053055765539,0.5579377815243737,-1.108016393980767,0.0247777464967612,0.2461177294504042,0.3962679165655031,0.222863996210293,0.5159062303140283,-0.5726961510583128,-0.9418027323249556,2.4570044432505136,-0.3012646845742364,35.68143695510612,-1.1071044546000215,0.25417389224620207,-0.9267131024921815,0.7795667272403815,-1.0231955113182944,-0.5037895841039367,-2.664332321074447,-0.3234378675446039,0.7870308368716137,-0.6099362944466604,-0.7886719311513626,-1.2498893112390432,0.38547307045695217,-1.2681436516314983,0.9110273089999276,-0.08471043286285353,0.7695651437810074,-2.325631677841348,-0.6887241565242733,-1.0045088309328234,2.4739587804167162,1.4552426408204644,-0.7629406833321151,-1.1354184552028659,0.21588595803559726,-0.019514802751701654,0.3424135807683234,2.1831148564321228,0.803060488658778,-0.3639158241690215,-0.432707627937086,-0.22930508753249892,-0.14192592360688056,0.7873580466943357,-0.9180082651146999,0.3407676757274373,-0.49035659652468316,1.007209102997765,-0.3796535890915712,-0.0709694698460463,0.3588285326452703,-0.34996441550588114,-1.4381769033956318,0.26748740873384264,1.9830425583505231,-1.1430913688343682,-0.46289444885602127,1.4937943478681257,-1.474245653848466,1.0537921573368656
0.8545555429633496,0.4788436692074534,-1.0288362015484511,-1.7273416721807595,-1.212547445408267,-1.3477002966570697,1.3046566274067597,0.4690969928198066,-1.2391619172959618,-1.4839609828284266,0.3399544527425375,-0.4162002360549336,-1.5420092560496208,0.4347505298728275,-0.1634278029664259,0.1563093487472348,-1.5852013601705917,-0.4186570583563468,0.4803046215415112,1.876464611304732,-0.2052816228506305,1.4432990590681207,0.7873484208498465,0.2337849662533482,-1.0123417836661144,-0.9704785435309564,0.6175408707065995,-0.5264955741052129,-0.6153627187660998,-0.1806103390342934,-0.1638308303391922,0.9007679761936868,-0.5054976982602105,0.8012400360243159,0.4397051340544035,-1.6739959873620514,0.2945076629833071,-2.6677584342771024,-0.8952232616519866,0.4630768465622484,-0.0106431002593749,-1.7678921059615411,-1.119161766973548,-2.6089131132522208,-1.3425632570442838,0.5790633493185502,-0.5574329385751464,0.1699455417265579,0.0136443815394961,0.0325830704995856,68.69276678987076,1.388582269040288,-0.25925044258022556,1.2879824738019383,-0.986786045739545,-1.0299346709057469,1.214797056894385,0.6729432044950393,0.11038963910769706,0.297394853531108,0.1450806495092439,0.8975435703037948,0.14294961011538876,0.41298056552504697,0.09636924005999573,0.810577920330005,0.15773520761168094,1.1183812821105803,-0.9668815259640181,-0.06362640381960291,0.10839824808820993,0.26402900139599467,0.4334552379006314,1.176448825366272,-0.23116277536767244,1.6154919438900808,-0.9078688084774094,-1.1322791295448962,0.7527086936061849,-1.4834659521057496,0.1470085865535555,-1.1466051963455226,1.579033701092001,-0.8770011627319106,-0.7432363667780943,-0.6555425358109414,-0.5272430277356126,0.011557922771419234,-1.2669074620582157,1.1439455703891357,-1.7591221951140201,-0.8186210871641832,0.26154229042581373,1.0461131058475746,0.559199603440875,0.8637819031668581,-0.4785905516305926,-0.8360494010989112,-0.7832837788003133,2.6009423272071777,-0.22863441646288882
0.0117363697219358,-0.054528930352457,-1.6110027678851675,-1.5021348472243292,-0.1481785334982291,-0.4187696991173764,-0.8155917712191499,-0.7443129733953394,0.6495813316461732,0.5527048819495818,1.0784261944729463,-0.9977577826593548,-1.2519222604734526,1.926345405721134,-0.6579581276655113,-1.3109120070721598,-1.7420539417718304,1.075103453808939,-0.3413045146600592,-0.2537097350663985,-0.1592017115866396,1.0129428846697812,-0.1795298339759204,2.344053778832626,0.1337605740542292,1.0617847669583211,0.8052398579044068,-0.0364473202580377,-0.5869709860204633,0.3319639285665536,0.510098731207273,-0.5725860481265272,0.1663388659506558,1.236204978259596,2.0699477390696788,0.8543693203494214,1.8627596863802824,-0.6293742112064558,0.7018822520592939,1.3385195085812722,-0.8963333329719959,-0.4855901120450092,1.73790476183525,-0.97509885578694,-1.3411300326557107,1.5279815736395113,1.1967632249804383,0.4321202439837694,-0.0457107546458274,-0.4385245056049819,42.702575248694444,-2.6593513570493728,1.233686921376036,-0.4228119610855433,1.4820224936157906,-0.7490314709550956,-0.5975686357669662,-1.7645959092770471,0.5074209278332887,-0.10172002555304499,-0.6577873892955772,1.1302197718374811,0.2267116863405662,-0.2929546157635447,-1.015628254718246,0.9007077190419958,0.30900693277434826,-1.3685201427252165,1.1815631368820914,-1.362194891382653,-1.2625245940527738,-1.0478098183782303,-0.7432717673588966,-1.3315082995544527,0.8136361486422357,1.4890910161111548,0.4513680314454664,-1.3462761232318594,0.7832702169367295,0.6148309676776891,-0.5617346640606443,1.1221588504151059,0.506465061928088,-0.2099739613735248,0.933992223153786,0.49910644197992277,0.48527033434820427,-1.2634846050611068,-1.7931247843359261,-0.417809221584259,0.5073768827634214,-0.2123489140343474,-2.00580622161407,1.88811087881252,-1.0540868798292016,-1.4804439250227162,1.2031555599366837,-1.4935785651259672,-1.2990294830521263,-1.0374281551427578,-1.7725623420533865
0.4685312569051241,0.6599468889710359,1.2322042374139113,1.781997109954538,-0.5638483318598599,-0.2810591671638478,-0.2373122341952182,-0.1446668197503929,-0.3920477826671146,-0.6442230324013294,0.4213602543067085,-1.015292374249816,0.6232358966388174,1.6371217900017057,-0.1728133518934063,-1.1290644218323018,-0.0666010270219737,-2.2243841086088687,0.336903263976616,0.4522743776485788,1.6756362938455622,-0.193994792566625,0.4084853381464702,-0.8612881023859011,-0.3564271205250787,-1.525185436662198,-0.1947896212832356,-0.3053091535185648,0.2991997660888958,-0.6235968803326393,0.0833453509750919,-0.3333800556076656,-0.3314993882995142,0.0803623259630301,0.0405229423170099,0.7611740390516385,-0.1206430341298348,-0.3498853491230032,-0.1808074450872261,-0.7146641168409925,-0.3599110935666715,2.031158713073231,-0.9126787606958672,-0.2786563338793094,-0.3874886632696904,-0.2471716122443994,-0.331239308878395,0.2792401012209997,-1.7101751013917943,1.0371714725320045,18.722879699355296,-2.078376654918943,0.6489242105069956,0.2606628331504074,-0.25325491002521017,1.21737356975163,-1.81203890112962,-0.22565670321806863,-0.9159247272624271,-0.575881712458321,-0.8242835576787516,-0.6743429535719255,0.30643883425516816,-2.6191522050533393,-1.6516095967182838,-0.9182033728509937,-0.2682981770580552,0.32843299058154907,-0.5393981015339728,-1.4157710130558239,-1.6496129294336135,-0.328440737328814,0.437822878510287,0.804579635737642,0.723972744069368,0.8315426650725335,-0.3060454650644175,0.05985296137968417,1.2780661047654278,-0.6761490520517169,-1.0008091940426938,0.266085421067041,0.07538846923434823,-0.9234649965579527,0.5245174345941758,-0.22777127624396384,0.7801577172566626,-1.3120488770737155,0.6423133625895667,-0.6887323175867517,0.04085672131381844,-1.0966375086388196,1.2135529453935023,2.008141936137437,0.32423730126634465,-1.0838621380563884,0.5088348945408068,1.300650204369242,-1.749326282829664,-0.1346938671506559,0.5085239849292551
-0.2873055135568763,0.0005419371587614,-0.06001623897364,-0.3802972050962712,-0.000263201266843,-0.1306498836621556,1.3089183093561854,1.3319875367007454,-0.9588038543707612,-0.346222834919445,0.5241070031833391,-0.5452737255812189,0.7921384263621614,-0.1575726012230397,-0.2216734721251006,-0.2489131174329344,-2.4281180569523992,-0.5266993329346015,0.7131732421256012,-0.0224112429037629,-1.2851864298557496,0.9646312551920374,-0.2986001595433956,-1.221575490661523,2.206012461671015,-1.0531725944877557,0.8794915112857101,-0.7693141008546045,0.1358268345738217,-0.9021809633681755,-1.2393041812736587,0.5222025446714093,0.4052905451344006,1.1446494442190644,-0.034381930295863,2.220351794126492,0.2683466674370356,0.5667746812372123,-1.3584292451072284,-0.6140843151225307,0.5196797005159772,-0.0842277624135829,0.1876831350346359,-0.8164937557141936,0.1219469734716214,0.118545891591736,-1.180435019885239,0.6425498446805906,-1.700064946917969,0.1842380805976837,51.449987779562235,-1.2406400776875708,-1.3919963371880102,-1.400507960274943,-1.2144592807526615,0.8205554190063729,0.6405335916310338,-0.08560808947124605,1.1342947938882124,-2.899893780274999,0.6832603895033258,-0.7438860653255841,0.003209867763497622,-1.2905227272912905,-0.44719939306998346,0.640960799203096,0.17454305995310235,1.0571791296144326,-1.9004897060177401,1.3010156626547096,0.7360787560448773,-0.13589138552518037,0.8352595671994314,0.8286601215177316,0.8989032098691095,0.1212606623491845,-0.3795600749291589,-0.17255125751486772,0.5248675778853081,-1.925536384706547,0.6127062860344694,0.6372180913553204,0.3369938400965603,0.07589463184009229,-0.27401631381909686,0.7142374677317087,1.4648661065048172,-0.02152099458265692,-2.220453751503902,-1.9175646190215117,1.6998196379523638,-1.2225973479885914,0.7848997197486183,1.1347210354858641,0.9457291126502332,-0.2746467915329495,0.3273197427278892,-1.3363917283234141,1.2549657286283131,0.061167902617495,0.2088776424503408
0.2262295476155164,0.334365331636454,-0.0324412288793302,0.4331892719736064,-1.9912469800306216,-2.334569386617775,-1.5220042980059736,-1.365257642024131,0.3906312204512712,0.342272215999144,-0.0995882212079298,-0.2527310933573347,-0.8206695194435634,-0.2059762786300463,2.208059077509089,1.3023067107847297,-0.8710031785224339,0.2676874023272881,0.0959791632364314,-0.1422934430096716,-1.0027775566374793,0.4458979848066523,0.8460716299146366,-0.8338986850667802,1.9555414172892076,1.5220032492355542,0.5481655589512324,-1.2317197026688134,0.4014086259845622,0.2819780015644652,0.5131552762184968,1.590464272289736,-0.1759740546166204,2.047826579655744,0.4065043459937499,-0.2904631756612649,2.3993772067064114,0.8298919000200898,-0.4547338869574728,0.0842165889464423,0.635233021854534,-0.1508610267853418,0.1339078690449503,-0.8172036036627213,-1.6851945308079082,0.1064193227447118,0.1400278222258873,0.5271195915578544,-0.5761897071061968,-1.340554294540665,18.536758700115065,-1.1775283652749364,-0.8383874911178852,0.7198372908713905,-0.9644042546116923,-0.2517306819925051,-1.201303349767834,1.507633558913684,-1.3938310438129229,0.6983208157562021,-0.13905031978719873,-0.6522134899305057,-0.6928651234720118,0.6196889216121123,0.9815328752991211,0.6652715062900945,-1.5736295710417973,-0.4490036203715333,-1.0079942388684906,-1.6123097359794165,1.0270458521777606,0.14849780662791137,0.11919081300759192,1.3775475229465746,0.1206546471908864,-0.926924086099608,-0.7670713513188714,1.4567894510905068,0.7880704016029603,-2.5385693394314695,-0.5831114770864428,0.8119838526340167,1.6980131615034877,0.3214630873029826,-0.5576555790986524,-1.1218488443481371,0.31837245005863,-0.7977905543208894,0.9776591369651063,-0.6595915038863804,0.2685323189287194,0.5182752280363537,-0.7930683907128941,-0.371142076954873,0.6680008739414233,-0.7629170239709068,0.5096838407462164,0.5827858540321198,0.9015884492222208,-0.5348676170953474,-0.299878327616624
0.2019399033354818,-0.0186141932967418,-2.002142724832433,-2.1692772392962945,-0.1340487665021912,0.0586014694899195,-0.6147406161178844,-0.324760261668945,-1.4951396584838834,-1.2510136309821949,0.4866359561448113,-1.1616473856371412,-1.2003204521973168,0.1233547922071637,-1.0535226203160315,-0.1330844279206872,-0.6998565596577566,-0.8616637033727397,-2.1023053913449403,0.1395631528213373,-1.2471899921129288,-0.1682422035305197,-0.512104898348565,-0.2065080586998832,-0.1496753740132607,0.1936282509182633,-0.7277593014914427,1.2426964792733683,-1.8474000608555767,-0.2265911185272291,0.8362309764108673,0.4767725530026038,-0.974835576528597,-0.8082454929880238,-1.0067925593266038,0.5992276306643892,-0.7399237285155085,0.2551230881234501,0.2643014140759551,2.368393468235372,0.3132512598017035,-0.8111440147504635,-1.460150262066399,-0.2758527146377454,-0.1190858424273184,-2.210699527390556,-0.7138541602930133,0.2973525428275529,-0.5323556702661748,0.9686237857058372,57.542266831231196,0.20370179813884956,0.520664420534209,1.4465039359465777,-0.43015663559183687,1.1336234718590492,0.6918811448550872,-0.6921522120768903,-0.566128588607568,-0.25295169922576405,1.205095653450029,-1.605094964043946,-0.054459139460565284,-2.1308379973558758,0.27491271078750706,-1.021062998206856,0.08134888334676436,0.6736363657086232,0.3598539647549959,0.8861381534941315,-0.6308209939074417,0.4708762567384327,-0.7290364280265381,0.04376152843993516,-0.6520220031352797,1.6796372334212621,0.9998235210624266,-1.2848012501226194,-0.34258961413729694,1.4634613465533428,0.9367532635304259,1.9914127606138468,-0.1319367148937541,1.4021818738013903,-0.1788746048480557,0.6969971029231489,-0.5556358881760158,1.3460935524432736,-0.11705532308526423,0.17727015250844574,-1.181056275629766,-0.5242889110312867,-1.1306565105457478,0.0017194350566970612,-0.45983156206462994,0.3904968604816443,0.6078915092165353,2.014194322354516,-0.2656379293122753,-0.08971782879225479,-1.0388026463178595
0.6111745622427399,0.5228491367722579,1.7947316088815726,1.4619686627253827,-0.7522547410609043,-0.7290639381209767,-0.4935143899095874,-0.7374742100692564,2.028429322825821,2.274757691795588,-0.7846854334977956,-0.3900167506972908,0.4048915593501826,0.3373675847311273,-0.5772637504160483,-1.62803169136032,-0.0505402594502064,-0.0775949253729699,-0.6461302210995893,1.2797797660658214,0.5745779008502121,0.134818364901707,-0.3607112925300729,1.7330286234787105,-1.1544728408541798,-0.4965960639384001,-0.4523680846384656,0.2989606133869595,0.6608848303744691,-1.3365746189699197,-0.6846100246542929,0.4476443930767144,-0.6651466062961522,-0.4017760866629911,0.1726447021699406,-0.9799254806899372,0.2776113227127006,0.6125598367358283,0.0383867787158305,1.42538381510038,0.7254225120630693,-0.0409217321950288,-0.3214247823314691,1.754719239605698,-0.6614571037576252,-0.2721725557159097,-0.4098166953761302,0.3978033897658428,2.255156294513093,0.2466727099088533,21.924175662348482,0.28984226416846787,0.8470790099850345,-0.5146415492181471,0.0495785204847066,-1.062297155166374,1.3349032478434442,1.308011915661778,0.6207475552794239,1.5133362783557256,-0.44242298924357004,-1.2714111821740754,-0.43720744694788527,1.1841810163672148,-1.390894131258771,-0.31861624222723955,0.4768135950246047,-2.785405872725681,0.34003460920573797,-1.894382195925908,-1.5204625824708864,0.36296929239666775,-0.44126280485567565,-1.0266937580742832,-0.05894653351895392,-0.24764213068230878,-0.767738018629382,1.375054491164709,1.1599624668414104,-1.905416468015876,0.7962627995269133,1.8169458252058674,-0.08106186188457366,-0.5885949845622744,-0.9706677673827739,0.43379340501900926,-0.10293725847909896,-0.550880043204996,0.6160542355371026,0.10044449685978103,-1.7901523661966843,-0.9150829928523506,-1.0099957354457663,-0.32290444596664075,-0.3684207928619764,0.49659235119030115,1.1577634187371215,-1.149914414500833,0.2987553119881882,-0.8185447897918054,1.7891373967611799
-0.4718575483014012,-0.596259217875525,-0.198186847302318,-0.3812501636914546,0.7173906066377175,1.1072040832037282,-1.817847858329859,-1.7739662343976874,1.2549288299150514,1.4679454754939072,-1.043291205661538,2.0238796174855107,0.2320346785039119,0.003551273270365,-0.4263834070495703,-1.0307026508566344,-0.1944176423063835,0.9744227391657112,-0.0156779593809992,0.6102840858930481,1.765707148506563,-0.5804781804461929,0.3028749006584418,1.0043935609356778,-0.9329036334665968,0.1780528280658048,1.872324524626361,-0.3402503804598156,1.0683465380037895,-0.1411368772097719,1.79958701731699,-1.6454678888371053,0.0649561910102841,-1.47885469514589,-0.7008768162808939,-0.7068187852951947,-0.2669563071338542,-1.18829135069532,-0.0717395575595121,0.4604665044811779,-1.531903132621566,-0.6349324900294716,2.540992132763023,0.3292371388658487,-1.817741204181767,-1.4004658647597876,0.2259042453728612,0.1006660385742377,-0.5874428017008799,2.193314956887976,30.470002657994684,-0.2548212683723646,1.2225009148868804,-1.1102233865095998,-0.16134421165179372,-1.1982833857471582,0.6297498783986742,-1.1788166402247968,1.0401885647927522,0.3980280299618697,-0.34117458067001094,-1.2472926450301534,-1.625781598075184,1.036157261138504,-0.48234157521273674,-1.4561120964789682,-0.48984194200640596,1.098196118243411,-0.2942806125613498,0.6296376030255896,-2.2083721890129024,0.7770822584652559,0.2906214978498015,-0.17175804735996186,0.047034364008503374,0.2813741339352519,-0.7616452389357636,-1.1376446042692772,0.413481615879562,-0.0643726160140594,0.16631650937512346,0.3230416237873795,-2.0657020978301204,1.6178267235679804,0.26026272991097116,-1.5077964445891907,-1.1429640539185577,-1.0283217820401684,0.3034422502910077,0.6116357854983389,1.264294587115343,-1.2095088408167478,-1.409946401889573,-1.2131506873002398,-1.2975681295405261,-0.48351258853658513,0.7537736383292195,-0.23093733744925501,1.0694432755560228,0.7271793158035581,-0.45190853190720215
0.6282460676542554,1.0189620975404483,1.125289774298553,1.3430254330928575,2.445298965121207,1.7834701203302494,1.4299611867896778,1.290536656136026,-0.8186667372001304,-0.5833533796484899,1.0291254449563685,-1.5527048007447624,0.7015888492870094,-0.0121784986570897,0.577044082566334,0.0109753573389799,-0.571868838754654,-1.113123251371879,0.6726451120470253,0.6672719921988349,0.6622722476908082,0.4275963194405732,0.94469887183947,1.406069279769642,-1.876417847406518,-2.3417974438690883,1.7179473598796449,-1.341046514585189,-1.0862432867896197,-0.2876143118749243,-1.6539715787131024,-0.3815866973076375,-0.948105344122665,-0.2333408696970075,0.2798413049071018,-0.3435382254295648,-0.394047285397147,0.2579957967916462,1.044291797949948,1.6029643469216657,-0.2185382540022153,1.8248891519232369,0.8767068347612461,-1.2320084539731764,-1.261208255613675,-0.5772878506026698,1.4446039833597262,-0.5013673155655366,-1.8923568245062727,-0.2288842088877106,70.76702884895211,-0.14987796676246168,1.214509285305348,0.2779830647427085,-1.4126684181710272,0.8635966592465905,1.0714113018874913,1.346669723754866,-1.4040012963810977,-0.5411253725348428,-0.5665109952314721,-0.29409847380563336,-0.7724149910105881,0.04109638193320572,-0.1428665853419799,0.6696226323802841,-0.09547264428609868,0.02999423869317595,-0.6892040470850336,-0.20758434514303986,1.8420001495344303,0.19742304769258168,0.19888795535568726,0.5946985299808122,0.24174080853257543,0.6273523885443659,0.7779377675803066,0.9194424164250404,-1.4780690905925407,0.3539507943769819,0.9708858890881581,0.1579626977529609,-0.14704806469804693,-0.8069782666399364,0.5584845207792332,1.5062332353968872,0.7273525822688602,1.6718358587443891,0.35682849865796107,1.244147403639742,-0.06362406685235351,-1.5137375821749355,-1.6967359427510438,-0.29548073452660994,1.74032396241713,1.189675198185023,-0.05072667649707912,1.3527081646970955,-0.1902321072394553,-0.02223855383509401,0.8970981713963961
0.2266371932341416,0.3474272518737876,-0.1486281634711262,0.2358832356393735,-2.4212987370397947,-3.131320945662043,0.3908741481376858,0.1156828478646488,0.9073450078788112,1.0074166536400715,-0.5513785580646275,0.553335573294976,0.0440261614115237,0.4466315318407984,0.2493037841742635,0.6305432162630155,-1.3208023617895444,1.2781448021721558,-0.483886254119228,0.0577324625154748,-0.6007757755261639,-0.2874052207529613,0.2290939360620786,0.7351687140565715,0.9012310861943776,0.4325112858277171,-0.5957951106877549,0.3694464476215895,0.2402893465977269,0.0590651152485098,0.5342233059567563,-1.2757575700828463,-2.026919930370668,1.189999221488613,-0.1313737901162218,0.4159285087839738,-0.8675656669254496,1.2622242120021323,0.3500792172156581,-0.1795175974527916,0.2857917163572867,-1.741700605644413,0.3731289973656975,1.4868271983157422,0.3152792818972345,0.1861430095173677,-0.3170312356875866,1.0827616149953254,1.231009310580642,-0.4319440349017219,14.2336303208066,0.5277647609316608,-0.08952261024790559,1.4548106449917426,1.2133164091856419,0.579643229322647,2.020049106929647,-0.47434544190347283,2.6450367904151584,1.0668700883760402,-1.1201834386872052,0.2708365158339546,0.8895412311690245,0.5979310342286077,-1.6891124539708449,0.6650224694439736,-1.111505380701124,-0.2578293766360323,-1.4021959857560435,1.3213162028034042,0.11139085350495989,-2.2252959027767756,1.2122600577854137,0.08472993850013799,-0.967865426885087,0.06159585537267723,-0.1443304678030941,1.106092522853374,0.2429439123508158,-1.3132022290464695,-0.5440592180188311,-0.5321418699618199,0.26436192795818286,-0.23801908044889125,1.168596592795489,0.3399049296657207,-2.059725226878529,0.46993623307939514,0.10448654160568759,0.028666540368652703,-0.8658042625918827,-1.9564074511792362,-1.4424079802360232,0.9087614801144298,0.47402952815930655,1.4542000122758232,0.35303638356506645,-0.4153992328349966,-1.7600527801528132,0.7183932583473456,-0.4632618931990147
-0.5300895860048698,-0.6789639901179524,-0.9081539486076704,-0.9432570634625654,-0.2179509062435387,-0.2977804111941541,1.8551185730353463,2.071827826146498,0.4795105629413033,0.6029109495091813,0.6126263773371126,-0.0828869838748653,-0.3207463714788462,0.1668160595182774,1.1568039489134727,1.1262381884363837,-0.2403984756884111,0.7678436946681114,-0.1945846630396678,0.0338705494352442,-0.4735233815541974,-0.1816451389062335,1.34133006954968,0.0924211473392362,0.1352825085523179,-1.4472177792579584,-0.3092439076327296,-0.2413149037447287,-0.8291434854434051,0.0216654117035635,-0.4291822902276543,0.0799958552435821,0.1215030098189344,-0.9557543578226444,-0.3987017824831894,0.0773742827608335,1.1842994311567254,0.2567191727957405,-0.6619351799174277,0.3990047592438523,1.7075488893217603,0.9167064725890186,0.5475265304356202,0.7255901754823215,1.4399540414286307,1.07562679401766,0.5667603811176578,1.0686422195900849,-1.0816510962640609,-1.502265252340281,54.02307511847966,0.8332238776207417,0.36265562225116893,-1.449856565480906,-0.15060591943684326,-0.46026340158332313,0.9667604626089467,0.07343451924111885,-0.8974915631672096,1.1511294059581902,0.8144248986165911,0.43347283164237227,1.5882941520549443,0.5287746783588859,0.7131723652486122,1.4303627991183554,-1.2503135829593135,0.9840414529044801,0.3681850364120082,-0.3319944588800761,-0.6079932971682473,0.2271338286934484,-0.2759102124020307,0.366727752185813,-0.26586658568729793,1.1510973454488218,-0.11741852378595928,0.32145878589092547,-2.1696480821845556,-0.5535253683535555,0.7837769056550118,0.7441577788946404,-0.76224777776055,1.764739752441796,0.2974486052239491,0.7654307292350953,1.024655190284435,2.7169530343388417,0.2816017539623824,0.06773039361612657,-0.7196651691755729,0.1109447982453347,-2.647112108055182,-0.8669840205875055,-1.6122337991099362,-1.8118279424555976,-0.06742899634275008,0.33238948905545945,-1.7473053686323792,1.4698956716929237,0.6808242091727538
0.6708779926568624,0.5596750484029234,0.1174137735135206,0.0707920773242493,2.650008576076209,2.2505712502935573,0.0519063069276542,-0.3380151560352913,1.5607170866591635,1.344279627197503,-0.6980952791624665,-0.2603574342119208,1.336299766072003,0.4522846841249733,0.5789200753284736,1.488079396477385,0.954371546845869,1.1240075672033103,-0.1263358048321472,-2.2538845267592555,0.1035634613570748,-0.6644582201141688,0.7885849186852998,-1.7703184792659985,0.828235287956127,0.1885408529072679,0.3537978694072974,0.6187613053042638,-0.0284643207757196,-0.3329888498540914,1.13497721522075,0.5931595663868695,0.6888405361710387,-0.0825246220481387,0.1095305616625728,-0.0132402290573137,-1.744157813652125,-1.3811250470375382,-0.1231833779794159,-1.877424452625754,-0.1101388236793549,-0.8942596232331818,-0.0759767274995907,0.1700035983212001,-1.858218467464108,0.3250767003988772,-0.449543580483468,-2.3228056525324656,-0.4608803923775481,0.3796719874806561,67.58535832769999,-1.326539016109759,1.2987385039437964,-1.106308181228342,-0.7137538562706509,-1.1354608936981305,0.3305733926254358,-0.33637866311040404,-1.3121824775277826,-0.21903181435247787,2.1857116646141543,-0.508562253275681,0.6512750441186885,-0.11687312836621294,-0.22873502625875175,-0.2287985078143456,0.21081507795919088,1.729289675723977,0.8378704176677894,-2.009540055171467,-0.3639115638274787,0.08673076130718821,-0.9637605983755171,1.3652861358913664,-0.0886676094941289,0.45539194410251904,1.032893484091672,-0.7909538805384142,0.7139129656588621,0.47882391000781277,0.77857289727785,0.7071129589620102,-1.0078551986814441,2.9029416285053427,0.3913177662105359,1.1561357486456394,1.1453242656988951,-1.922314187472833,0.0460850135404643,1.1128842530120984,1.298344096105355,-2.6274248130323024,-0.3636101362420109,-2.280986931002761,1.2266461317191177,-1.4288779545288437,-0.7461437035383703,0.6392940877220978,-1.094666539179358,-0.28122874397210224,0.05345216576063642
-0.3878545238093729,-0.4987351334276061,0.648940416207971,1.0197767753921008,-0.2615471538534397,-0.2820773781428418,-0.1839045805445239,-0.2122702088878509,1.931507734726779,2.063363884625894,-1.3735266215775357,0.0909038572076311,-0.6116428882049108,-0.274432026972452,1.984976882495215,-1.2227634232238758,0.3004668223058587,-0.8777212803217245,-0.3076579412009145,0.7448423352044837,0.3181639434730228,-0.2250322689615891,-0.649800325264628,0.3160781921536142,1.7076867171533705,-0.9013519426236236,1.9116638854577723,1.1994974507251512,1.3693533675777672,0.3084323809296013,1.1711297755098944,-1.0088312824506265,-0.6680439078485115,0.7658138139203924,0.2958450552238162,-0.1483792584977691,-2.502608890607422,-0.4354740480381711,-1.1740537802982656,0.4935343113115024,-0.1911685285672356,-0.6283005441665047,2.642910482624304,1.038174476694235,1.0558721413560592,2.2022151446821727,0.8021917826831093,-0.7709540094728657,-0.8878963516917364,0.9649027587542348,34.14881743273456,-0.3618909712330037,-0.30330846193594846,-0.4541895583115157,1.110302361982764,1.4597318750379402,1.633948183523648,1.2823634741156038,0.502714891773257,1.1936448655732277,-0.3822272385661518,-0.48398711628087887,1.5436977609924138,-1.37388911758857,-1.3905948609320575,0.4514695865637963,-0.7295630157376162,0.4857158413539969,1.288880002051845,-0.1880362858866683,-1.91333225014893,0.5502668638209331,2.577054329570032,0.5820033544286162,-2.2422216587440293,0.9886385221392621,1.3137006117919356,-1.522954471956448,-0.23355154357638175,0.29331618482047384,-0.301421489244918,-0.729391334370174,-1.8512385761517283,1.6859365539573317,-0.2680077425053572,0.9683751663534794,-2.9306252724774917,0.20776587899190344,-1.3764734410914066,0.2310154145762398,0.471809099253734,0.47131917048291755,-0.13655653611546312,-1.253003319348715,0.658548553730445,1.0972401515594965,-0.051627452021667186,0.173594816444725,0.10220450942045464,0.7734489466366704,0.02801479195690148
1.75547569831549,1.6972054444524358,-0.4658055691181628,-0.5845291858462173,-0.0739475656083926,0.2302011720566045,0.1950249840281267,-0.2427648360568367,-1.1306153349375263,-0.965989400238493,0.6295295842218108,-0.8043157596599924,0.8953554307625996,-0.6315777291653314,0.2531652380379812,0.820344012612456,-0.033612564703713,0.4547409121411344,-0.5164296438875717,-0.1964665834280971,-0.2058594308803403,-0.7465783465402389,-0.1767741631157821,-1.5486182988637467,-0.4911537471421047,-0.2848754933696708,-0.2561797524953801,-0.2414974458707788,-0.0617641998601289,0.4794415180860639,0.8745170741325226,-0.6497652268482671,-1.2032008553891445,-1.042044412243103,-0.4872029211949271,-0.3519213178165091,-0.7699960661974573,-1.2961166642498945,-0.4561208274741882,0.1814266201139713,0.5950294658355647,-0.5574230531083212,-0.412997822143434,-0.9266983088473107,-0.0314391703747764,-0.8484286341908146,0.5731278132412001,-1.7858664919341112,-0.3596296724524624,0.3011073391917421,54.04566046722369,-0.06958982291301025,0.37972618694012367,-0.8203438245306957,-1.1834061882665312,-1.7201025509478183,1.7547755448465847,1.0877398432337475,-0.34829345358145714,-0.5553080553860471,-0.6804959436750062,0.12366149515126128,0.08538861013495828,0.9672729750616863,-1.4471735937410677,0.9877351010253084,-1.7768256615760247,1.6087138830488947,-1.1105873586900432,0.15966056554792507,0.6198984737662316,-0.36148220557752314,0.17448819948773614,0.19844152853085534,0.8325047813737684,0.44734555930633746,-2.1278457219335216,-1.9517764835951803,1.9055526671437324,-0.4605755664742546,-0.4297193890991661,0.7197829516672924,-0.5846505953032183,-0.2235917799038682,-0.8741035628626731,-0.12610241655815774,1.275280993218131,0.48561258014951975,-0.3938585671692143,-0.9231577428076859,1.0971775503822956,0.46427464682496516,1.2810763920911812,0.8182179165456491,1.1942945702200611,0.8698289854000336,-0.11381055231939148,-0.44831327504372454,-0.9416248028469959,1.5363451472193685,-0.8264737179404995
-1.1140813582330875,-1.2676393752837054,-0.9420601835742448,-0.8237973590238113,-0.2141503107111887,-0.0556158347704852,-0.3211590387057024,-0.6129076434004124,1.1400678464951604,1.2507076258629617,-0.0587204271046287,0.4465365069407115,0.1996104184027828,1.0941795475214755,0.4790031433927589,-0.861309579697108,2.178562173991662,0.1943334633382332,-0.1473402266215062,0.9639254230555708,0.2494509459300722,0.3992281929393271,2.492183998600687,-0.2751214282550466,-0.3177608940173958,0.1165785120124638,1.0715159355810386,-1.506534030190399,-1.9655558914765048,-0.5871152706201476,-1.6339229590592872,-0.4248313475256384,0.5024996961292902,-0.8907488635522636,-1.4268265767813424,0.0693371617153479,0.8625434846151703,-1.6949734385166126,0.8202323983059842,0.8173062037383262,0.954085102156628,1.2184802148716865,2.202013924659616,-0.3560920486190552,0.1095715800778581,-0.4164384332480255,0.0019768447558107,1.532873355636312,-1.3450144839306688,-0.8610496721655755,41.80689512924239,0.4853159965604532,-0.3268807796796516,-0.8171854666089954,-1.6288901835745146,-0.5984259353435604,1.7687717832594205,0.44350172058452486,-0.49605231253974436,0.15964776940790298,-0.7453234837070906,-1.496014557149427,1.7423760847025391,1.407230011383635,1.100663944921611,-0.7538915285546915,-1.111778299134442,-1.5532832525269797,1.3655229804061881,-0.1319776420317892,2.000107691885334,0.22352572447638855,0.834262757889537,-1.8443616622206864,0.16401595664061125,-0.03789966221856508,-0.12877425478424495,1.8522909540708852,0.48963126469015217,0.2369046296753219,0.3290285458274665,1.0083544936940132,1.4211790967971158,0.5148752363294603,-0.42993197092420804,0.7251601334034021,1.027286169739685,0.027822885627764096,2.169770748750665,-0.5221314199471975,0.24521470470437323,-0.09912479138785595,0.9870843417498008,-1.718203895546123,-0.55860552883825,0.5026518176033214,-1.6980919577970242,-0.7808804109046579,1.033487292768359,-0.12346770792446907,0.5281444082270119
0.3254851123246176,0.4618402244081062,-2.2484965344996555,-2.14718135855622,-0.5807410905564503,-0.8598547954978343,-0.1450336915284224,-0.7328366328330125,0.4080960585699445,0.5269382296121967,0.9341414422336946,0.4334524416994807,-0.3198322641280793,1.6009079918889153,1.5564160355717669,0.9328953551938086,-3.0185567705677925,1.5789450927179751,0.7947585224719341,2.0064086377129366,1.2374645917335385,1.5783426774972855,0.878654850180379,1.3486931986455122,1.99412374073444,0.2165547383782058,-1.5722305440781297,-0.3074609000151421,0.3899455993834367,0.0748875843715577,-1.2465619661594265,-1.631067625194979,-0.7411626686348293,0.807739555984151,1.5803397708229694,0.9165676137777012,1.057427287114136,-0.0808155731635576,-1.742082457705964,-0.4552205808827054,-0.2587644118723787,-0.4970524868356822,0.0546948653746261,0.4414197598929505,0.8530151882434975,-0.278119864366334,-1.9037594056445932,-0.4828777192911349,0.0437103969919838,1.2228079221334085,50.59225707861309,-0.7726671422734709,-0.5509481144654271,-2.094120627663777,1.272487446598739,0.22857652751789734,-0.4921435151960026,-1.151868384586774,0.5956440575697195,0.5714083877187804,-0.6797332276003801,0.9594405320830891,2.0544884403285804,-1.208590524242342,-0.3808130321457192,-0.9059651413176992,-0.966379093792069,0.6659488378340656,-0.05661208726445672,0.5751078209897706,-0.782757008879377,0.556242187528883,0.5218483720258803,-0.7838505846547171,0.26531887044821906,0.07418561152216567,-1.4102645281739967,-0.29685489373197,0.9241815910239345,-0.10223466418557733,1.968244455161773,-1.1216466229495925,-1.4818523031090187,0.6826368812128897,1.4280708119024874,-1.8100431225280182,-0.29005178328421694,-0.3620005389905039,0.3141158493773917,-2.129899448407258,-0.8366223496618795,0.0741340400516567,-0.7339942788786429,-0.4719921726233347,-0.4190255848402959,0.010939742575923972,0.7749349594220498,-1.0947801900189507,-1.2735990010357823,0.6910992500686718,1.405123588075272
0.330880232214457,0.0638891945143287,-1.9937356425714556,-2.300407806699004,1.2276689924732922,1.015660660077143,1.6725723868377034,1.5248497255067184,-0.7050118557584089,-0.8925451248036573,0.5583269125217224,0.0760053914124115,0.5387559924463692,-0.9206735930793662,0.169360824036078,-1.4137144969049802,-0.1112260613487003,-0.9039076414647896,-0.7355299425897666,1.2360931752104374,1.091310120594269,0.609138120907177,-1.092312764672579,-0.3164084496948019,1.2130976999791834,0.1417169136399047,2.319329539981694,0.3933178393943718,0.1920491164900316,-0.3091164642025014,0.1335409047822823,-0.1524698363805439,0.7081086766885905,0.956702316794584,-0.7859894605079495,-1.331232953557778,-1.8362053731032968,0.5079913269125437,-1.1033666061738736,-2.152890592952483,0.3885786045309641,2.4929995174327906,-0.0060709115398933,0.8384907744516419,0.081829358547565,-0.0988896531911426,0.9190764829877686,-0.2902745441886513,0.2673923140719029,0.3216978061960136,88.99030950948591,-0.08922117559367017,0.04838511828580344,0.5890569474058676,1.891387849550339,1.8021648084314457,-1.354018358498404,-0.7150218680302427,-1.5272956904278092,0.7847815840141892,1.6497836862408017,1.2853852790142708,-1.733469498036188,-1.4112550051696995,1.1903520289564116,-0.7228852010761648,0.7745804977317415,-0.13200385285427224,0.026571963404306374,-0.5643880987057234,2.3834570366468655,-0.16004220173068698,0.18657443856088918,-0.40467511819418844,-0.5154963110282808,-0.06224047832400179,-0.3867933378573258,-1.1046675477275152,-1.0492232500470189,-0.9704165795625277,-0.2322354613235033,0.1899139709201114,0.7890172518121636,0.3454238190404714,0.634080936752976,0.39376624230404117,-1.1918156909863078,1.2456183122182143,1.1424495630017617,-0.9367373553060163,1.7865771239787347,-0.2853601457781144,-0.24765560383738025,-0.3836219320035151,-0.8126470558890512,-0.103116812655206,0.9444634456286217,0.5965138147719378,-0.6934630283464318,-0.46528178375082174,-1.034379382162932
-0.8239354869719996,-0.5680234064372764,2.049812095785926,2.1361522235828385,0.7821300015314592,0.7282330780688389,-0.7798529462216388,-0.959219184915202,-1.3495762115515322,-1.5418048956644084,0.034027411072232,0.1113726018400524,-0.1790932850161562,0.3958197810959231,0.6928557558178116,0.73463754545933,-0.9858038086678268,-0.2841550979287972,1.1947628618769377,0.8946471875738723,-1.372859451481064,0.3514799003522016,-1.9782252493748105,0.0469349020603696,1.897767016745977,-0.9478927172689864,-0.8343230454915821,0.7640297815728595,-1.542801515209646,-0.6327550298850391,0.5964411375817527,-0.6342858476894031,-0.2359699872109716,0.7441857103150346,0.4215460835365612,0.2668183962954019,-0.3391222792700387,0.3700611152689553,-0.1237326800997566,0.4578056099257847,-0.4969320251179782,-0.1825689743795411,-0.989957792552014,-0.0350076100062359,-0.8110008636288448,-1.114046450161993,0.2586611478553881,0.2127397758576603,0.7828737349485725,-0.431125569575099,57.1227731784561,0.029983634527157816,-0.6875434513395914,0.33872050286963534,-0.4620960186513983,0.3831002120732203,-0.5531921834348867,-1.0285765255061254,-1.7021343999747023,0.62152184861589,-0.7184805197598915,-0.6255806376880398,0.22149330713283266,-0.13679690475734085,1.5721554799027153,-0.3492954682052211,0.17911401136846739,-0.7882191047163172,0.8935920406314611,-1.2634031625456064,-0.11640489946110076,0.675870602230281,-0.22774373074316773,-1.9771131794544552,0.5862503755302528,-1.2842858184294499,-0.006736156114102297,-1.1431606060400803,0.6845747250358474,1.2004904567737311,-0.45077237329337355,-0.0657289443524329,0.8793465470270936,-1.0078465490671427,0.4073971776443704,1.7324850076956253,-0.8377590998621844,0.46639774924761235,-0.9831431262668516,-1.690319025877201,-0.3910497259790923,0.22519232749093304,1.1030922335588764,0.25800099766949486,2.1171815399897724,0.5365994334273445,0.5438089064632462,-0.6578858506873694,-1.821350209142141,1.1972120351038775,-0.8322834266436067
1.804348109786743,1.7031013794310357,0.7197579421481819,0.268785183809056,-0.9564363768180087,-0.7323125335215128,1.484116028535965,1.5263642340652062,-0.3130580305231543,-0.4214676216586719,-1.2504077339697175,0.6045153263553668,0.8823330623234091,-0.4520903328330803,-0.4700421477595015,0.2658782296520485,-0.4367197360405955,-0.0661326146258224,2.0997217891665154,-0.2470257007459966,-0.3583401520212222,-0.6475418056351592,0.7441919714999368,-0.181224173218103,-0.649373038321426,1.321304032273012,1.4196030045136372,-0.6004235657387051,-1.866539951360616,1.007513689836922,-0.684629825760004,0.7906255991627686,-1.9701038177118355,0.8925973382993092,-1.2111719292807812,0.7307641190665245,0.0142730678364341,-0.9539394193966448,-0.4070363129267805,0.6863184569567008,0.1058944531152342,0.5844129804724842,1.976440584515485,-1.5642416117110514,1.617212574968624,0.1043559375232129,-0.8987840483231282,-1.3303136257389898,-0.1891203907770335,0.9216501119244592,36.01283785202941,-0.7044701034595299,-0.13091597276974928,-1.6988491998036455,-0.045970007917145186,0.4803046530132987,0.7036416157931751,-2.2481428867921633,-0.5974233651432281,-0.3326571805631725,-0.5852668008895399,-0.3984361593487791,0.08643018908754228,-0.6262245956364498,1.0224482728559243,-0.8705543556461532,-0.8716021981573001,-1.9286814348628423,-0.5409539034797328,-0.9996488843142238,1.66675312854367,0.07012493246484428,-2.80381570335792,-1.1092685864671672,-0.8319258239334376,-1.0008194609836172,-0.3548545730742157,0.16786239360676053,-0.6406580226027632,0.20742058496143312,1.1783948015767771,-0.005386506614087911,2.4528616211424015,0.2345824670753469,-1.8153707896967453,-0.6953774654837629,-0.7585177963827971,-1.6892409229827003,-1.0005526347347284,0.3510011542248495,0.8044109709235767,0.21356693329250903,-0.44850253406305407,0.23460484106257998,-0.5009905968099438,0.17647664247949113,0.8847058197228541,1.1959762233609808,-0.44519171214701,-0.4997982746072958,2.944579624053463
-0.6476527563780456,-0.7158265611455704,-2.3690243115812515,-2.10929565785057,0.9243573680260057,1.024606258246517,-0.4962058757415074,-0.1476248993187434,-0.5561645694219997,-0.3218974281072973,1.5401078237440315,0.968498802624876,0.5207943056927528,-0.4928849123837183,0.7499383929448385,-1.686876951373053,-0.2523534819908905,0.5837114198239499,0.7404212140477514,0.669884490215741,0.2948306892096945,-0.1957249790838829,0.5379759698264889,-0.9528610405863004,-0.8446772632932499,0.0617346764602967,0.1731976427087473,-1.8256151785646464,0.4551463809495185,0.7727283779193933,-0.0772852374662953,2.374466283283992,-0.6829351063151862,-0.3610871633868695,-0.3950669061272093,-0.0761876112910175,-0.3287248129662911,-1.4068105446048718,-0.5465482962364754,-0.097620695774076,1.2285720820619974,2.2022432733729134,1.3354738978506546,-0.7753790296726064,-0.6958096106261655,-0.1593285775093509,1.7845588888535862,-0.1654240521818934,-1.327507490537431,-0.5011771369530351,67.08162448595236,-0.7283151499478859,-1.0349548645321327,1.4571957599562464,-1.1466647145209035,-0.5693837001481272,0.15915894533210567,1.2613181018500463,1.0779017394533252,1.0936976406914414,-1.240354252150972,1.2433122248451696,-0.42410381558409904,0.14494924020545913,-0.5334317466174908,-0.6798277099612238,-0.5877659049711595,0.6117870490026632,-2.1638030013490286,-0.5157673445295374,0.30722104429568986,0.1566588323151004,-1.0632212407978208,-0.26845256119676414,-0.6748142442311369,0.7405475358236818,-1.025275430669701,-0.3948521036040913,1.0905176747426688,-1.8420311772390687,0.06813255569934913,-0.9526532293994713,1.0383551849025725,-0.5058456692529554,0.3128133167436986,0.9154535210773648,1.3160559602096273,-0.869368250231262,-1.2034524246244487,1.2115302123032055,1.0842152041413629,1.3015113634798892,0.1705878131532736,0.40021839083867333,-0.955211809699693,1.3077227069761872,-0.1759091355515497,1.5891672432416373,0.007121368815214101,0.7030633962107434,-1.0016018406867915
-1.7829554572470898,-2.0517904085917387,-0.8046329957379039,-0.7257020258160554,0.0081944326078342,0.8076630784599649,-2.4167336501455954,-2.674265118122774,0.2935268326453018,-0.2526556019766487,-0.8902913875802025,1.599091209031255,-1.064219700672856,-0.368647458302652,0.569745102057063,1.450766640023374,-0.2163197070377801,-0.7348169742325424,-0.1067392085553184,0.904470662957336,1.1293948852632023,-1.3751591490453814,0.1149401203770096,-1.4342654089613989,0.8842171709772725,0.4223839005831528,-0.9211856309507296,1.534145570051164,0.3350134800073874,0.2251924804666285,-0.1791114823459595,-0.0080379343346567,-0.381482501422788,-0.7412084962162536,1.2291305876053935,-0.4927425896656821,-0.5264080377317222,-0.1292940901488825,1.4245144808548085,1.131165893697313,-0.3948483695674869,1.2267854255586774,0.1081201704283388,-0.8434252680080352,-0.4761293480034064,1.3732538692837275,2.082845263569113,0.3198167587532024,-0.5665371616830188,-0.1249174676739465,28.417636189472677,0.09874577763733462,-0.18999438718237946,1.6810923149304875,0.005492550243393307,0.5684802252745983,-0.20648098517684707,-0.32782352634269685,-0.5540552934127837,-0.12442732310641852,0.2936487738630704,-0.12305159098989943,0.4919155381513867,1.2079940398603866,-2.4978471195672807,0.8809151690332453,1.312084416107226,0.8752900534165288,0.7048615481957615,-0.5243486162483538,0.30613118900499553,-2.9227087990570007,0.3291192134172946,-0.10571802470109723,0.6283300457417965,-1.2593712749659631,-1.0760066377147952,-1.9192925788569681,-1.118352226000482,0.5216746491717466,0.8660210649846025,-1.8265557591292327,0.9545795811061782,-0.9684127137100002,-1.3296826073926284,1.7729838520970223,-0.4490401927324806,-1.1640049100033534,-1.3317689903878926,-0.9408488722060531,0.006266239915073867,1.5328290976625387,-0.6059441628470909,-0.14867908887143086,-0.6469530541180206,-0.681243948494123,-0.5140741113005324,-1.156812095652981,1.0777585841183233,0.9951178975866359,-0.5545770178178621
0.2862733367774424,0.68515867338029,-0.8106575556986726,-0.6906719373912287,-0.0779080463313184,-0.0528445563707043,1.5065286363122667,1.11423575606425,2.150310793331211,2.163444098160654,1.0835485233278697,-0.7216964540154426,-0.8709232698700103,-0.7447561567843887,-0.0524476996491191,0.5799721710336103,0.669868037904822,-0.9439850153478884,-0.9896592875112686,-0.9166386933635472,-0.1113544023855112,-0.2101556041908746,-0.950175462069795,0.2696036940632441,2.262568808335318,-0.5047154618351514,-0.4335118212035334,0.5596615703243687,-0.5588162917367949,0.6689644817181823,-0.7185427067790403,1.8321196075773007,0.3447749725922945,-0.6200229490767115,-0.588691699469274,-0.5137997527080349,1.3727496662488734,-1.2687510076012831,-0.6679416704595047,-0.561660556925426,-0.0156879667569379,-0.2711096926467944,-1.4912278313904628,-0.3998226835954676,-0.0995506831849684,-0.6280978350797833,0.6867754890476648,0.9194084287536473,-0.0783866997293929,0.2305415868507293,44.140068805271255,-0.1303451459872082,0.4483902936158614,-0.7509055497801141,-0.47570526373119687,0.1053093208790869,0.5604813988049354,-0.33849396429229733,1.5991566845286143,-0.5690273622751935,-0.0672295621509868,0.5882454459516296,0.04112506864187696,-2.2456704382724957,0.31299630453482846,-0.09634663149429264,0.936102435196951,1.3420227509932474,0.34857074429507295,2.406122358003271,1.843925742515286,-1.1438872848255242,-2.718973238006895,0.5058102656436596,0.3571617361440502,-0.40422329037518645,0.7279413890322503,0.8645406694634493,0.10980735285693292,-0.6155158499936345,1.4746311275151218,-0.755416300249058,0.3676972532248786,-0.31136924127099364,-1.258368594304883,0.6892068696490764,0.9053230960752856,-0.12115804919071038,-1.6223984967559022,-0.9036343635923532,-1.1132230564770607,1.502194217148193,0.03923805481997368,-0.9445294576993009,-0.3251592339758745,0.017995461854860437,0.9489053703967205,0.7381925158806075,0.11998438383813205,-1.1789771002104676,1.3837003872294342
0.9068756082729582,0.7476790124058887,-0.165980712313099,0.0820205312210297,-0.1596241840417872,-0.4320783935446033,0.2650264210536502,0.0416713005709601,0.2687606819938125,0.8253582140512934,-1.67250864711855,-0.899634314458813,0.8647274184905056,-0.499470741420353,0.4151643910499151,0.4173138624411537,0.8895699228077495,-0.646591652602855,-2.5518291094324206,0.396864635584757,-1.5690037440759366,0.9351765467299624,-0.0422639147072428,-0.2960312957365682,0.6905556043140889,-1.7418439748003915,-0.2002068902176871,0.4478742276386654,0.2528437721115354,-0.4888304541203558,-0.4787336645910249,1.5432420890800496,0.9126716623317382,-0.6641731946484933,1.3484609442728737,0.755081016713762,0.4883896417081688,0.5265901397390479,-1.1461210979901175,1.5052640110463855,0.9515077265732048,0.2451234301676984,0.2436065443041058,-0.0914750010955938,-0.5687088432346852,0.534548246817713,-0.79540678579317,0.1506987041436387,0.0973650630153087,0.3851815712318163,53.575491853676546,0.5004775194206322,-0.5887635362067958,1.166548590977006,-0.10212844003499932,-1.5884645404175581,-1.4708050816732672,1.4961022334255598,1.2010147611718904,-0.554337967313331,-1.1371787758025602,-0.09230539380077397,-0.7354489203920433,1.5812719516191547,2.091576369778548,0.3066983736594359,-1.118060427981828,1.1764904376350318,-0.3602768468769759,1.2551054165830837,0.7827039386018507,-1.1411658156596491,0.07161839271028005,-0.20529259405139316,-1.2776002651682936,-1.0501035694666678,1.5348098061038578,0.3349835554979247,-1.1578824319165888,-0.28943619064809273,-1.9070238860698252,-0.8954583137194013,0.0008573342459645112,0.3153314706444249,-1.1463526088450813,1.0254067251419892,-0.1240606779362897,0.948865245446841,0.23321456024834725,0.9431422558888813,-0.67815904304702,-0.7977338737999218,0.08368981997688686,0.9014020901613844,1.5559537240668089,0.8903353149820696,-1.0587834409252077,2.0589856957943367,0.7409003258682187,-0.6667098917415991,1.4138259911137887
-0.1030405816905554,-0.0755260392236978,-0.5600838882216894,-0.8415292567048624,-0.553833023298506,-0.2478690716096133,0.125406782941272,0.3736377641279692,1.242516123807333,1.4164155559488707,1.1127563010774193,2.0589388452982744,-0.6841544362973593,-0.1740656606467397,-1.2315554653272682,1.8536995434306855,-1.4923864568169232,-0.3997882208508393,0.7846885920322508,-0.6840129905611327,-0.9891160917615583,-0.0522408591403099,2.390156142731487,-0.2560005872975107,-0.2070720310189866,-1.1155593718557837,0.3850954972486606,0.8837234028215399,-0.6063041132558343,0.5357316093267642,-0.5985280415435967,-1.8937214283323112,0.4573646321850826,2.074383013419702,-1.195896357049127,0.1793798353717846,1.3097551496028543,-0.1019858254010051,-1.4268340944965052,0.0449581964801466,1.4903599815289843,-0.506534492838361,0.2322428550481269,-1.053527670213464,-0.0994729737878845,0.3866915394439336,0.1258528036871206,-0.4314973802465361,0.4429927061161903,0.6694975570550015,34.38261530127743,-1.0532587206449961,0.009291752530912675,-0.572997804990946,0.4092583875972426,0.7929348534931071,0.1411692986915413,-0.4759886023863676,0.2829461845074849,1.939988391476335,-0.8928295973180795,1.5563073884802743,-0.026605105036981547,-0.40666844187691986,-0.0353900781738251,-0.5507167881185753,1.1635258596263263,-0.7717096870583702,0.6225313439371939,0.6867092043485655,0.3748480783328206,0.2163322178996688,0.6612305108643234,0.2480406428958048,1.5773708700880358,-0.45771894803881824,-2.0604769289335,1.8399109991688833,0.12580995348529364,0.008194834196739996,-0.03757959144892407,0.3532230675468552,0.8521995130955187,1.001383145660648,-0.772833460036299,-1.569472453051818,0.05507563831471145,-0.3792459077712594,-0.3558188353382118,-0.45088711147920785,0.6771831431164261,0.757725176405555,-0.3489217264410125,-1.763723876486993,0.27683914813024113,0.1644181871250766,-1.093440425718558,-0.8553334027860247,1.0051132244250869,-0.7071805390599533,-2.4280830770610407
-0.9176712958807302,-1.1535548601869432,0.2296573128077958,-0.0798896363947814,0.9785572955377008,0.6227097249983777,-1.807039611117684,-1.991350559762833,-0.1289221164470013,-0.5538594576855438,-1.3377569883326743,0.1938493491493041,0.3172558056765597,1.4408146419951626,0.3724451751893126,-0.3028078997184142,0.4056767518696175,1.1094885622446091,0.891219680519052,0.6214347913217446,0.2745818493125527,-0.5813272121504516,-1.0327988124951546,-1.191006072377687,0.3939662878750578,0.4982800699350757,1.094304482603898,0.5617318522498616,1.0508714491459583,-0.1305466306419193,0.7708424634363196,-1.0014705119303524,-0.0601858518759251,-1.8314856042385488,0.0315846561056694,1.224786484041032,0.070210650082773,0.7218249921732242,0.2731852140913214,-0.570425812639361,-0.1866478103512383,1.1796844936508522,0.7166740558078725,-0.6175958004533808,-1.3874715458985154,0.2068465835644734,-0.581879823769753,-0.1774350097632825,-1.4544225830944784,1.0407528575112943,49.627355046496696,-0.35068152787878737,0.13934259362126433,0.1811165102110608,-1.0981454780308466,0.9703933898468512,1.118457644847877,-0.8404709356859309,0.33972385937475696,-0.7419834280919447,1.5329333705355574,0.49007962825149565,1.2045945793683899,0.5117789786504942,-1.989815518799147,-0.6163654291823402,-0.08062880844981013,1.2907055153121305,0.8269434604651958,0.4460125107285377,-1.9413368380718552,1.2716652332964993,0.8332786171034329,-0.41778944907906534,-0.7584976535731471,-0.15526930410375947,-0.3276186660655158,1.1407914475545389,2.022486906000581,-0.7929475029860962,-0.22980370331577363,0.3695131163164241,1.2487012727080387,-0.2539283100109162,0.8333894899614118,-0.9349240814388441,-1.571395594482974,-0.2531215762858126,0.8754948832617212,0.2567472610395303,0.5338200702519021,0.5060641378930499,1.0659097871516237,0.7812571909962575,1.2335506973690682,0.673159335294313,0.4481387274067076,1.2006419492392584,0.39227475487539126,1.0799328830008623,0.7654259139507126
0.3308635310669119,-0.1467170264404476,-1.309731974367632,-1.339100854853618,1.4812365916235948,1.3847312904846407,0.8329454428250415,0.5101897741563253,1.2983344897754168,1.3301757414863928,-1.3859266659702465,-0.0063341404652559,-2.16116210357171,1.2306458041780113,1.2207151954954414,-0.4333505550845262,-0.3707705966605096,-0.0723474751506713,0.0520206504396197,0.1271739191942854,0.5582321068783032,-0.1726263530084781,0.943193303477794,0.4459477771253033,-0.6069634458726355,1.3351126678040974,-1.358256986122487,-0.0921658108214764,0.966917401075468,-0.7230731049121446,0.3095556467671514,0.543339596999048,-0.860523867981239,-0.072477719594035,-0.1565038302092101,-0.5517378518322928,2.3016748520507746,-0.7631063534454757,1.0049302940678833,-0.3928010168811419,-1.0866361888852818,0.1028142431550689,0.6490933843875007,0.9205095750656788,1.5622651106550691,2.9452462899351,0.2505142037555971,-0.6630921738253879,0.4528743267948912,-0.2662129504064916,67.10808107176796,-0.229216051553592,0.4525348918213347,-0.8357621350209089,-0.3618113392325675,0.8033650488211627,0.5493156445582286,-0.2247456205149846,0.2820026250168557,1.2916352267604467,0.0327077562687679,0.5476557719191922,0.18253809688267564,0.6187258381044658,-0.6748784964301175,0.2855558895403972,0.799611626056244,1.3963475039118443,-1.5120063120615763,0.29977223560213645,-1.507208565856235,-0.11841510471612826,0.598155247464706,0.042013229553474946,-0.13259355462133912,-0.4062337583664761,0.7319641373943171,-3.09814715452078,0.7212680802565271,1.8030378628943522,-0.9623307674450841,0.31259223015353105,0.1704963074522855,-0.07860980175325702,0.22659212617799823,1.4297352661900702,-1.1470701456912535,-0.979022129575797,-0.3103964849550655,0.743133265424835,1.3006633667656036,-0.6489547856369821,-0.8643077150294702,1.1440926945412941,0.2853040054883148,0.6586218087487499,0.4207631976917133,0.5619306932835202,-0.8966117234382827,-1.1753476361514408,-0.19500476490089885
0.6621395504936523,1.0598626229394166,-0.6118526958160452,-0.5186042162369879,0.1171639454343108,-0.0903479626761879,-0.2264329770137626,-0.1985469745158518,0.5801027466016854,0.3848336317961024,0.1613969135784465,1.6368505112904632,0.2697295270874615,-0.417837776112185,-0.2951904114364398,-0.764304750425777,-1.018636288664067,-1.3893424204851526,1.134232446706742,-0.7183070572867839,0.3159154751732698,-0.2998662339540877,-0.029223995255898,1.1538011180639218,0.1766564283620493,-0.9226747498788312,-0.5641125387869906,0.8599460279533878,0.483178537434971,0.9224133208057412,-0.2385014334439568,-1.396043815414402,0.5066479886912482,0.2528189049419811,0.2790088871604647,-1.3817436413087925,-0.6402164662342589,-0.9383682509412496,0.3993666430901955,0.433794074220146,-0.0434878912322038,0.967584718647162,1.490711656569946,0.3530563726781372,0.6710710299242914,-0.54155003982462,-0.7254284816196745,1.0097438857396306,-0.8747422570016371,0.6970633539981945,48.83956410897953,0.8138639081236053,-0.1335798413052158,2.2142515234622757,-1.8037814217781782,0.033327925665802005,0.6918098218337286,-1.1326690518768963,0.15971772868210007,-1.1354666958101698,0.10168539544729768,0.5663065387335868,0.6269547482561325,0.7353411541977961,-0.18373327476680484,0.1260623280034051,-0.1633079550015069,-0.25998392525270525,0.0225129743977275,0.3050005452097285,0.4585549740189212,0.848298179304868,0.9583919516171138,0.4509728107517077,1.7467873866019517,-1.4283644272500728,-0.03260376040084858,1.416973973837563,-0.032628501909356664,-1.4933177252684207,-1.9186340908607376,-1.396730673228127,1.291885901864576,0.8039292795848746,-0.9431462779775022,0.9603501523569682,1.2930975212410925,0.7613423567935124,-2.403239790981312,-0.7080770729458538,1.1392942244733477,-0.886353477310738,0.11533979039383678,2.336746454024997,-0.18023570501649122,-0.42484098276342286,0.9300724593022313,0.9604844122940904,0.4046040350430019,0.32568923091146523,-0.1493549210304904
1.2849797147621682,1.637673043954985,-1.5475310822744464,-1.2161681295346596,0.3791236330692372,0.5039487145195023,0.0200297488243475,-0.4279105856406191,-0.2021903353876195,-0.2401756690177587,-0.298983997371841,1.41484013645926,1.685064345333184,-2.019926173942275,1.091027909191477,0.2501477160353562,0.92398267912015,-0.5504882602676295,-1.768263509501486,0.5844887886474618,-0.940977261282717,-1.3882924314848524,-1.3184013824734664,0.6009137824153344,0.1394524660291971,0.7824660218746737,0.6690752544963648,-0.4209335645837658,-0.0704735738774557,-0.5114375287825396,-0.2103277728654908,-0.967254737981066,0.3904842938743351,1.0751207489817565,-0.8166130298209866,1.2812696454013426,0.1135214964779417,0.2410789764058132,-1.6994295196075182,-1.807262309565734,0.1441163627796819,0.7897321246320076,-0.6713804436449524,1.6700939005830893,0.7349359742543154,-0.9083412517079852,0.0308486670535071,2.476929133723412,-1.2425640027997056,0.5282699389151054,53.62479359468163,-0.9404137745679023,1.0858663418678058,-0.2960172273298979,-0.354987284113288,-0.9561768831496472,1.5973727899525147,0.3443557692879563,-0.36624169747817953,0.4879054450741863,0.10565382502606138,-0.5551137363277123,-0.27705310027909125,0.061908104029996795,-1.0979885674197973,0.7779866783080691,1.185829198742175,0.028428263711718648,-2.2775626068490844,0.1632860530801324,1.4677833053712417,0.6482526563258691,1.6056113832418772,1.4726302506630577,-2.059781569210089,-0.18553050234646426,-1.1136866219055395,1.2074912492745373,-2.4621591233850464,0.056687477298438156,-1.5914981540273423,-1.1195583744715538,2.8832112963376884,0.07087187047536225,-0.580741118283471,0.4960210635212485,-0.15572252146734258,1.232647504381844,0.4436168006413885,-0.6886588709738297,-0.9529710249382074,-0.3767004863722298,1.7835000132962895,-0.7541921187951445,-1.0425125371315882,-1.0206677299017983,-1.7104423501281598,-0.7564039912677225,1.4878043483205123,0.7264777152506449,1.1651235834075448
-0.1919471554327848,0.1328660046266767,0.4428516693071072,0.6728820065936847,-1.9803287869523725,-1.6297371569436532,-0.9789090766971428,-1.1249143298781594,-0.1508424415665739,0.1313087430546443,0.9619586625390184,0.0058240579232769,-0.1273540902593306,1.018455956545013,0.6006523718867851,-0.735570445980655,-1.147155377478833,-0.8236997751999194,-0.0492197501882147,-1.2460537751704222,0.0907530471624679,-0.1291983097903409,-2.542519032310562,-1.4061751862672949,-2.8857502436841536,-0.3439030610443093,1.0740136453460003,-1.8906579554280043,-1.3222868197933644,-0.1637378672731814,-1.0637530288534276,-1.068672767066792,0.5415941061731595,-0.4948954445729207,-1.4867248873979817,-2.0877158900571007,2.2084077700637312,1.128309054562671,-0.4516333460620166,0.0878580116639373,-0.4885310620969881,0.5104567307912509,-0.8542143677178806,-0.5431732164768234,0.4554008401944966,1.453859104446407,0.7414150946621048,1.2339138775909275,-0.3124173375111791,-0.6230104073769434,23.965108501697223,0.2346520051550863,-2.100918861451918,0.12644902282346232,-0.09343407091699951,-2.3091837312848655,-0.06614328487366697,-0.37366207826417036,-0.25018783320716287,0.297083451490835,1.3946253882111763,-0.4632391369225352,0.4520640101516148,0.29556060178674576,-2.563953967979889,1.3015929980039929,-1.1596206115397987,-0.9341542070495419,-0.12369318951178283,0.04011908243657868,0.12845106724629307,0.13989342347031813,1.096117935409184,-0.514642808101213,-1.7062608199696396,-0.9588961614478968,-0.4777894040635778,-0.7363727523560001,-0.5356871181435665,0.38135158115491613,0.10436878186941813,-0.6166726850782285,0.07085890482031604,0.3815515758892609,0.4983144204532381,-0.2646116022346786,0.300659448885967,-0.032442661893587,-2.0304135758161195,-0.5063856144965024,1.443641475179593,-1.0608834215622855,0.3112986174303915,-0.560191180674306,1.5940284730672647,-0.7477830397187013,-0.09774224079349929,1.90518491022359,-0.3149411597827107,0.16938898316541598,-0.34817592777237977
-1.487861703490623,-1.9638550706257727,0.3888189102637133,-0.1627295418841434,1.112634305203302,1.1934042247018053,0.0855947039445254,-0.1710503702357966,0.7728478385437232,0.4034605944920122,0.3350543519121714,0.5647891059076481,-0.2120896699204256,0.5422030069090485,-0.3378777754738067,0.002231622162402,-0.2746437493662974,-0.4572185393191959,-0.6891117977217902,0.4676901038588855,1.3106059128134633,1.1711019716695594,-1.2565653359454354,1.2892030514068733,-0.3181585016179288,0.6007330151455916,-0.906215332047211,0.1419799138740053,0.3137231828969071,-1.4846047919196528,0.6082671663441893,1.3459350078383152,-0.1746479456816279,1.360168130828013,-0.1896934934524075,0.8495845310466172,-2.2185699659511,2.4187777793134635,1.495458245242957,-0.2846255042536789,-1.972089026643818,0.2880283683054891,-1.4439255470737569,0.444853537557488,0.4115657191642819,-0.9414031690020248,1.1209670236143776,0.8055747028061735,0.9758233372885634,0.0088577036688953,56.72545975371426,0.25275550753788667,2.9377528471677734,-0.687937387463827,0.22898242506107808,0.15705360540145066,-0.6530916613503364,-0.5072714105938124,-1.069960156592582,1.621226879726228,-1.0452143623207104,0.7692456395599749,-1.2092145304831798,0.2890220506054031,-0.09785077021512495,-0.6914122042764048,-0.2554504313815159,1.4808862906533322,-0.3727422440286893,-2.0918640945508673,-0.5913046388789457,0.5739767008316777,0.1968313989019303,0.14418199150892913,0.44193368708851755,-0.6365572097261013,0.3021502374318582,-0.43257575712307933,0.4746536457573453,0.04121277502800201,-0.5340360293188317,0.0231430125659436,0.09900162758932099,0.07796847219394218,0.6978071357336549,0.284621047537073,1.8063571593725565,1.5800187623238664,0.21439434738168503,-1.5535572229478418,-1.0261763079634616,-1.38928126862327,-0.7965213077035429,0.0533279658494385,0.9909616123926529,-1.0837664368374886,-1.1303667208654253,-0.6696704597370643,0.554650939213158,1.274733007658071,-0.511950364132987
-0.1804483403598697,-0.056517742528576,-0.4420388618594899,-0.1199293896593847,-0.660139485081315,-0.4788033091140695,-0.2459899271601447,-0.3099454157119471,-0.9060776601175594,-0.7294334286885082,-1.201207505159966,0.3429647484477854,-0.9544671800577996,1.099944565240973,0.9081286158176486,0.2715202564305467,-1.391429471924784,-0.0532043022688597,-0.3041377034785886,0.8303928642472896,-0.90248841283971,1.155061481152446,0.9673870681534372,-1.3744009275040197,-0.2196030804525107,-0.0513354698788764,1.0059478593597342,-0.6868206731304172,0.2076041692676956,1.099058518684361,0.2512693129286596,-1.857320945115783,-0.4945207217337529,0.9042324039068872,0.7793754686656668,-2.249390669844755,0.2007377906101565,0.9460045606820154,0.5389244881597188,0.6535749967454207,2.0623164204948403,-0.0434531395821969,0.3047765451066457,-0.9394955115545982,-0.6346711229603367,-0.3319742378595674,0.849725656844782,-0.747608779553076,1.2346230896017003,-1.093166231745843,44.83577177264042,1.6463972426799733,-0.8711337640375167,1.8613155972363946,0.23957654036320872,1.0819420597408491,1.189515042665042,-0.5939031720203022,-2.21004278929018,-0.6544018951685149,-0.3963955201764545,0.12641282943361754,-0.4997204994197924,-0.6302828007794473,-0.7848762463576265,0.8611845377637809,1.216459777899117,-1.5117871459689358,0.4919090174272401,-0.36912727307249366,-1.839170389171607,0.24594371883183785,-0.13461985477275235,0.8691275372181939,-2.4785367158538194,0.740520153299995,-0.3071921093803557,0.41172510724124184,-0.5108576756023839,-0.1909858084779715,-0.8018335869197718,-0.3351075453280277,-0.09211683792364958,0.20273168823968934,0.13363319318873396,1.7381467583261392,-0.1276261786504852,-0.544081311017581,-0.7713575356158918,0.48667668606921916,0.594794706576607,0.49738208669202055,0.3475157982269089,-0.021264052012147087,1.081948177713248,-1.8559847476631552,0.8552942132023134,0.6406441757628246,0.5288338337497608,-1.9245938786319685,-0.3215327579442687
-1.2903683825796397,-1.5541991978065557,0.5316987339898607,0.016807678345838,-0.0024678493121753,-0.3048760703769931,-0.9774753331527154,-0.7238527657769562,-0.5291126672745058,-0.6227098303584566,-0.1046560647791016,-0.6824687690171107,-0.9679183200240504,-1.6123576309253735,-0.1465182790115405,0.6186085476102836,-1.6436341422199503,-0.0240478250998262,0.2811432526915606,-0.9895804037291448,1.4221418115480882,-0.385715369038408,-0.1012596884565111,-0.1612695005979788,-1.770774422591056,1.008752071684044,-0.9555187684192374,-0.2365205154057363,0.5976610012779955,1.460903426144534,-1.079932281896839,-0.4464835855944271,1.3824186300071537,0.4637138792754469,0.6711713590516084,-1.0511317357761678,-0.3792095299265581,-0.1678354323804307,-0.857894757342974,-1.674569625673907,-0.5104985587635958,1.3542881995844298,0.059173465560496,1.3742909135733763,0.1790209142295196,-0.7647077295879625,1.2776190132317218,0.2123261406678989,0.9618388324273972,-1.0683281711205714,35.867253967028766,-1.007089364306261,0.4033900233540776,1.8866146460894102,0.9039227507368559,0.9955324690830808,1.171120631033927,-0.10622149384201134,1.1040706092820498,-0.930664217960387,-0.16896520666251094,-1.177611007811773,-0.10266860856592804,-1.7580551914371976,1.7726916608999155,-1.0798061676931627,-2.392608148197263,0.5349706723637695,-1.0730552296239266,-0.2403008051482479,-0.7835850574837824,-0.14228049679277768,0.11463787455269113,-1.4395936078302172,-2.0434935024851213,0.9553929964573576,-0.04797993391856003,-1.0142150087968282,1.4271502479634401,-0.37701328298679065,0.09442737971475966,0.3106390995647888,0.13374294128699207,-1.0790244592678986,-1.147490415073775,-0.10190237177542805,-0.18424597885404745,-1.3969825943443908,0.23251003365745868,0.6008689137235076,2.421465132961808,0.032732477657032286,2.4320269751801242,0.8346231822478283,0.9251642928846124,1.0917613641014539,1.3337490486275165,-0.06323557326745641,-0.36897665151337017,0.6079155485728651,-0.3491026562396311
1.193748126590254,1.0741251310574091,-0.614420461823467,-0.8780858341982767,-1.8805978087246749,-2.4204868871562275,-0.0519516208482969,0.0569493073716657,-1.234323206294148,-1.2054766637931007,-0.0799915128941307,-0.2657443949983303,-1.2661317442899516,-0.3945369678086855,-0.666274368992819,0.0858785377582528,-0.5588322926698188,-0.0387539458783706,-1.3108176088080017,-1.396846849064569,0.5575399980066126,0.7653524162878483,-0.3927241298257674,0.0276361277077377,-0.449713195415727,1.0972257331197,-0.2031009672814164,-0.4988756528697456,0.966298853069784,-0.7740803066888763,0.1566163365065976,-1.0484699893448557,0.664549619941435,0.8154188595444919,-1.2886937983250009,-1.4446417919727086,0.2885417035137159,1.9408189892286567,0.8839710723938131,-0.2123348005856122,-0.8543012741425021,-1.2161215595267485,0.7170743586144145,0.9227741186910344,-0.6311593951920663,-0.2467281777102852,0.0469563381147031,1.812846458861496,0.0651531585430943,-0.9809518549220426,58.95947276091091,-0.6572333181174939,-0.9384679102058486,1.6309291812629403,-1.5396665192733199,0.8160728433938479,0.5582916747557968,0.0834811255198509,0.15725843678529833,-0.1165103783469821,-1.7211758252897242,1.8731044246247803,-1.2763359206265377,-1.2191858277651948,0.10103348798279618,2.0737786828032836,-0.04606140412446539,-0.5968291881157131,-0.4214865358515187,-0.7489730972700454,0.1309811291970358,0.39108034966653454,-0.2754981516747189,1.9978261250271308,1.1751578262941413,-1.3109708357228902,-0.01916049758164179,-0.2427288682128304,0.07153816245060336,-0.80317994579797,-0.6921470503760725,0.9754703167375094,1.2231052939763496,0.1223266861648562,-0.4125260725372831,0.6992510888287639,1.2060858873997573,0.8043685299379365,-1.4436185572670992,0.07968878144473109,0.3124849981973039,0.027586351623552368,0.03922723036183155,0.5224641173900957,-0.710114504684698,-1.8860230068683301,0.5044956768553063,0.536653206277333,0.9373290724340834,-0.18175317352578932,0.3473570132568793
0.8388708606780273,1.016759017291868,1.236848707354141,1.6140886895509918,-0.9130597380603076,-1.172197487835288,0.4106953137775281,0.3966641106988202,-0.4926028711023201,-0.3388617155052113,0.7376067644769629,1.9801963416895896,0.1707841476002077,-0.6108380022781855,0.0512435116530205,-0.1505883394086345,-0.1365571092031354,-0.0238037080957329,-0.9317667088462364,0.2822177549706428,-1.408663267758591,-0.7168266079081144,-0.1188787631398174,-2.259553312655592,0.7689915363449175,-2.053154509847505,0.6695876908981782,-1.2928092899281622,-0.4049186907034995,0.5191306469494293,2.1981395194794824,0.1164519777073494,-1.982626328199508,0.953695132635774,-0.2319184048590182,0.0699066544588235,0.5578630298876143,-2.225377956905714,0.0065368477351957,-0.4096938899526954,1.221834906005519,0.7271137633387429,-1.627001922781547,1.2626258523490483,0.4495250881602112,-1.5472415974532183,0.055753103492773,1.0348261138558552,-1.214043872573394,1.377577335845417,30.956036757790425,-0.937355682223321,0.6442681595093017,0.9564403483476219,-1.4862770299502939,-0.07421097854939082,-0.16037100058244824,-0.5199750884075218,0.006211355621786128,1.6648018292404523,-0.9161415165813434,0.9780718672970998,-0.8302167188922722,-0.10423797949803458,0.46957889689839183,-0.7863040531383287,-0.39354631987318744,-1.107852819556511,-3.2160571992571363,-0.5560969362288024,-0.8564566522457612,1.4466314098017299,1.117580732245625,1.1790307525919472,-0.40887336840408994,1.5686658970781466,-0.5242816096582952,1.0000374458259134,1.0785951161118734,-0.82091315817284,1.290180638778603,-0.9992938076263314,0.0870546368075889,1.4278623820852956,2.380991489339341,0.6729799604696928,0.012349689985716507,-0.0958713062625303,0.7783255241455084,1.3596767365019493,-1.7787817299151834,0.9266967343836623,0.7936207477280433,-0.35188217414045164,0.26500726923505735,1.8614602246792642,-0.5578478552534369,-0.9834197923409767,-0.3846916248072168,-1.505127877843057,1.3233299263440124
1.8379420299922755,2.41640769325228,-0.2487234240825325,-0.2118590322606799,0.8498203653189064,0.9694263122752492,-0.0446276230664421,0.327782540832887,-0.7155444197585275,-1.1230432997768154,-1.5482616682308352,0.7760873728625646,0.5878351218657896,0.585070202458372,0.1382252365018404,1.5329782475310847,0.8719934654268633,-0.6070771913756997,-0.5891790496976468,-0.8796738134146368,0.5512833327755875,-1.0001389212399567,1.0833921435833522,1.3229733083455433,-0.8790162689504512,-0.1855485345928537,0.0166209813624137,0.8839831604696676,1.609343375609877,-1.6854923928685774,-0.3181807175266828,-0.2660166955603469,-1.4006698548865475,-0.4851100193040616,0.4277689443506111,-0.2786789028395571,-1.5446211686074136,2.874082698009913,0.2661778652041803,0.1116941301066749,-1.0979263630670464,0.2607061619712753,-0.1642137840414943,-1.8885234127154065,-1.0702554400144162,0.794926017673945,1.9440176500004416,0.3671654050430446,1.1030832782933673,-0.15575530858321,43.40274339060475,-1.6697791720684,0.2765691525949277,-0.6247895469340525,0.5289579363925203,1.087464174031497,0.0013796510079850618,-0.3587659360951468,0.3984491228578794,-0.8841584799437681,1.0466748272809374,0.03762632384501897,0.3131117685738916,-0.786806656896385,-0.11908614349605941,0.6906305697567595,0.6846612305437452,-1.874728280561408,0.5575038210338372,0.30074901718079544,-0.964446270397466,0.47274897347569583,0.5721002083009874,-1.7114884853649401,2.1960895592968157,-0.5100865767189783,0.8165690239710347,0.5177279086900803,0.20490085797712446,1.1585434512677808,-0.6208842391872638,-0.9612704991504749,0.18917808231135325,0.16899143141433093,-1.2108740331176684,-0.6658509226836544,0.32000702692797417,-0.5812391970261442,0.03760944630373803,-0.2611853187979934,-0.3258976178858741,-0.19587438650316466,0.005182484353656514,-0.09808541239626974,1.086863166074582,-0.5277873316105391,-0.748585152673294,-1.2273638140282521,0.45305156626192244,-1.0810978479371895,0.427551801109357
-1.052986106374446,-0.8744517570082974,0.5748525793953337,0.5933616157949015,-0.99091295408209,-1.343586714641262,-0.0062752328441269,-0.4624955913534547,0.1297264914981929,-0.1345595652346694,-0.1327237594745476,1.10684061002552,-0.861814007519286,-0.1731708707650487,1.0813706668059602,-0.811055924031409,-0.7600879277439868,0.7339409444518094,-1.4239138406470426,0.6606311230264938,-0.4896345792469634,0.4100006155204225,-1.2207345670556264,1.1850762665583685,-1.217238649889543,0.7249503535466539,-1.1754623837759852,1.808300871089064,-0.0713817818551289,1.950857094996984,-0.8188874874106598,-0.4426506960487956,1.2107192037321692,-1.426196021775116,-0.6992666558699421,0.495068429689332,-1.018780576696333,0.5218174220190447,0.1704043850217182,-1.5136456237421845,0.9677687879834664,-1.2624330931945689,0.7712790969729371,0.128475398244281,-0.455012464705742,-1.105402524960884,0.3292693254081495,-0.8725247934775272,1.2079534760525763,1.2444506093033991,39.7616281800053,1.7646869342627187,-0.6507135373450895,0.827850095962418,-2.038961277005416,0.9241618238559027,-1.2767729521310867,-0.08152282681934891,-0.828397454793649,-2.5884166322041997,0.7602134963301175,-0.27350098179996507,0.12983191628803234,-0.784496072389535,0.09373330317385331,-1.0872403387446656,1.0699134354109718,-0.21540612797099312,-0.08839991679407365,0.7675900769499596,-0.05111726347663867,0.2179711200386592,-0.3810764544467266,0.3713818416034398,-1.0347697780535663,-0.6010101206318919,-0.4774915968411002,-0.6667847639617395,-0.27598214310674973,-0.4417467234969245,1.505321519972564,0.13535998609221697,-0.2496496656607904,-0.8337509418377196,0.37493286844768214,-0.588684643504235,0.9968162895388207,0.07667120561471819,-0.3442030790233886,0.61758990470135,2.174837707063181,0.8303669550428232,0.27545109836331394,0.9333207846519014,0.9443368547967097,-0.27835531621919474,-0.41182859732470173,0.2870308590264553,-0.23937394244873753,1.5651014406085924,-0.01286438196665133
-1.907807557877391,-2.015042031897796,-0.4136055334216442,-0.2474813106771467,0.5565531245337582,0.8936763786636894,0.486036289417637,0.6772901815977396,1.082691053887073,0.9564263067385672,-0.0936361887391708,1.32579664754219,-1.28716356858425,-1.3971181851129912,-0.5835993263460049,1.0383788510193166,-1.5193460754768424,-2.832155598110569,-0.4511588584089988,0.5517407999109204,1.2002617497388293,-0.463161362085399,-0.4114266071160024,1.1539007342557472,-1.8697416996954208,-0.3885207751830092,0.1904238899250577,0.4492187212850342,-0.5098066931908826,0.0344410117058413,-2.488327353412989,-0.6582484123338483,0.4535087125544674,-0.9822940342546796,0.0589842215895973,0.446872500802698,-0.3425492008577649,0.1704637709965709,-0.9627325652846124,-0.2066112796960466,0.6102161695892225,0.1569729609684342,-0.5865312695639355,0.224216404290793,0.714609790636618,-2.049941278577478,1.1590740649558977,-0.336254738681072,0.4254899332402302,1.197246923645228,54.38539705882649,-1.2415012309491225,1.0730873454103131,-0.007042798924735517,0.18330021210499314,-0.4226335607215581,1.1129465302072028,-0.18241813553953884,-1.001062213384433,0.05976783737328261,0.9370668751020312,0.19867585753008277,0.8063654246577088,1.7992510456861954,-1.6522992883621435,-0.1520908861467986,0.7302838193069643,-1.2645851145979052,0.08724143782060971,0.299236461918441,1.4484116701223901,-0.877450581169481,1.3240877836120952,-0.5644534338641156,-0.3184817988704806,-0.891654787340781,-1.0054679922322418,1.0227605566412248,-0.4713265035703927,2.1321856668063788,-0.030015732047902168,-0.08203063630915813,0.48905750054155556,1.4765300374527022,2.1208329953340357,1.5270132612259923,0.0001146437703595783,-1.5843834266666759,-1.6947505248528592,0.4858344244121921,-0.20709681153663623,-0.7389766845937729,-0.07825521553347335,-1.2661959099636664,0.1565915053864577,-1.514893499076297,-0.8411243921722905,-0.36725254626764503,0.0436279710993578,0.6322213684854999,0.5463887643092598
0.6267534333205994,0.3994500964110081,-0.7520818009635463,-0.933870915514839,1.3069742988380024,1.234011455289392,0.1142499191520048,0.0248976402478637,-0.0795016680389807,0.3825220235327985,-0.3153318824428922,-0.5090729994817289,0.142902527171343,-1.822463660007146,-0.361116466068305,0.5402508828569852,0.4236789893652055,1.411064664325658,0.837417509008852,0.4082577060162545,0.0286629420205317,-0.4565332023262666,0.5032682534784886,0.3234895308344409,-0.3742820336279818,-0.8670916822737745,-0.0530981454242612,1.1560069634271009,0.1102073797312975,0.0283975086293685,0.423166986899009,0.4813205689775184,0.2489072621814346,-0.0420803313512112,-0.5081820432654086,1.0048567242110271,-0.4269616624584902,1.5723285878615685,0.1543586059858365,0.0526912250886448,0.7599784198395648,-0.6531861534170238,0.5738672409858327,0.11525825520081,0.4108813422845754,-0.6835945038780846,-0.6929704130276556,-1.8325175866431649,-0.4572534419357673,-0.509706384183234,73.39194885280554,-0.8163054090548456,-0.16396087960192127,1.312408621742632,-1.1802929395898938,0.6765980166158473,1.0776513095291436,0.031075966875013874,-0.28368469367815263,0.9495229179610088,-0.5890902225314012,0.5175200991574272,-0.600511018185164,0.8588947966598731,-1.0401663052212893,1.5457331421535163,0.24100025339724565,0.05641945327380404,-1.493430736034726,0.7424442386469563,0.6847193878884175,1.4158751492646091,-0.29187885403461106,-0.39734803191811113,0.5406307261785857,0.05591207498653649,2.229639433423198,0.3028952625429311,-1.012154038322279,0.6689403187957681,-0.6518995938750431,0.7433635615069143,-0.5031963884173696,0.7213716777887588,-0.27348423330496235,0.5701299455178457,0.7875884733611177,-1.7480674719137859,1.810534841351558,-0.799111924560637,1.3269940334879096,-0.7452172837276045,-1.0180445374050637,-0.23369881352617866,1.9749868235409183,0.3845668539420678,-0.15924114901195818,-0.4012904359713322,0.9335733354482981,0.8019079171281337,0.7801961311995445
1.6465514206230427,1.7455456127231417,-0.969679661217808,-1.2534694163725488,0.2697843988390912,0.3246352465527221,0.6674954987133563,0.6358918359933107,-0.5592824784492236,-1.107930712051163,0.0208871629990778,-0.4475771788895534,0.6903606245779114,0.6510338582819997,0.2147664916007922,1.7171191539945574,1.3268267347702845,1.001857194053802,2.5663655728087478,-0.1464634019977161,-0.4648003293160938,0.860363099303359,-0.252634297994281,0.0119277156478226,-0.9859199657503048,0.6066594577131273,-1.4710072455376098,-0.0964382211593694,-0.0153557375157566,-0.4360388424198315,-1.7572147586615,-1.7646310937744505,-0.7461724066718001,0.5390503287620642,0.2889248614419439,-0.0164353588311414,-0.8845884860174777,0.3411322212611075,-1.7990292780389183,-2.3965494823719777,-0.2430715512150047,-0.5460513800970288,1.013171297647458,0.1579837777728344,1.650735309999851,-0.5482150686954597,0.4867722915221611,-0.2522771294156299,1.381719724131138,-0.2040504471240797,48.896027833460884,1.3157665082821597,0.547215938057004,1.1159020533653614,1.5728146409171813,-0.5359591454092917,-1.3116827504667838,-0.6766708032480138,1.3680984817638127,-1.013805932639863,-0.4656952401188365,-2.0330007356700475,0.057602226005241515,-0.2520759659099735,1.0886147013193521,-0.8177041519860727,0.04056454809536032,1.7693373234006244,0.398062174853005,0.7601080308146904,0.285871785370116,-1.4070485309989456,-0.9457716460732776,0.3505014968221044,0.4715284841752391,1.9815502500489357,-0.0777940894374174,0.26870545294687354,1.0966131834620525,-2.667629714606425,-0.7245647575411844,0.007576659778061981,-1.2261473645198493,0.7676277622673545,1.8338038593637813,-0.6803426190998739,-0.11584627234825322,0.09256355362227849,-0.9067927155209334,1.1548665470807686,-0.956623632107696,0.013988115887712862,0.3739578630598228,0.5547233026509205,0.5329773658984741,-0.26089226948679867,-0.7508654171230501,0.5448183424396977,-1.9469685957382254,0.9589644432802982,0.5780103551552566
-0.2022595284929335,-0.1836816881447979,2.05301162400888,2.329831396943584,0.0102433229262527,0.2113195483765516,0.8257682286943172,1.38027075338438,-0.187950255522043,-0.2876788551146222,0.1633246547411011,-1.4314087326522125,0.4620605442666223,1.500218963937244,-0.6709311005343637,-0.6386407827659374,-0.0796958287303406,-0.5012192318977378,-1.5123172078757925,-0.3852376925845517,-0.5870092193080347,1.366554863334274,1.155374718786678,1.3973129752469309,0.8017250016967087,0.2057829114810756,-0.87440802744437,1.326115627652131,0.3477894367442369,-1.248030347735052,-0.913868192187912,-1.2637451820635497,-2.052028960616588,0.38852218494913,-1.237875371832547,-0.7559452808307505,0.0388396286477675,-0.1878929238872528,-0.7134418413281709,1.518929013061758,-1.5266544917523492,-1.4833661483504066,0.457843907588537,-0.6261329643506333,-0.6652477764685184,-1.0790360311459617,0.3382011864769677,0.2256318746131296,0.1191231086734474,-0.5829569213210068,37.75995448282179,-1.7531070469382153,-0.9171598051960359,-0.6492655780759244,0.25045240772777744,0.5400242316169221,0.8676320839061359,1.0045929091264905,-1.1687410284931263,0.847932173353264,-1.7880654950380328,2.1123497094857537,-0.6718674108838283,0.672034945655442,0.20946196973019687,2.2041861678862227,-0.3427106214798979,0.1995073264388884,1.6527497035142258,-0.29970559352785353,0.18848638076042115,-1.7060630805981012,-0.010742546650795135,1.050399535874439,-0.2548996154888451,-1.5396594189528883,-2.6001207001989832,-0.514932362981204,-0.42801193205420235,0.8832590162275658,1.513794255131043,1.7405212298373929,0.4476719908369938,0.7405222889724334,-0.6876846207632886,-0.3112792838795362,0.9811391535716845,0.4343624898395662,0.26294077876109573,0.12817519067067903,-0.3556773472480454,2.121315929734298,-1.2230144614347815,-1.066668737774761,1.3219920032027368,0.061097635289098715,-1.3816491097930366,-1.4946772909676016,0.6169967809590753,-1.3568241505532372,-0.6673049378769047
-0.9569361793091676,-0.96026219136587,-0.7977006664410287,-1.225059500314479,-0.7378331977174909,-0.2077037013632987,-0.2291531359007541,-0.3086847757599835,-0.561494258229149,-0.4100398637336923,-0.2888617561697844,0.4397780577348223,1.0657511289970436,0.6082809589270963,-2.0307962694660584,0.4998616104728675,-1.010878142281039,-0.3097691784162778,0.6893291868373371,-1.1197609084150395,1.1559480074850503,-0.3533858995512327,2.1709373729181145,0.0686778257937621,1.70534274265177,1.1976792245335093,-0.6111050820544977,-1.301690727633522,0.1136273612375459,-0.5826431185221749,1.5797187800870065,-0.2468591716726229,-0.300403958518774,-1.3958984607370188,0.4192170130797689,-1.1742222819468326,0.4424369128807147,0.580091726498003,-0.7496751119743646,0.9565799310177128,-0.2748754392912383,-1.47124369590422,1.545287340313692,-0.923470574074319,0.50707054126648,0.4257944740472442,0.3891846739243447,0.3718619159301355,-0.970187636560002,1.691349601502721,38.37601309272945,0.7563515692873813,-0.03088763557158007,0.9478258028372162,-0.21915601971306176,-1.299116644301067,0.40410165500900846,0.09682817740951716,-2.627065356808166,-1.0359109850124564,0.9319345423163097,-0.7898843091669199,0.7061285491093263,-0.42026860559090073,-0.3985069178825137,-0.005275597109045737,0.2099726215246312,1.9972805022846487,-0.18491271887619062,0.5253074625021505,0.5511767023571392,0.3714606883175098,-0.8241334836717221,-0.4658729421732854,-0.648460010942418,-2.0568862634215748,1.2547448373376535,-0.006538543668862031,0.5222968416165916,-0.05315980572258217,0.6958333799556499,-1.5878747688613812,1.9793844714143014,-1.1263703961449854,-1.9748950310693996,-0.9855878206715561,0.4213270695156009,1.3938584729693488,-0.9488789445761757,0.974609111422171,-0.21570397772861039,1.2854023401596286,-0.31244014178677765,-3.5409611463465622,0.20014503304048192,-0.7871235503202662,0.3806464279451594,1.2068828909268574,0.7071683149087612,0.24572839181969625,0.42460450844599607
0.9562491502006394,0.988328721067114,-1.332976235515629,-1.5262777745016984,0.6574566266891637,0.8126375070761201,0.3387038599403706,0.147571156199965,-0.8680317775096128,-0.6030326859946624,0.2461064157823024,1.1163614518342977,0.3480175238126848,0.4578330489222469,0.1679588961548818,0.682693510870639,0.4670856142500142,-2.7150981939971817,0.9063067376616446,0.801151961960901,-0.3623128306584068,-1.9742067277326925,0.2424740256344066,0.3266608041364984,-0.4404834825608441,0.1866997243466913,1.0718402579703703,2.3975217182951667,0.1469036729158661,0.3339136813532421,-0.8237888751853936,-0.5013920459765787,-0.1360426303714794,1.177718035390598,0.8189577560280582,1.9293533440079624,-1.490226175660209,-1.3237349706489725,1.1020829352359325,1.4488603763144885,0.0331281216709325,-4.4656038635288775,-0.7435291618987475,0.3354936521493902,-0.8994129865777329,0.1851261569377157,1.8985554488719767,1.426132819595001,0.8088922453701387,-0.0644492788381574,58.66978634713824,-1.4130243453417775,2.0034072671821046,0.6820344500439264,1.2277208771391783,-1.2222118086729215,-1.0219741103907962,-0.5038467528248772,-0.5214010918187526,-0.14655853569167893,1.096652268766096,-0.0019056329887571601,1.1907461160252475,0.11072343418649651,0.4861712414658739,0.9757125379826657,1.4596548295855094,-0.9822732534781534,0.6500889080816444,-1.74637247962368,-0.11013157578269007,-0.8807601911147211,0.9362057375372537,-0.452448205783607,0.23136232434129073,0.2685105257470888,1.251528869213899,-0.7740914816197727,-0.5257449832680463,-1.3899517473838237,-0.7594181829134177,0.8402168599640815,-0.289944066366679,0.6478049719508239,-0.5792779729461932,1.0665016591810415,-0.2254039937388813,0.8866387211137388,3.77748997612812,-1.3009334307640588,1.950914171273827,1.0980235492601698,1.9116989388605339,1.4465764535017855,-0.3716610336843118,0.480815773189125,0.45782402125066585,0.11951288540670313,-0.5749008530504395,1.0984186438710222,-2.1195518356393817
2.047713565966319,2.0526658944342127,-0.9241849887163102,-0.8484235459139079,-0.2815217013641078,0.2120891121171534,0.5276704722747589,0.7094118979731511,0.0163625616236239,-0.1815574345957422,0.7386468299632599,0.8603351285740004,0.5912979153138777,-2.1965412886287603,0.013140757256196,-0.1865357003576541,0.9913036125744032,0.2391065462895204,0.5567385429323939,-0.4952970461704378,0.939398378938094,1.2338147298388065,-1.6269913775001823,-1.296189020088053,0.7624536971191908,-0.1723922947282429,1.0287136866310302,0.2418207941876483,0.6928677138560301,-0.7472373797356012,0.339793842026877,0.3426318965414549,-0.6888939996592579,1.0016934767752033,-1.895321639816814,0.2077070365952589,-1.2940773395031906,-1.022301641755062,0.9859868882962404,-1.0999248365507592,-1.1421390046271171,0.5803222067106972,-1.1107840840217895,1.0182095268905322,0.6446051820286461,-0.7776438623672993,0.9803756821930572,-1.93856915102177,0.4724913814655786,-1.24623152424569,55.28499263014091,1.246694736529587,0.9629655291141299,-2.7735628629134483,-1.0634020065709509,1.0582070469439075,-1.2060002010724695,0.34438421737853486,1.142699916235183,0.7526823152860572,1.0839209665356082,0.03486688277914605,0.4833248272528027,0.44162864841891597,0.5058619098405933,0.4029445735036032,-0.8305122982775414,-1.2809407999993476,-0.8706210231258847,-0.3843252268587723,-0.4110816176784839,1.0890990028474443,-0.8454321838049752,0.3721667623661084,1.3768858861758493,0.5693391729252982,0.4571755311570313,-1.9405515847036499,-1.0830289045923183,1.3042551998259626,0.11907656822460898,0.19932619610515928,-1.0412051371272881,1.3846304581765432,-0.7577050013726064,-0.251766827070369,0.07424958225086495,0.6353644611714051,0.14942137069267467,0.10975340127556972,-0.30593985378884925,-1.3719413505485563,-0.07196565296958614,-0.020473201969290162,0.9691829873622679,-0.8239174072841009,1.6994199924016902,0.7628291455859143,-0.03135528737602596,-0.40260254702296555,1.5339214444906837
-0.6078129620198454,-0.6364535622137231,-0.0253015885629582,0.458830577819278,0.4952095546402049,-0.0072003433934808,0.21469863117818,-0.095565812929963,0.6928725545100075,0.529097220802166,1.6085542367386565,-0.2249913540911673,-0.0946840614945239,0.5935884863422272,0.8118501934549863,0.919593680191331,1.7755880330139702,0.6618855234040338,-0.0669864888447153,-0.5296459154018173,-0.1338282831996782,1.4840164904288835,-1.386966303022369,-0.8190081164590941,-0.2189867435335619,-0.8323154695467397,-0.4087719848421483,1.806234538346511,-0.2980930396299594,0.4116485651629448,-1.6581968499957354,-1.1024372693184634,0.932683609622001,1.6680284385448894,0.221410597288524,-0.3060162593896654,0.4961616308888094,-2.5974345162187507,0.2291213435180427,-1.0461106001075011,0.7940929822240419,-2.1922989081809443,-0.6283759759092804,-0.040975838107995,-0.7617911829559539,-0.3754844001881422,0.904434350676508,-0.0244960145172579,-0.930580804964575,0.9404000660077916,36.01495500961743,-2.1698776870408585,0.30762075545105183,0.8009366396294623,-0.8734096340878084,0.9375601222047649,0.3734932694017224,-0.07436859881871455,-1.7325440243543537,-1.1874654017384385,1.6040912534772398,1.9968502186888513,1.0611942762765827,-0.41760596777187864,1.9908946329442072,0.457040065596367,-0.40208147512407366,-1.0270155882282783,-0.07685619004705521,-0.5018515894662998,0.7381939592582714,-1.6837056253659834,-0.11536962821082757,0.5719563219724997,0.7628086895732948,0.05267220981521858,0.6316352098206687,-0.27979216569898413,0.5551408106255694,-0.4359169334535281,-2.3586788086803407,-1.40300106702754,1.9156420206593923,-0.480201725345037,-1.6701781924162264,-0.23844566714956222,-2.444332480542263,1.2704333556647733,-0.6146877925374229,-0.46059347032672304,-1.8854421728240518,0.14510379388362948,-0.9232417043709195,-1.2575669298603165,0.7335184624712162,0.07876622963734135,-0.43319374933425525,0.5273482352810756,-0.9762059026067934,1.3624464238751592,1.5310812266172202
-0.5483967878111827,-0.414071831874746,-0.5016466787964576,-0.3509376280515099,-1.464706681617567,-0.9560233166279936,0.5100665931710657,0.9349715298748464,1.2904253246168622,1.3824294481176291,-0.3583944830280237,-1.894834367582211,3.140422910102237,-0.1495853153173761,1.038727899914912,-1.2381611443354588,0.9963884256430094,1.8575908766496656,-0.0602807490279814,-1.0108814965896014,-0.138796400945536,-2.2267615249572263,-0.0378867010218419,0.8209671393129958,-0.0357576443735142,-0.2841395546889674,0.527568116112033,0.6040248469495526,-1.6599055625051826,0.0888229622787884,2.4359851242292434,-1.335016245648024,-0.0854188328330664,1.9417461220517027,1.1041751565436757,-0.5133966807760615,0.2061353796226038,-0.0021116799848234,-0.7480718043216674,-0.0742521074930824,-0.2799661328065292,0.1127489380767496,-0.7483831806910334,-1.276618200244661,-0.0412807733923707,1.71511821817878,0.0822029262627964,-0.3315937789315453,0.7540858050384984,-0.1583196125953785,38.11816035205106,-1.7534694162506628,-0.4489208276097959,-0.4317957886402062,-1.261454833655109,0.6336115405758314,-0.3977041139069179,-1.733826354483668,-1.1802836038228717,0.18151333150755436,0.4221085934899057,-0.08812384100669465,0.03249986288786191,-0.6852505475370957,0.1630663438855776,-1.4261137171431046,-0.07550997256680743,-0.06510053875530415,-1.5313406139581673,1.5313268023142323,-0.22539528216232319,0.9618064725106198,0.9397074919455912,-1.0071313718040806,-0.632468416310135,0.5957994754163319,2.1597423126681368,-0.12215224609479869,-0.7467038962808958,-0.5209323602817835,-1.3316043186119952,-2.0679592873527577,0.04556069771985127,-1.9286137303867605,-0.4174489690553193,0.840918636530436,1.1937736582635834,0.4898951064096436,0.6057587975500438,-0.8514515798502055,2.381982369408583,0.8211067539633902,0.24088560019550218,0.920419303313525,0.3464642278810146,0.4619817108954856,-1.8902046566489292,0.5824976279287521,-0.799015107413487,-0.6126065402657834,0.8894010298444365
1.301808877454733,1.4162868303910747,1.4770224039902151,1.352231138903622,-0.4604181408097928,-0.5371989071432889,-0.4002856524124338,-0.227119211548565,-2.145136244093181,-1.598685735192623,-1.8754552388064587,-1.5724895241473331,-1.0146707842916458,-0.0975339537687992,-1.6227253551788592,-1.0603922340648304,1.1489450423095446,-0.1123603530254244,0.4335469786980619,-1.2362427842497443,-0.0538360245572295,-0.1358666063113685,-0.7952704709063896,-0.0510771041178585,-1.892125292822918,0.4386087443361314,-0.3994927175531428,-0.2572193918234778,0.8517658021167832,0.4320334774580093,-0.3183391890611118,-1.1165860291120333,1.3286614047875909,-1.3401220019276856,0.6293669026011512,-1.5973939442063654,0.9178733031451252,1.0106008528835686,-1.912610843188468,0.4493350526879348,0.3665036477498546,0.7030493046860262,0.3652402750183186,-0.9623156927902224,-0.2172329674698709,1.664646536433969,-1.1078134759495732,0.3228579583511724,1.1512538739550502,-0.990752808860645,42.334174143791834,-0.5449222349589087,0.06749853587500881,-0.8860424543316735,-0.865039226348993,0.08796882105283044,1.8199488505496704,0.3409526902216264,0.2635467405781687,1.214973511292237,1.5568818365466923,1.5885072943536291,0.8055938349951759,1.223931818468504,-1.0625075755103008,-0.47285279297804617,1.0009326791956685,2.722948687724303,0.7881218046934625,0.337087292733681,-1.1885974024676345,0.8209819347379005,-0.7122019585853434,1.7236729016919548,-0.9917726460793398,-1.1312609933900393,-0.9628017639684975,0.1372887794876652,-0.4004872448671374,0.3751900169422932,-0.7502886691740386,-1.125019066580641,0.9445582824931873,0.3655715546381378,0.9909961797249501,-1.6794266193847127,-1.2546344849838706,-0.3442015976650044,0.7500617971067234,1.4094980979850957,0.22746726788069838,2.085327800717563,-0.5535820109362976,-0.20830815696970303,-0.8461329085490981,1.4513090463002989,0.8153014226602041,-1.1984572935988032,0.27095659924073434,0.12476119133876987,1.2459344583103642
0.3181593274098852,-0.0006940223945483,-0.9486219012089668,-1.9438173975956203,-0.9096321727447022,-0.8981414354768049,-1.138782936976213,-0.9374063017698806,-1.2242250083555806,-1.6101161824197945,1.5912152908822934,0.5427746739125621,0.140293425700544,-0.6565769633469216,0.9076118110467684,-0.824222439367453,0.7936392943301029,-0.8725112766056362,-0.6445077018756719,0.7582823861179211,0.8638273441557671,0.5974729338967611,-1.0496741157567948,-0.4467268657228287,0.1568987411985134,-0.8492809619100916,1.370962760129293,-2.401946943950546,-0.7787395153691529,-0.5095665028698317,-2.843943664771768,-1.3962291302361909,0.6252895125420684,0.0302836365529638,1.5731360220429027,1.545226445884819,0.4330463786039467,0.3132382490007116,0.0659311085789004,-2.65508201787949,-1.3945595133260753,0.100675503098934,0.6160257087476715,0.2896698121381407,-0.8924649677156576,0.9374062824694956,1.4824440287546363,0.9379896002913398,0.9895993295904708,-0.5592257979552109,46.45549447961295,0.9718226901727355,0.19756599017238208,-0.8432606042937426,0.06111560936738784,-2.3912744310241485,0.9525983946489063,-1.0195062023841872,2.569907035475335,0.4739340992113509,-0.20047460915787838,0.40672746946111393,0.07541774261246036,0.6141129671981066,-0.11569648291566763,1.1959764624837037,0.2233023395522055,-1.6621147135514407,0.15984057716539674,-1.3344540811529162,1.4433000101297884,0.11801596410790594,0.41114353331964326,-0.6433143271598216,-0.692788987709958,-0.9448697722957545,0.13324005397481176,1.212154598368495,-1.2486884854285891,1.1428303395562345,-0.774817263600515,1.2090877114727585,-0.7289658219887498,0.0327476475294002,-0.5941201885449019,-0.036902840728767206,-1.0691176606988213,0.9123865736422752,0.394598935358264,0.19529665595685236,0.654663962731513,-1.6837276933113343,0.10861135804182094,-1.0348148885745907,1.0109611858611562,0.8059009431107838,0.9277562548475287,1.1646880949860372,2.6251394165986133,0.39753402869705673,-0.07416201288608566
-0.0865461606806029,-0.0851613396025272,1.6627772891794692,1.6475615834646846,-1.066363075384819,-0.8112509215411148,0.2775246844762952,0.2564222586059779,0.3878575434155957,0.2996752613023441,1.0028097519551404,1.6858701522215231,-0.3294411047248347,-1.364033164839314,0.3582345940144528,1.8838110311848024,-0.4769758599540591,0.6868469770637194,0.6957457924726428,0.1914420473446089,0.0069247210437143,-0.9234292057213924,-2.2816620724205774,-1.1118507066640289,-0.3903041491116992,1.0974226874227069,-0.1031280623513756,-0.5190257189181485,-0.8909854419534304,0.6568058285094803,1.3583571664306051,1.0634357218674595,0.6061496997584691,-1.47561274638294,-0.3516742428437714,1.9473042288896751,1.1219504919152248,-1.537503218234725,-0.0555905231992714,0.3630984326610387,-0.7621584630262199,-2.3092040214088487,0.0988240450164317,-0.7877582576204393,-0.7838417390846841,-0.3546803599307581,-0.1336759146548117,-0.0090827940956864,-0.8839898989220014,-0.2202095296340774,48.45775201764326,-0.03095825063657335,0.4492284349197454,-0.13524289563203143,0.4939518719937205,-0.07487593820648959,0.47369313673222746,0.9344277832313074,-1.3582116685261956,-0.7206260575907678,-1.7670103650055502,-0.9618848622059493,-1.0249280665857678,-2.2546108782927172,0.6075656271213766,-0.34432120176999703,0.9834818955451907,0.6196631181624246,-1.2192863858260627,0.5945838047755574,-1.8699272950480827,-2.099571642580309,-0.973415358504453,0.9646742396864201,-1.2737428853658157,0.12395793250589623,1.9697026790511198,-0.65228484472671,-0.4931232515794686,0.11341519819815811,1.2130147200800059,1.0952315559283752,0.009770567353241414,-1.5476155133595542,-0.37600315706297405,-0.010901197099380455,-0.4380185617930879,0.8756049308219175,-0.3235174434423892,-1.4769688615746857,-1.6068579463628425,0.7309593663135436,-1.1765479739412434,0.36972874103394227,-0.7934614696311579,0.08987912040214814,1.142001638082349,0.2729141152332561,0.6639641904247354,0.7545984239319935,-0.7504865750365622
0.1789317289381608,-0.0719395332414848,1.3597392550370186,1.441266627105731,0.457671611193586,0.266174832997826,-0.3887687504295817,-1.046833480302688,1.2069703246322492,1.3390491367437372,0.1393512078989284,-0.6333299215302364,-0.6168553331035774,0.8467223387708436,0.9846557981376104,0.7838234057466584,0.792961605445475,0.5690295372597589,0.1315227300781565,-0.1753796843209805,1.2103238499415532,-0.3737208704904336,0.3699792138807469,-0.8040129979542465,-0.6592990368504504,-0.2361545678572265,-0.8039383767271636,0.7978518254783004,-1.3480342515450294,0.0992296233810729,0.1325080968421812,-1.8107995783196809,-0.4410238205236087,0.2556995380481427,0.4287279932940681,-0.2043072086001658,0.6768882044807154,-0.1093162572360408,0.0136529120750567,0.2516538689865537,0.9269996287341687,-0.6757180024155319,-0.4868218725182975,-0.6688964917292147,-0.3321977161419333,1.426234258079765,0.5727253193298222,-1.131089745168842,-0.6004469655886746,0.3727672242764021,36.86580400798793,-0.3357150728865708,-1.0766605081776657,0.4800595800866833,0.9614216853675427,0.4541831671898381,0.5230790040023944,-0.241749638893447,-1.396934091467959,1.5187183527167938,0.8607246772401177,0.13470746810280448,0.24672138869860635,-0.6681359300316102,0.9956590114287024,0.13883208271781333,1.0341099905036009,-0.6999653360405335,-0.8018621768380816,0.9097833451011628,1.518322824567314,-1.7233031203192695,0.24438312719718072,0.45170464989067716,0.14740948232724443,1.7580693607288245,2.181569080968208,-0.36775200351471965,0.024107168287894772,0.04181934789533887,-1.9141866727408046,-0.12865248500536386,1.400554386500802,0.6053785558135218,1.3705086531082344,-0.2856085173890448,-1.7929505772841936,-0.007815917090578843,0.4405071726036236,-0.49730722022471474,0.2577645534085519,1.0643735818970168,0.7796750143719668,0.051553182211181825,0.7773564295851175,-0.007968024861214118,1.4713243367159607,-0.47499368715749835,-0.848314387102404,-0.287736460733591,-1.2539027591240839
-1.8722450622452576,-2.22802115796965,0.335555854639598,0.3356790836523753,1.9440482938018984,2.124295256899684,0.6719877401364955,0.6794427557548063,0.6906175221456182,0.5201230250272869,0.2535682281378458,-0.0093715585207645,-0.8935881248984164,-0.2162069177833258,-0.5120295142592802,0.5719956373926842,-0.8498759251174026,0.5646507215035573,-0.8389855627296565,-0.2623525541600184,0.6160443970128167,-0.7037967199860439,0.6505364889776019,0.5529941576713682,-0.2709506733769435,1.1617832013557894,0.0777843419771143,1.10227652658535,1.7934649248771786,-0.2413010217013114,0.6449549840273966,-0.6375679253228755,-1.032814409508198,-0.1954596573864284,-1.362600279749463,-0.93760777964731,0.5914325993210678,-0.5136490154488385,0.7105140871218615,0.2994119380174871,1.8511540620191151,0.5243372855760459,1.1142180702793143,0.4018846631275464,0.3113935010780726,1.164733042113315,0.6687974658652647,0.2100636129574281,0.2056546659297177,0.538229311830416,63.66493046850477,1.3460442074647172,0.6684079609423651,-1.3654620221921803,-1.824724046900739,-0.5347332475595915,1.3308671803671674,0.7800702973910638,0.33869836883918525,0.6583925119224902,-1.8038891260086956,-0.11850872171491235,-0.9952966937905094,-0.7812724996943938,-1.6150318721278794,-1.5474221283691512,0.5920368258199804,-0.22380305105096313,0.061086172598312574,-0.08966392153963396,0.5064552465077627,0.23993527772492584,0.567246848857522,0.6063239220082872,0.8137861787342837,0.5606806600900509,-0.3660923129077371,0.7661775976212185,-0.28749098012453,-0.6968660144532531,-1.4278065290843733,-0.3622729834926137,0.13077246894419722,0.5302923590659436,-0.7482709979740649,-0.5495377985779493,0.4676162799442456,-1.1998061740488901,-0.1553415541160091,0.9390519244075611,0.01909671231209128,0.4517422157590722,0.12463934394784838,-0.6131888143874002,-1.0969856920886976,0.31341205266384853,1.4855307290178366,-0.12528987130810787,0.7757951119777513,1.0121121187164135,1.0081375994095685
0.7031425422200039,0.8485084200983914,0.1654036602997042,-0.0861989313059687,-0.4836171395554367,-0.6830141298097392,-1.0512200297825027,-0.9423360263241084,-0.227106007780926,-0.1439627964319161,0.1355634164147091,0.7285186435145362,0.6376058122312086,0.2587698052439216,1.1955313880867091,-1.518969780813315,0.5045818144773903,0.6265383633369425,-1.2395622860802396,-1.5028706086823893,-0.7459421264756013,-0.6615414425152919,0.7534194635024307,-0.6145387836910949,-0.856348518281204,-0.6116337366945591,1.1186323341542117,0.0130433743769521,-0.1792510253569118,-0.1100054987010514,1.292060334326523,-0.7491717266032418,1.315508290940104,0.2104962989215036,-0.1604193819753477,2.500900497934281,-1.0556394897985963,-0.353685759567006,-1.2324312391640002,0.9524619705361694,1.689188933651679,1.669922781404639,1.2239487531460047,-0.1976204677959656,-0.3652409774898465,-1.671169772494065,2.0358735351817927,0.4689780781484677,-0.491956904869483,1.3280568889869675,26.316624135614294,2.155239538433073,-1.0895930982946527,0.1898478362124643,-0.17186298646329173,-0.7124941928082376,0.8465180917273377,-0.6302185531976071,1.2046744399937044,-1.8604479999243069,0.1702020494933653,-1.084070484904229,2.3391289515689104,-0.6211380888123978,0.2537067194918132,-0.5375769410007442,-1.0639936165655535,-1.2580199112663373,0.9238650159641746,0.6902559291228032,-0.9691507327393264,-0.23279200038544726,-0.0421505316814678,-0.6239514162412679,-0.0713399985004032,0.6072039897442452,2.0101508500891336,-0.7525221145818455,0.8182266164596151,1.1257568490321013,0.45239448329036974,-0.8560969966212014,0.14320219249638214,-1.4661391332916416,0.6189276135952376,-0.71005905662051,0.36101400468125744,-1.7850694591464658,-0.02529319310900609,-0.85287820987419,-0.9662583876600286,-1.3503178098315267,-1.0018987506741357,-0.7696127630272848,-0.847046819168613,0.7667121161322208,-0.9767764478332219,0.3621361125491255,0.5808885316918493,0.4280144757658992,-0.7506149240081764
-2.015377845970932,-1.962221512397928,-0.9900747587966936,-1.2668029589403622,-0.8635726028866598,-1.183660420644635,0.3685997744109252,1.0491805875660292,2.864391265719847,2.4833834101307857,-0.8385118495791605,-1.1663674994952404,0.3617534804401982,0.2908543650574678,-1.1326297863664336,-1.3719416260366424,1.055256273000204,-0.6557074233994538,-1.7210162706113832,-0.1479217610885806,-0.4017262524551633,1.9500299227002775,-0.5221847824843087,-0.3082260262769807,0.2194561851771986,-0.5708685090302549,0.4409568375571314,-1.0168719764503371,-0.2393127720536897,0.4068139145723919,1.137637405497514,-0.5861871616067287,-0.5981267451898663,1.5412315832090135,-0.5518202912941875,-0.056741487676864,1.7127527669050882,0.0674573706850194,-0.2477554084939086,-0.1731600332086022,-0.7404520022498615,0.4507833101337113,-0.924022532366217,0.7785088452285175,0.0152155118752556,0.2354737189138976,1.7297014205313348,-1.4490790523249402,0.0244219916811136,0.6380817113945972,29.734968385353,0.6722572844137722,1.631125852281872,0.576758066193072,-1.1081645311908017,1.4444203881536917,0.4997664384960225,0.06992926714063982,-0.6240987123257102,0.8642436147342264,0.9553238021242556,0.35772276947224163,-0.33408815877533443,0.8624022887588952,-0.8972549274981164,1.1230392976314654,1.6610939118967147,0.8791383240395397,1.4795272035185179,-2.495707383782465,0.024254553886991242,0.7273302849030036,0.03352628747831908,-1.7238502188100389,1.7197667929295155,-1.0736764955672504,0.8026307013236168,0.15374952880847811,0.1455207430655127,0.12305078655877959,0.23027231325506942,-0.18738931935650738,-1.4885939779624031,1.889307222378654,-1.7074329104488837,0.28245048926523897,-0.48653903455631425,0.8423977011074516,-0.7854119933226567,-0.9549853534635654,0.6679560449210992,0.25325862226729384,0.35972292514357795,-1.0261395775913584,0.2920904179848597,-0.744311787757107,1.5480775548308632,0.1802288241646462,-1.72686569437961,-1.6387936170798318,-0.37376214996776835
-0.8270375650347882,-1.308771809027136,0.5190327410915175,0.545886568421021,0.5091626800766724,0.8301610044776564,1.5818811247582527,1.1746868881768695,-0.1189156514765914,0.3800965172300398,-0.1938551562972839,0.5322377368515171,0.7625106126926647,1.5619407371867822,0.5202348958254609,0.2769131957997032,-0.4462951115143191,-0.6617404082330068,0.9702485146681558,0.9510703517389086,-1.0770127008487729,0.7230958871534814,0.6503836913958424,-1.1138088850141945,0.5404568047891768,-1.0495464594818074,-2.4292929676734887,-0.1601024136920497,0.2578147052549889,-0.1150708048831132,2.8671068171879743,0.3788512292349744,0.1471418192987003,0.4295913033140909,-0.4413190044000976,0.9294790620935388,0.3610019461771016,0.3151717038924908,-0.6241202228669391,-1.564330326449093,-0.5013860890772907,0.2826338562598923,-0.4446994797449462,0.2917271670673709,-0.2323618768563049,0.4305794846265235,-0.9768241258753142,0.1928900118850813,-0.640954146351397,-1.538282942130636,75.86689465109403,-0.6228545031012834,-0.7716283224168784,1.8618057836696316,-0.20528709148810095,-0.060288991391611785,-0.98026117629751,1.2102435005068763,-1.621394156122169,-0.5713742524172769,0.324258796035197,0.022102749849855868,0.6450378554489973,0.019205968003691544,-0.5666319246194422,-1.2826294319269402,1.4123806710927012,-0.04392513295512187,-0.1341253790451568,-2.6993223494322995,-0.42886340069726764,-0.06821629173123701,0.44398582156052974,-0.021401497909198104,1.7754145751546893,0.4224050828319216,1.4952144978685697,-0.4082820135643562,3.0873138111123435,-0.22544312741700015,-0.3497708355813571,-0.47416168549832216,0.7870334719498473,0.7511211907804813,-0.9661420287898361,-1.0100864588595426,-0.6780398631505739,0.47867436758652293,-1.4634361560181446,-0.14704456043989222,-1.7063751662015183,0.42882255462666935,1.935177501963806,0.7355521354802225,0.5789655930842613,0.9032093341312314,-0.32803530481887266,0.5972420907518813,-0.31588100484938014,1.836572634028904,0.22413810153903438
-0.1411403194438358,-0.2707685718272152,-0.816184171876115,-0.587485838795692,-1.1093075324979949,-1.2354992804138267,0.050426764139443,0.3228692746024897,0.9258046415960592,1.0738536601315798,1.7469896981754964,-0.5690613908465737,-1.9178326617980237,-2.182101294200962,-1.181190940595717,0.8166247432622288,-0.6348026834673863,0.460958641857302,1.6462833835839772,-1.100096962577806,0.4784997317958898,0.5389630726557222,-0.8607379884731032,1.3542109252450831,-0.2877070555494765,-0.3837529809130093,2.111613218417973,0.5227667423667182,0.925290549685498,1.3548929315218388,-0.6504739994592169,1.2498210970536792,-0.50189411499767,-0.5446233893382973,-0.2719999723081361,-0.6220648349449548,0.8221564326571629,0.2672106551450557,-0.4912244146171128,0.6745050331548218,-0.275182437386346,-0.3280703703646766,0.0486838849015436,0.4634603556662172,0.3898476493774196,-0.3632491822528304,0.8471112074394023,-0.222394151079656,-0.654984488608719,-1.4680216487673514,17.798373216550548,-0.4181430340092719,0.29662831967617553,-1.07669016922513,2.33416358012704,0.4547951696423805,3.061946965406219,-0.2690165464148226,0.43374922088634593,0.19656354764246445,2.2782430705822754,0.5564217054585403,-0.012413219525594604,-1.3896296708555456,0.8458396242433921,0.717079036996164,0.0635400505023367,1.0874535506941656,-1.3646486738693806,-1.178669236297522,0.8077257283550481,-0.15518063225233406,-0.2805085846244696,-0.017280136061296122,0.3077352688284212,-1.1821492488017975,0.7698209031577865,-0.2436243827114264,0.42425058766885315,-0.34950687695877036,2.052488928796899,1.709942050999601,-0.7858821230749682,-1.890260196687171,-0.21343106519824123,0.16118492225185851,-0.6933965369343416,0.6190988310119043,0.5632470008238349,0.4693077924198947,-0.9733038916927772,0.17778455640450103,-0.7958740858336678,-1.248356477711689,0.21668758147199288,-0.9369942289200422,0.7984368278836503,1.6533901164606613,-0.142547237861408,-0.95786539542868,-0.03746988941503044
-0.1839886601029642,-0.0326304953777404,-1.008013223170678,-1.2571250831946887,0.5106761378588074,0.6241634122536062,-0.6215940451706842,-0.0715283986909425,3.284118201287884,3.557624038386024,-0.2670037617670316,0.8690312755308397,-0.1244566297144221,0.8671568891001863,0.1593931977762221,0.0912718981675732,-0.1135818682307886,-1.4473813334630898,1.93809489939314,-0.9415339202677434,-1.3600235763105946,-0.2128598827563673,-0.9614718135105068,-0.051712790560271,0.6877638485617686,0.995302900529223,0.8147307216216817,-0.3056320547856803,0.0495918276615858,0.4078790508974909,-1.7577874239420723,0.5705847001198596,-1.4572992875838315,2.0403465989064893,-0.4045150846416953,-0.1848751771945912,-0.7697070992378554,-0.6299700318556897,2.27409356914324,0.9403696886232976,-1.5492024451478383,1.5042129006852296,1.1932422751414316,-0.2812124622882884,0.3066969420298376,-0.0149440794210742,1.9725799044469323,-0.7962901889920904,0.1460106097757269,-0.4281453309928047,32.584693558449565,-1.2884473797573248,1.005142573278018,-0.34961218677780365,0.29186176200001496,0.7741314616193651,-1.1031827573082331,-0.5908170987358049,0.6148413973029732,1.0080040042932596,-1.965928994146978,0.19335277959831482,-1.2336134240359058,-0.3832148369586158,0.7462485394318988,0.17777813858498556,-1.3817702424835547,0.17524519403256078,0.23846514032379457,0.14903970062499755,0.7879312524960529,-2.4263175734587334,0.8895536310796278,-0.9580219076852879,0.7019377404766833,1.7677573579602104,0.3054462438603733,0.758144889210677,-1.735487535167645,1.026825595587056,0.6174070918679953,-1.2365556001487341,1.1197004005736249,0.8188640655851059,1.2091198099505955,-0.5529049383707991,0.6147984103600516,0.8797386742198852,0.6063001833470958,-0.7282723260188415,1.2119540526648163,-0.6849664698523465,0.7576285725975442,-0.7975065804790082,-0.5271602352964028,0.4563130579586909,0.25949272103084603,-1.0366364513781783,0.11808109989878969,1.9190005553026819,0.26477278299039114
0.6538926102710242,0.8811319896493344,2.117730003008565,2.08946732396339,1.0248864327659304,1.1535821639136616,-0.6189888028476827,-1.039071418910647,1.0275527136751572,0.913987484234225,1.0904721690569938,1.044980495133194,-0.9379534088448924,1.5986475935911102,-1.456857628248038,-0.6247725827776154,0.4790026240919887,-0.8535662847026064,0.263819085679341,0.2410760788032951,-0.1870742699227205,0.8324005385905596,-0.2283607926576391,0.2315410688138056,1.1464718774879026,0.7906862100258404,0.7860172908142086,-1.1491796022167802,0.5247925755013217,-0.8784987909695048,-1.2814149797780263,-0.0717063462849683,-0.9042951866515898,0.7906177188399772,0.8145354596953241,-1.902626236431442,-0.82830253957689,-1.4597866719179988,-0.4626292765928906,0.4551756698688243,-0.2422880981783883,-0.5897592406671354,1.300176526813139,-2.3048571725962885,1.2368718935182248,-0.5442882931554857,-0.0781090101127895,-0.5273633377201086,1.5428881055391184,-1.2309784968052595,41.25367223775251,0.10081742225405217,-0.2523800434644497,0.26166297269647903,0.8994649711482459,-1.0014370765050777,-0.3125427371001645,0.6550406137817893,1.7786551265382484,-0.5496045846648339,-0.08286067253591542,-0.6511028970140703,-1.8985230300645715,0.5417376476161898,-0.6781524611975589,-0.23595548602317848,-1.5604981578743569,-1.931623977176875,1.7848823990323515,1.5321637696085468,0.4613635210800931,0.8224323117726177,1.3711410473420906,0.9179431915621112,-0.9004579779694477,-1.0119273093633734,2.209387125902919,-0.3734530559804402,-0.21288241591064475,-0.26232359629912794,1.2228247056561032,0.3924377040762278,0.20238122708930897,0.7898260704176857,-0.9125400174205731,-0.48640551982541314,-1.5937258559551035,-0.8990231137247617,1.296638769919316,0.3907213759231011,-0.7258343041374581,-0.8088451508609211,0.41793466062350854,0.10115429469956397,1.1132103250442176,0.5414271305752033,-0.9727491043467843,0.7502745084934752,-0.031515059180472246,-0.15768544119221178,-1.8081173204200738
0.1831784459805245,0.3536295260089368,0.1223368645572861,0.1341094492644062,-1.520170102559706,-1.0552398666510947,-1.1282563407019532,-0.940831172105346,0.5024058434128431,1.0341994210377954,0.7369628241849298,0.9950973398329116,1.2578784603459052,-0.7685982841060229,0.1794108420705262,0.6944493830487086,0.736326867412079,0.4095207618629686,-0.4266362434566224,0.9879437541091474,0.9938199668145166,-0.1542783060966025,-0.7835548040410614,-0.7279033391981439,1.364817715332212,0.9506783849184264,-0.0200397827200294,-0.1991732075209971,-1.7681867608556778,-0.0844011043780918,-1.191115154554174,0.1589994764917582,1.1852472467614408,-0.980451552972441,0.238586760388034,0.997779762009926,0.2202953952722512,-0.523982961850257,0.0103864052721134,0.9572487122278768,0.2625778598974419,-0.003370582560343,1.1561431262116262,0.5149178699504232,-1.2029024289499468,0.631412661981995,0.949558754782266,-1.237316387087488,-2.268739495866622,-1.0419326687783514,25.942629740881653,-1.6295929859763272,0.3406000190998585,1.1474093301916062,1.9606912721610468,0.1932074227141938,-1.6547282764099975,0.6356615967509606,0.6569471123242788,-1.645592614041814,0.017455465252655834,0.7683339922903146,0.749013955074131,-0.21964501553375435,-0.15784202104008319,-0.27992454232200725,0.25431562655371026,1.096542795975214,-1.6227484053225147,-1.1264276888827558,0.7463830809835645,-0.6491461847589073,-0.9257846592636215,-0.05152943818644059,-0.3608064938391779,-0.7964806184983622,-0.5286099642377425,0.7907440072398346,-0.12624814774958787,1.0293976181353213,-0.05080011843311441,1.757071341531166,0.2912191217622159,1.4150080642858613,-0.9245598282041674,0.196991156116792,-0.4089991792265975,-1.8766951084609356,0.04851466221955901,0.034862176111455326,-0.493357969058513,0.4561661270135527,0.40329874305178615,1.4588832873162534,0.13882475714133868,-0.6715650880005795,1.1603583474564951,-0.10729900430378937,0.14776694946647423,-0.34390849218098485,-0.23349635122676596
-0.9590975411465016,-1.2345517443042389,0.5004910936423804,0.501009620496941,0.7715085378154345,0.4924570786601847,0.4860637793896876,0.39899319862297,-1.9708737130102232,-1.896969910203837,0.2984881068641418,1.013323502899136,-0.0252887128716012,-1.6031633657174116,-0.0916307843642225,0.8865805647397281,0.4760348087964272,-0.1467445728948357,-1.663559227913183,-1.0260169549039226,0.477238861851368,-1.6651571520742792,-0.3182449147568353,0.0384221789764219,1.1499371558400613,0.6144905511305414,0.962811232823964,0.3018533240326093,-0.8454109822114924,-0.6136604679085468,-0.9326596392412788,0.5907808419262054,-0.6939222189225577,-0.3940003130284832,0.0224912381868483,1.6413124465812796,0.6571339079432308,-0.7728534246011092,0.1518476572328931,1.651311760495838,0.6151793284289413,-1.5982523594990603,-0.9152394286377644,-0.9919355025031202,1.4407298253599683,1.2562812358636557,-0.625036977785615,-0.6465802198073294,0.0446917826622835,0.07466904609346,60.21782934367599,0.5518636553095008,1.4351815491900517,-0.3042238811718139,1.1273582431747582,1.3196444944772996,0.5387981587692622,-0.5487491334148188,0.8280660763723794,1.5055451919058283,-1.3441028161824136,-0.624398280253579,1.5493409267710596,-0.6446759511634914,-0.5360817951208534,-0.49102969807798746,-0.701750442130786,-2.0130006323096805,-0.9545956492889311,-0.853677408287937,-0.11483242508622125,-0.3982059237192233,1.7670595744577013,-0.8090726619424522,1.2722703777665494,-1.473075643064614,1.9022831403539713,-1.952433108205158,-0.6136312383802843,-0.47157470335653606,-0.5435821435468099,0.7745828158224525,0.7725418190513192,-0.6238758718582349,0.27235248759196323,-0.49759074464419595,-1.5294277200326896,0.5158553280253295,-0.2157337077705497,0.15643586735931037,0.09000028297732356,-0.6763657556359388,0.9002590232205655,0.13289998652542262,0.19337521056786575,-1.5423806084462635,-0.45610151571644547,1.1425447262462796,-0.9351449983886685,0.39923817625149016,0.8241633168494836
0.6004330767310017,0.9298045038810236,1.0311304346805237,1.552421924154057,0.4683579229637297,0.9281412078414903,-1.402000623428112,-1.138721525840934,1.1103071757481229,1.2482989433828309,-1.5530369295124498,-1.1247276394199412,1.2531514008522795,0.4879127521278857,-1.2340001207399278,-1.7658314961745936,-0.6250421346000665,-1.8513587079899196,-0.1558344900070006,2.451625371836304,-1.596956075699172,-0.1860256632062151,1.311926575331251,0.7490878583000953,-0.1487407147991382,-0.1463486701681972,-1.1559097824245792,-0.2676557700055534,0.24344071424013,1.1051135432740902,-0.620175623514756,-0.1898351280634625,-0.9492134807566824,0.2253251795405051,0.7837794503089633,0.6296480134298948,-1.1701870754423551,0.1468632094564148,-0.6773125282501883,1.0110500156528333,-0.161312722773538,-1.5195133382410844,-0.2198027056077332,0.4584725691988813,0.2440060631427995,-0.5117960136519804,-0.5852733898711462,-0.9875043982163164,-0.3947496203353062,-0.8556789665258027,42.57822062598738,2.0055740456399533,0.5644029878932662,1.1986413719910511,-0.44791447968698456,1.8192231832997212,0.15111043728480744,-1.9854610204177623,-0.2621451438679057,1.1645834712019478,-1.1537327907242856,-3.099670522783271,-0.7348037072103585,0.33121927873852836,2.8917029899567672,-0.40197097205696275,-1.7171891333603786,-1.8699026829164123,0.6109643442466431,0.08860639072474857,1.7616750951939784,-1.0697790431091505,-0.30348775949843565,0.5850713443840813,-0.5792726172884418,0.08581631955639477,2.0606889337279184,-1.4296146739194613,0.07261083423621893,0.7223054837827397,-0.5321293773977546,-1.1242767035241603,0.37526944904329784,0.8333030533402974,0.4328864946404487,1.2670446625292706,0.7687444546116228,1.1977419366271709,-1.4098129026777428,-2.4047437965298086,-0.3719472646945709,-0.6535504696058138,-0.2770011830038617,0.5881732469452824,-0.157513987790085,-0.26456903260431874,1.8587744285726526,1.625647936627077,-0.32512999833242945,-0.698613253811365,-0.43181730966359355
-0.5255713514535266,-0.5466565534540583,-2.0157712011576367,-2.393425537662675,-1.3116659018678896,-1.3363867428938625,0.4088541856216793,0.196052628159801,2.078277976404369,1.6072160061949412,-0.0404547659928339,0.1912993785428241,1.590487761287778,2.42439999066438,-0.1848002989089854,0.5427724161721125,-0.0743891844955266,-0.0942663412538655,1.8790506238647675,-0.9257317238634896,-2.334281208883328,0.3174443590465533,1.201006528762074,0.2198966262510308,0.5022035512080119,0.7523933811268934,0.1109110734096056,0.5563076234483254,0.5396118986536598,-1.9586045972394877,0.1138668937297915,-1.5727828329594975,-0.0381715051074222,-0.4952809488394342,1.034011254367828,0.2444127592099974,0.4731928460882289,-0.1914507179622507,1.052181262606363,-1.5973253405227337,-0.8955024521213395,1.286307121608803,-0.4356484991321843,-2.145832005170885,1.4526412766138854,1.0769360713597975,0.7109694066107327,0.0944060069517025,1.6607470181586967,1.2586184290625015,36.245634640163345,0.7175915797930499,0.35555062967435275,-1.9373623164764597,-1.2758320865699382,0.03993639721469045,0.76527643836476,-0.610022977498356,2.441504342169468,-0.08725601318294572,-0.8451286108266001,0.12865294795421686,-1.6566925195595903,1.6181924894390771,0.27835816644536276,0.9297402248111573,-1.5793656993630016,-0.9172026801316363,0.15359913525416638,-0.4923187949790351,1.2236068834576266,-1.5404110639503477,1.9943449497198495,0.6116200011127101,1.487379807016452,0.04379164786310843,1.3630483212767515,-2.318200090748849,-0.6433970622003758,0.20709618034236218,0.9276649113725367,-1.5423301975893509,1.7184534155694289,-0.23665190536331263,-1.035597974779926,-0.14006602627764192,-0.3362224142095311,0.3518594294465751,-0.039523846164824177,0.015914963050670444,0.6908871287623843,-0.13964364124158132,0.15233515982726717,0.102208999741308,-0.7227128683857843,-2.629870835259099,-0.7632431986607814,0.19612250538824302,-0.2657873368998263,-1.8859152729904813,-0.8621634159040397
1.162261110571157,1.6242961759786376,-1.20430893253951,-0.9568552689205982,-0.5710465778743417,-0.6664537819984643,-1.3537827607914814,-2.1003798762795665,-1.40721109950419,-1.075749155794058,-0.0343133307498089,1.0696916817396078,-1.077166826158528,0.6633830488473854,0.0187777233879469,0.2727933862859796,0.9583327146851413,-1.2825566930052876,0.8105949731485923,-0.5689048530894247,1.095873454976826,0.3345576345378801,-0.2095283815170554,-0.5900259690908214,0.8232949943553307,1.2609516854809275,-0.5328515408601846,-1.133006565781397,0.6942110429452255,-1.4485309420337005,-1.3055124375829716,-1.0627002755278991,-0.4154504830387495,-1.336331889215445,-1.9387999093815775,-1.1354441943371232,0.6424744465726187,-1.2715440721267672,-0.34026967795417,1.946698462365562,-0.0491741300270904,0.3425309897295931,-0.9460400182515531,2.163474853700142,-0.5412944891384287,-0.2281046844515166,1.3170586779673643,-0.1817342448536189,0.0478887826752149,-0.2816883207891296,25.50602117923753,-0.4691477201949346,-1.684785394820462,-1.253348193121886,-0.030144269520851127,-0.23794354734707465,-1.739065631104434,0.677359521686422,-0.39814201058847004,0.8534214514921151,-1.0996472940492623,-0.5540737272339897,-0.32516273242162486,0.4614248329585187,-0.8394815912727899,-0.4320438142447743,-0.4699825733300084,-0.9038555419523364,-0.5450197282648013,-0.5491907692968236,-0.4770057183213565,1.472137828165119,-0.2899170858638627,-0.7163479391359003,1.1125641020748327,1.5132410811767127,-0.07172898181100094,-1.1657706171669668,0.33281979894319524,-0.950754988583956,0.772748337704709,0.27440120505235754,1.5600385988583547,-0.5564847701387777,-0.5218957376082406,1.0466483608417794,0.5467493539641234,-1.4863533019065733,0.36019813633321623,-0.2506906561965594,0.17597808900561476,0.15977013611188073,0.09825901506819355,0.906436867932051,1.126676679430129,-0.17836431054107404,-1.0044511413844686,0.6208076608404062,1.1599622074410596,-0.10930869658077089,0.9547947998150143
0.6020525232101246,0.1632328024202158,2.2057826947481614,2.53748030418574,0.0249234861542007,0.5872246327256019,-0.4806804099765168,-0.5639058715260116,0.8952352166635325,0.8845608150121549,-0.4408095313485774,-1.222733254137745,-0.6101546392025484,-0.2816305159727469,1.667211600851755,2.195012029127749,0.3446623046439823,0.0093906080185992,-0.3499078304742111,0.8246903502108671,2.1885813919915176,1.7858508911882716,1.1379766126058335,1.1233025311138565,0.8323098862541146,-0.0472906457085348,-0.7365482225407958,-0.0208140893279413,0.4223396021313532,-1.453633898718295,-0.1529507293662088,-0.8259323545912736,1.0138411610681417,-0.5497084021567107,0.3282203319809874,-0.7000202929355765,1.5976993259609156,-1.7007569365345856,0.4758403768439667,-1.2772576684399324,-0.5093326504848509,0.2061867036845048,0.2553570313168375,0.2292668410954128,0.1517491409755004,-0.6418442618734426,-0.164053323088811,0.0316340161789149,0.1953603967588828,-0.0656804728069883,51.90937906042887,0.5269374126317904,-0.9337222527402227,0.34864434433422065,-0.5677057842186854,0.2690240681375333,1.1129056673809317,-0.775034189423724,-0.6119221214117702,-0.3693867320636845,-0.10799465016386797,0.38213050439663476,-0.9371170452387332,1.3009415130316988,1.3221671462211262,1.8075903221923073,0.1949295738109782,1.3960213653814821,0.22011387330145232,-0.4214748374312925,0.8108617160332247,0.7954876949548881,0.7073785751419703,1.233391932409381,0.7516239610463575,0.7764149186384308,0.24443534797901806,1.8568436628491722,-1.9086877127708235,-0.08697609762672419,-0.21860813248412103,0.15052320556869614,-1.2172438936271344,-0.8650065001733912,1.0866608278509824,-0.7619278440542826,1.2495376393526856,0.24068982229387786,-1.8197386399121749,0.39034874889595167,-1.5066441222537537,1.0387347441445698,-0.8557315886428748,1.937562720390904,-0.6427153221102642,-1.248240583452878,-0.6628706096290684,1.2160648364361837,-0.6974991904168614,0.37505281034510035,-0.42425171461208533
-0.6937595385314685,-0.7001668154408811,0.0300637516972419,-0.1341220973451851,-0.0749133317642608,0.3712236497922997,0.260707290774513,-0.1747095592554288,-0.7208247128962839,-1.0659593769226423,-0.3400336921935697,-1.3464466705283222,0.4093244744351172,-2.016703905218586,-0.4527272146526345,-0.2859574404454191,-1.0466364806158654,-0.3063536888471008,0.0042715807006479,1.269232793779235,-1.040735945038291,0.3573372911740912,0.5557587788571735,-0.021168551170291,-0.4980416961943884,-1.1389918645639934,1.8985654586840013,0.072640502648461,-0.3155559898876106,2.121550091542993,0.2222865859959111,2.543497762383452,-1.416318845564712,-0.2371388667311456,-1.3700192469030614,-0.1221232801376708,-0.1269079238376655,-0.4580319204183029,0.0538886068225698,-0.4092971229168646,-0.1103733364784329,-0.7557922248247553,1.442821474751471,-1.1087494084358942,0.2123637460288492,-1.1926451628691768,-0.8349450490617926,-0.7282646539563984,-0.1317803709238338,0.1754218214130715,67.554456132055,1.620533445165877,1.046920127650012,-1.4108244980878752,-1.5245212866191742,0.2436370470275211,-0.8074354014696146,-0.010937837016195572,1.8095149185186066,0.09697017676084972,-0.6029649001521598,1.9988717359397143,-0.6503156798620929,-0.5776142178649032,1.357461365683299,0.29953250304321194,1.4057130510158269,-0.17115638675036388,0.9775452018543154,1.3147884915190176,0.7235822859100567,0.811995575354132,0.7020106115294077,2.2432439632303542,-1.1726948896596399,-0.79076671325505,-1.2748056152728766,-0.017535908683452835,1.1441584717919149,-2.1906029164011374,0.4715840546290202,1.232409097246681,-0.1707120012565216,-1.9031432059736781,-1.1800090873473532,-0.7841013735016077,1.2664270376268931,-1.1247465308643787,1.0690222891970598,-0.6538033597937238,-0.7348740666403528,-1.1960583674759722,0.4587974992733392,-0.43772557538684836,1.6974122264385847,3.1132516778982913,1.495201274428798,0.9982391058303398,-0.24448627059796935,1.5377699538871124,0.18448888360197918
-1.1204179189363892,-0.7755600401301778,0.0321431469645608,-0.3404806088774161,0.022339239318608,-0.0565622774106152,0.1514073906247775,0.0735395753935429,-0.6181604486836274,-0.6234151035809716,-0.8258327732380476,1.846395920599248,1.9333597477143567,0.2567507986617875,-0.0115150880766451,1.0306598082415594,1.0947985022273252,-0.8059917310594155,-0.526555133136702,-1.3223474346832955,0.4090649383340571,0.6666278834568907,-1.349925637861273,-0.4551989048161591,-1.3472539175813492,-0.8987998102438376,0.5510170602262995,-0.7334820666782794,-0.3008259560322986,-1.6273117279473155,0.1869902097246643,-0.0442733198446488,-0.7289592500331622,-0.1890142976824741,0.1802948805034444,-0.8148681489093441,-1.4762625440017794,1.8055744326868155,-0.6332727047102726,-0.0967601031868893,1.0108397350203135,3.529055187570484,-1.2444864498888657,0.4498272137265099,-0.7075522852941063,-0.5387903045767108,-0.7202120210067899,-1.125654967800585,-0.0412913617846614,-1.4745026870482356,42.02846614809043,1.5704946352611389,0.5699503053413824,-1.1744705267667168,0.24092499728946865,1.3867580661311534,-0.14900519936386536,-0.657484937966344,-1.47423727889541,-0.14428794263673994,0.31790838409567507,2.027739693148058,0.6103736997252851,-0.008362111124060725,1.791670710523534,-0.5762619290282724,0.48422077434684196,1.247385291974663,-0.098336342192499,1.1161342887381218,-0.2597616552876761,-0.21651061809936764,-0.38731153822335257,-1.090030495473646,-0.3119864840703217,0.8733955364172833,-0.45257996994319016,-0.7213027504574568,-1.5782903761504106,-0.7440398410318515,0.9626180540172147,0.5484478486844262,0.8365348805804116,0.5404240025304289,0.34147673904707876,-1.6630555148805193,-1.0221012939641378,-1.5424162038886688,-0.7120374862077322,-0.3709455018546202,-0.8430385264380745,-1.2948656516261972,-0.3624418210905925,0.014040818007840617,-0.8249821416716359,1.058695226424739,-1.567199936427171,1.2567705974733345,-0.3560014137279139,-1.1913603509163007,-0.2104438844397439
0.118594423056874,-0.5425207410195683,1.8907298485940296,2.2537759626553684,-0.9032036088954514,-0.9030102629328322,0.1772972131473084,0.3588691353667012,-1.5198680373755091,-1.3535479841204692,-0.5739346330742002,0.0092900683066945,0.7259236116484019,1.4926099474640355,0.9088890363692872,-0.7214407498302056,0.3689151288291944,0.0631071214920239,-1.332128954630901,0.3982327846922724,1.856672337917714,0.032426604187004,-1.5941826797254006,0.030268671108619,-1.2137121989732502,0.8636055068862878,0.5248649917251288,-0.1709100534747432,-0.3311642658558212,-0.2122343016155467,0.0082744943423203,-0.7722350213415422,-1.387753081001437,1.138698946694648,-0.3854009764969582,0.1670431041691441,0.2852819511674943,0.3220204796552139,-1.1738179970984242,-1.6758401645518477,-0.5886925246919921,0.3957115324169533,-0.727949867474313,-0.3549213536992336,2.1272974137495684,-1.845423884804536,-0.7550339959104986,1.8966040685739285,-0.0445986719952234,-0.7059851654989105,45.95433578771269,-1.0037578915633707,0.7214662737850742,-0.5277768642459393,0.26588629805933295,-0.9963916891670672,0.9315712686810645,-1.9321671625260497,-1.847408384527915,-0.32894408535730224,0.6494304662030627,-0.16512292222183975,-0.050463047402838246,-0.028551984535682258,2.087993682510094,0.9733659524856143,-0.3814045304714144,-0.567917478585953,-0.18600769429209638,0.023469322292615936,-0.33825664424707685,-1.737922445965795,0.07262738817940276,-0.1836939663765929,0.6442088388441277,-1.243515672324092,0.6207117531051783,0.7828068249924235,-0.26355555201653547,-1.5778064052596468,-0.5639294797822884,-0.4848399241688649,-0.9426029620135037,-0.2730490825151575,-0.5175334889131944,-0.4921575747920368,0.3094599960034553,-0.0076678020480680726,-0.1961002821171336,0.5331036100347484,-0.4634083344985053,-0.3820945938345779,1.8302184099405412,0.17352802613449572,0.3229322148383435,0.07219952824971228,0.913066469436057,-0.2980841033181589,1.587375666946666,0.5802232496523899,-0.00043362841861018024
1.311602029723922,1.0993794791295972,-0.7316332651872413,-1.036214849430943,-0.3707964337995265,-0.4782977354848652,-0.1625279646762567,-0.132688081165775,0.943768784799322,0.1954289892055543,0.2332875815573793,-0.1611274866860012,2.024028536379257,-0.0997602753142666,-0.4416901044284806,-0.6458489882940185,-1.726803202706756,0.8216157522371632,-2.3480683971008265,-0.0057228409049207,-0.204860634271385,2.239965192231448,-1.8316512287136264,-0.901103286984357,-0.1360964586816493,-0.1975293374691683,-0.5495445908100448,-0.0809879094021674,-1.2595627288697413,0.357192878994939,-2.3214853420775783,-0.025769355877257,-0.6003566942635733,1.0162879427566356,1.7553110706333046,-0.3310521687503577,1.390725929141431,-0.3161162806304107,-0.96612652312909,1.7459036321856196,0.5207764447340067,0.0044385226098143,0.6871774750986485,0.2742150351301673,-0.069219407941518,-1.3264348273079964,-0.2705367371612667,0.6232554234584727,-0.1227714256868105,0.902325761130386,27.58022382162271,0.5102963895823233,0.6353969322148971,0.7714389919158241,1.7691167002632864,-0.27987308616602163,0.2612666841318994,-0.6754811770399278,0.11955692459848473,0.3593025800857549,0.5817789597188892,-0.8265151712460557,-0.8295075588820175,0.11867908406769122,0.7077148828661287,0.6238959430765766,0.37994955767279925,0.3176463690106352,0.5890241699257166,1.6544802739196438,1.2145080117778038,2.102044755837806,1.439900556356811,0.3370098008989906,-0.9857480745020302,-0.7183530388306428,-1.4267123057666307,0.9240110572571724,-0.732706789097174,1.9975000931796743,-0.34339547472429444,-0.5527147286079154,-1.5680607594522489,-2.730117814770566,1.402581417043068,-0.23260590298925776,1.1213940199703027,0.16249851024908865,0.5977706503364763,1.4457181121423268,0.11197676608075031,-1.8001838537040453,-0.507859581870685,0.5298100656836389,0.06954783670284528,1.3324100584207152,1.832360509364944,-0.5168826360841203,0.6651656439423783,-0.10390013237014918,1.5296102941645908
-1.1566423039656375,-1.2467077694701492,1.264022009297565,1.3020752288532929,-0.3454936533383611,-0.4532022037453868,-0.8526321383248727,-1.0024893287559165,0.3521676145033093,0.2057908526088246,-1.3473047891610266,0.1770013905585546,-0.9759104930559834,0.0018910275021962,-0.7677742829609842,1.0704319366661217,0.3374469639909171,-0.1432326838967942,1.3803776629574278,-0.3724925126185163,-1.4150729987137858,1.0558735355976698,0.2522098586818161,-0.3186771813532301,-0.6437452834353349,0.5107835431741702,0.8136350443374999,-0.766714918785875,0.5653402036916597,0.2506061011683737,-0.829419444026139,0.0038584300317301,-0.5466525806934405,1.2403382044116085,-0.6489172727996756,1.5088737961295315,0.1314114306623622,-1.7455130534651084,-2.1731186051478737,-0.2086071436909034,1.3336261871083388,1.230619844438311,0.1663130785935888,-0.7370685692652535,-0.4172987437993564,0.2073499438799262,1.0873064836307926,0.5691997766637382,0.968284566197322,0.6436746571920401,36.22570586306713,-0.1581014900701986,1.289756528375374,-1.8959648413072892,-0.3617630688368137,-1.1171413268765105,0.3319425566668639,0.6731320206897123,-0.001736523275695409,-1.2081788236455882,-0.4101262451847562,0.584683281917922,0.588500786261195,0.44051960638091603,-0.349851743778128,-1.6541764402276586,0.2905675855886578,0.47404231151220627,-0.2705148819041963,0.5090283540679753,-0.014693753025559694,0.42229163126339586,-0.32218244976200616,2.280260230298927,-0.19007724721659816,0.11845954873922036,-0.2979113279980711,-1.220847814062526,0.3059200710474129,-1.5660306160166126,0.4466405016553858,-1.3061577004789535,-0.7602045787553829,0.07535519985566355,0.5804197564673585,0.07702802084587244,0.6964764641679814,-0.0986221043341575,-0.007313180268049925,-1.3245730745368822,0.30628765064639657,0.5865593133958481,-1.3203080761282289,0.1324149765536345,-0.11262005072912981,0.7050351073346284,-0.1693817234585768,-1.1361742365255116,-0.9336976911315972,0.03304173913145254,0.5719357696010684
0.1345257396949132,0.3359292196516248,0.2507720097298465,0.185202544023761,0.411109055030255,0.5991742860792384,0.0975272044949787,-0.282524415385443,1.183002989767936,0.7171864780144781,-0.318596169817893,0.3381746086228722,-1.582735902482666,1.3825844833260703,0.2548178757244813,0.95690176442374,1.119761878554883,0.4124529289106525,-2.23259370544405,0.1476942217302099,0.2118869135285979,-1.0868667555714044,-1.7896734567528172,0.4616693028013537,-1.2491903372179358,2.0614172089667857,0.2631372818131559,1.351511717504909,0.0311633993677814,0.7515388279762827,0.0532639312297182,1.0055729303756735,-2.0383319015353467,0.888147843889421,0.6687641609342164,-0.1541516580830209,-0.4091638846647931,-0.2991022505097704,0.2827669683819988,1.2140393646559655,-0.5341892077775119,-1.701767091158809,2.4845809842450635,0.6715745645136891,-0.391211614041985,1.1888467189970484,0.9336939018151048,0.4922823736698997,-0.4770516919944948,0.6673225189843374,43.55738155817514,0.8065932479136867,-0.26139992495512276,0.1702983621623942,0.2801213889694491,-1.0120948857975771,0.7991788199053993,-2.3702524800658122,-0.2278879815506622,-0.2515808307655791,0.2844756294644722,-0.37022559186635445,0.6668723450757911,-0.9189691210547781,-0.2026167676043195,-1.0344713570175377,0.7395452071959393,0.6960654170770493,1.1425235608781303,1.1538941345384908,0.260171890336454,0.1367892000769957,-0.4175460662545877,-0.7337772828073789,0.7521309491276379,-1.1318863785325983,1.9448286415681042,2.4982001179741125,-0.1832411107353288,2.585790627217978,-1.7886602576326742,0.12936433827975002,-0.11516540618663129,1.1578468514595746,0.8805628943076674,0.6973507446380671,0.7953302717885513,0.43813657214145746,1.4033611573730884,0.5131472038994898,-2.3679392654336255,-1.9935783824291238,1.1204162316812527,-0.5437411103659249,0.6819230032173926,-1.1635398405562185,-0.39308638379268024,-0.19534099645859268,0.3974466575527625,0.9720448871025391,-1.221785011464673
-0.4068957823311872,-0.7451103472098325,0.2616475504975505,0.5127282486283905,1.5130320377707929,1.2136972981426484,-0.6866045180249896,-0.3994935711426799,-0.8222472822507779,-0.7581004950792398,-0.4710111746412874,1.0020556845683783,-1.48918807334508,-0.1287585640750332,-0.7666885532306174,0.9912875604445796,0.5426109726905568,-0.8310055603566285,0.8542097212224434,-1.622763451985474,-1.7864949633589289,-0.885170161799122,-1.9829010453090243,-0.1125633998704899,-0.0807880510644741,-0.4055036914372403,0.5389156935760494,-0.7233917193814029,-1.2976359980148868,-0.7972317639036733,-1.2203760092707168,-0.6117563587976802,0.5960173304445165,-1.7564182304619729,-0.339689012467067,0.9576182306939518,1.071710470512777,-0.6820256813698264,2.2132238874193044,-1.0516086183651892,-0.228470145902205,-1.1702877060741776,0.4330858901654283,2.801220725090388,1.84374103016662,0.8463937675331519,-0.6074904348900177,-0.1679329787163632,1.116046386201141,0.7495062692410364,63.83894818616692,0.38361395381677077,0.12049995878930102,1.0329639471528058,-0.6654854146902154,0.37657401513912436,0.4287906399387243,0.25216735047557565,0.9939297571216518,0.3144794724834049,1.035128916176733,0.39177652234694255,-0.3370574860446252,0.6473326855134786,-0.2920753016065431,-0.11542030120241245,-0.0399421135838643,-0.4649261744158378,2.0267396784843514,-0.8605465725486288,1.4011040654640814,-0.35913302229707783,-1.1534672011861151,-0.9395844885947484,-0.5681722279222957,1.0646588504081422,-0.1543640727738832,0.27633084300105565,0.2516506656796395,0.5142795326684824,0.4655921753951986,-1.4044482508332634,-4.06460314373439,-1.3069854591359271,-0.5375840551879599,0.6247953894695016,-1.7833234851885762,-0.7905992211312695,0.6288061507847076,1.2199329755364838,1.0250593926252292,0.7073735171147446,-0.7442460611397718,-0.007095859572590296,0.7897857458625657,-0.6254358019996236,0.07989595296304818,-0.08416759665911136,-1.0116208319130646,-0.5114228386536627,-0.3720822077368768
-0.7679112805235737,-0.46868678130414,2.3923266808257355,2.8599427138014324,0.1974410847669414,0.3818671792335971,2.28839937600098,2.303767410739796,0.92695571243999,1.186020824529766,0.1301538548366904,-0.1863833406997958,1.5189323146520062,0.7778883761949056,-0.8458995082699483,-0.7242113638839208,-0.3896531735304372,1.1592185572164415,1.4734474765665952,2.151728299090418,-0.7087032926622471,0.1402065242062068,-0.4002017832095638,-0.182345676388961,0.9298788543797264,-0.0458790105218018,1.3158576715728156,-0.516298447244162,0.7414163507445205,-0.4427566175223354,-1.837224300423226,-1.0214684670067746,0.1241297303465217,1.921497821301494,-0.45958754593626,-0.169188428899481,0.4896697587948371,-0.5994213196734928,-0.4837590715321891,0.0721144778768462,-0.4365663362449632,-1.7829929021300304,-0.6501700398540698,0.6149196865579771,0.6460030941292586,1.3362337003593017,1.255536011984254,-0.900187624331102,-0.7454164491108947,-0.7012810931622577,56.76243976199015,-2.3697214094844474,-1.028674333129084,-0.1949452084289584,0.8731694306934659,0.8098578416370265,-0.3411079025487173,-1.1860692313994132,-0.9082061822885704,1.8381007079616358,0.4455645812774899,-0.6608607622268543,0.13791652091806014,-1.6278859389552167,-0.40375536717902655,-1.5836079344201974,1.0361977510121103,-0.377854888784894,-0.892941968129662,-0.653677053748058,2.5333390006978433,-2.044556252937615,1.5675522201049312,-0.9464191472847515,-0.846454491268648,2.2793128348480223,1.0336283354875164,0.4023519884543412,1.1111924114542773,-0.518867167953021,-1.125049059547313,0.909990347594524,-1.113889652964548,-0.7125990819117928,0.8245151560185962,1.1356412676748064,0.6811469645654931,0.08568111164060456,-0.1483321063012,0.6947049704670458,-0.09086768085739949,1.1090074365548068,-1.21329195605392,2.431672342531423,0.5359644092424989,1.0294670082259965,-1.1224091618015102,-0.14360161433714919,0.2605732060304859,0.16752597516224846,-0.4126128425368305
1.9072635092042916,1.6318361375056658,1.0832711990364865,0.9098905992246356,-1.5194191463376807,-1.0389376923567266,0.307815013556337,0.3479890200155429,1.1520223028453769,0.6045959349493093,0.8251163597626673,0.6735441623088173,-1.2948048207823644,1.5129853114126866,1.306860515979533,-1.2837172390377285,0.2002864414617947,-0.2310797369129438,1.4183074699259377,-1.4106120061186107,3.6024150242105293,-0.1744841693718744,0.7384451661811908,1.3874983320028031,-0.1959993431701443,-0.1149418855952785,-0.5028308938186279,-0.8854656261311179,0.2718591477927207,-0.1352666801749546,-0.5093741983254958,-0.4509639480337017,0.5762334538931424,-0.7975635293505443,-0.2469647683922297,0.8986673917891066,0.2472254700692995,-1.0495592663586093,-0.0238710687469699,0.4370216211429691,0.9892721912362424,-0.7553786667449006,-0.5585297227011347,-0.6951599887201965,-0.6455201993917885,0.405004715697115,0.594489129883649,1.0509034928830834,-0.0911749090757687,-1.405322954779475,31.996722299790704,-0.34801308629683886,-1.278022583436376,-0.36883022959254025,-0.1246177961901297,-0.6493916937437452,-0.1664691282352289,0.6084420694741921,0.06416712562467415,-1.167534215312696,1.8589776944434202,0.2506924160227523,0.5205018830769746,-1.3357566625066817,1.2399368072885906,2.0905299019716126,0.824451800227485,-0.2981305792658438,-1.250025532784049,-0.6643822914959687,-0.526624946980564,1.1415587322767222,-0.4807765615046036,1.2214235933919522,-1.8007744587881793,-0.2945220908126371,0.5665024550552186,0.49723315135786184,0.7686154376669616,0.8063601006208263,0.9416533909405052,0.5891552112188644,-1.7785352691945528,0.44092170941588715,0.7984770104452468,-0.8873013670361983,-0.7929312963688351,-0.48535131078557103,-3.1202495468984583,1.1525370103303259,-1.1203981119008073,0.25970817559978626,0.3875279582421452,0.313883772123974,-1.0638849116799036,-0.9605374335913761,2.6482642329022617,0.49222845504796187,1.366029827277988,1.089937788201805,0.21637148617916466
0.8678054595424457,1.114171260047198,-0.8898447709411417,-0.1678857290527113,0.2541276870714354,0.1335557082100077,0.3918812622455845,0.401864591243014,0.6506676287920862,0.5155962142436126,-1.0706664061901785,-0.7843209703002557,0.6884959745615665,-0.2345075351458909,1.5891473016364572,0.5011292760645764,-0.4866311881892691,-0.0102056003909326,0.0633833926377181,-0.72839031324171,-0.9125881981776266,0.7013898938094993,0.8452732970420956,0.6037814695529586,1.5153180943238018,-0.5417732360116019,1.6742707660711302,-0.9009211185541528,-1.0126855633684928,-1.7599588821492502,-0.445795313826817,-0.5037223368294537,0.5259372802546505,0.2438909416204509,-1.1929733710191368,-0.3927262384258175,-0.3714620210876854,-1.7759822469618929,-0.9809467270133696,-0.7708136306140894,1.4336250198209464,0.1914507159573525,0.6621687539474996,-1.498635497149212,1.1942144830139918,1.3011020630240928,-1.998344967144626,-0.7053167239158482,0.4957655730155103,0.6443884535381822,60.76668876031728,0.1985583628962918,-1.6437407155880577,0.4017712825585737,-1.1725916088527426,0.7720947889752895,0.21187867865182275,0.7143189358736531,-0.36010595263818695,0.5205530577324272,0.9821789867666879,-0.8119741522934762,0.42610313098339714,2.1356261011732305,0.0007209069359758764,0.8222321820393413,0.08270000363857032,-1.6524123902968042,0.37171923869004314,-0.08672224914150004,-0.22090025092110704,-1.0577035069022556,1.1999802179479444,-0.7078312782339351,-0.38663419771430846,-0.651686918691203,-0.3076894365069016,0.495137870045973,0.036307341741559356,-0.6445147191595499,2.1477848272405127,0.5574560004726746,1.146672268128483,-2.558876230187336,0.5194888741480125,0.03082420442756455,0.664686050262168,-0.2516894907690534,0.996186671095305,-0.5435217529450828,0.9523204023308188,-1.8573189505197714,1.3324943599506938,-1.9107704356721398,-1.171304595544942,0.39531805332085235,0.6698104296701444,0.5182585984333133,-1.956319821074563,1.0296003861898777,0.9087833297801328
-0.2194123209720703,-0.1549517788291752,-0.38758089125557,-0.320725494187566,-0.8505653895034339,-0.9508438399974506,1.434001003730461,2.1038924174899907,0.6727567871994219,1.6090497734111786,1.4043162819949524,0.2452358478942363,0.9496414986165338,-1.715093347182539,0.6776371019248881,-0.0076740636845034,0.8519290707908426,0.9148677980978496,0.0657846894747494,-0.6008296390959147,0.7796961821794943,-0.0601544994051276,-0.8727849535276425,-0.9201522314576858,-1.4771644163123816,-0.5102911595630633,1.1026920460743783,0.1778297997054342,-0.5297677059230407,0.8048559381800797,-0.8324766217233888,0.0953502743327785,-0.1796303727255153,0.7791306255883522,-1.5772283709195007,-0.8501977458146558,-1.6382456590945336,-0.25959672180927,1.2114275036324305,-0.5054472096535272,-0.5106839381956507,0.8717244241841364,1.0685495584552998,-0.0885710672687899,0.6847148540498922,-1.0769545408779464,1.3779743339254138,2.148706293937052,0.5212157911887249,-2.0843316213428005,43.76455846162544,-1.4343649671588456,-0.8851634989998477,-0.19211105272144002,-0.01347182166515796,1.1115786571319681,-0.8955560935463348,-0.17194793491127605,-0.8912185001067509,0.6301487764278614,1.7184070726484615,1.1842534160314664,0.040614086965532745,-0.510120739478876,0.9714218648162062,-0.013332847036461887,-0.11922435626590437,-0.08390186326829689,-1.2855045230279023,0.059913237091261326,0.07400401194286525,0.5465691628622559,-0.6013548170709753,-0.8501342027176184,0.7731815128101375,-0.12958961067404556,-0.15504865885163163,-0.6214734047144778,0.4595077666386616,-1.4095488804076082,-0.6971683148162352,-1.3218271117477924,0.9314788266529853,-0.5336812998656861,-0.2826092674912256,-1.0001675514487454,0.6428079888429726,0.2684125798529064,-1.179557021683391,1.2367718895022066,-2.105580831204928,0.10612440721318038,0.7373477600580713,-0.3948939793937619,-1.2314681704286847,0.6747579975700542,-1.2205159520884334,-0.06542828162620223,-1.0082137015816448,-1.2202851841396174,0.03183755908554016
-0.5342620226721879,-0.3295180314476186,2.013320946097442,2.236506520014469,-1.039327298878074,-1.27200400230918,-0.217529383833549,-0.0948596375781546,1.6740194274372373,1.9786534666623192,0.9717263097605028,-0.2986653905796983,-1.1401971977561185,-1.3093939454332773,-0.9079917421781208,0.347525494026711,0.5198829317679478,0.6031960730586848,-1.4886726837818571,-0.0004091858982701,-1.0260618308923926,0.4014659675845282,0.4790770554974521,-1.1721730470264382,0.968029607196348,2.3388229415282447,0.8348357375846623,-0.1628340395511046,-0.3165457032097422,-0.2090639816725084,-0.7607338467770106,0.2523982066520493,-1.1384625911543045,-1.8896977865979003,0.2196016818135486,0.0212330657758211,-0.5711700164371942,-1.2826966226103669,0.2897440269140348,-0.9901750385704507,-0.1389443508653345,1.7649718541264443,0.6511897695753841,-1.3691326623816966,-1.2748515710123025,0.1518190927437587,-1.375320682059021,-2.0017254812342866,0.5323720112967234,0.3209357543208677,11.957432378712536,0.5810220098659856,1.552561815489642,1.3904997812407467,0.3905228975650011,1.93470599843339,0.9960086593886697,-0.16966815878122207,-0.06184008396068339,-1.8767187306827366,-2.4923431279300647,-0.5899776907526124,1.4325861182252961,0.7295193509862021,0.6765165547809898,-0.3427065536132635,0.9197484789904266,-0.38368425507628,-1.3025774789535371,0.3241773085969957,0.09673643273801409,0.770833961123564,1.1685846151954142,0.23096732869515393,-0.8729036753264977,-0.5573723285120052,0.16686524744165504,2.112519290962802,1.9600075188155925,0.07907026820882807,-1.349643734862504,-0.1499634011101363,0.2785636893603813,0.3466063404724999,0.16260534505003804,0.4142344193015289,0.5899172328436647,1.059638220644354,0.8518649257217694,-0.7244621682423739,-1.5757242629982147,-0.7967402233081192,-0.5717468894180819,0.013395129720671672,-0.24408563855855206,-0.2606433360551251,-0.8071875693361718,0.34677090290089946,0.15584301556104116,-0.6129380027344853,0.002461785463031483
0.4733411833851433,0.6715741396843516,-0.5352457039403952,-0.3084447432632861,2.036042832840112,2.207653001063955,-1.041005218283787,-1.122956420041238,-0.1435246694229566,-0.0103602526818969,2.231496335202466,-0.3524789455866479,-0.3778694539613512,0.1598353519080974,1.7301167692088393,-1.6797453265189957,0.2759858494205397,2.0872721617936274,0.1287286807396483,-1.2353339793034797,-0.6183968529606526,0.2068825297567905,1.330803915639862,-0.3393358444160607,0.8266517974324317,-1.4353688270468892,-1.4437183695950546,-0.4828006886849496,1.438028721873262,0.0688746395137692,0.2898111955666193,0.2780795955735272,1.1092079825867307,-0.6102206925378539,0.6882851084882323,-0.8308826638551301,1.9832726559207603,-0.8003911042966898,-0.8823893030786208,0.5496698134880496,0.0797884314323238,0.3268524062609343,0.227313795492318,-1.0903921988074388,1.613358929079484,0.8935422058891094,1.358949951267116,-0.5283308891104243,0.4165235447151714,0.1973684622346911,70.18944901515393,-1.5240152417270303,-1.5527270678160376,-1.111413012134435,0.2552733874135629,0.069746848841049,0.2886539308074841,-0.8063626971363014,0.8525958032951028,0.4105320144092518,0.09667612114023226,0.6611025357349691,0.5826808130151858,1.6982903924269561,-1.0986549631220837,-0.5996636543589989,-0.7134743181070387,0.5800728940775537,-2.0492057703238418,1.9731048680819048,0.37635488861189087,0.334157621873155,0.8066431167227499,0.3082213115839804,0.01787210646770664,0.2617304381938836,-2.0510224885260975,-0.28518844674365945,0.8042382946826748,0.7000726963262405,-0.1799086308015253,-0.38930562075357045,0.1000118741213807,-0.5611180472569117,-1.8527095348652787,1.8042551370778928,-0.1106491484308348,0.2922960126139994,0.49018927413981556,0.05512820536405596,2.129155862409928,-1.2020033392056921,0.1285589213693865,-0.14057444122984536,2.1153432191621837,0.15232988944879264,0.1791337902429902,0.8267443031062924,-0.3960059346683209,-0.14372636180804266,-2.2315542203893663
-0.0633032227813367,0.3685276836179902,1.1983685693734596,1.0822735634959086,-0.4215823114402927,-0.1565800693530279,0.1207902325011102,-0.3433338560056079,1.1549975605416176,1.0720365653541966,0.0029259666794376,0.1779083914116544,-1.070668371416597,-0.5276537761783373,0.0035826018327832,-0.1946636950246799,1.2724283828165954,0.2174058527270034,0.8549039226364025,0.0093953545758494,1.056288483746123,0.3975277565731539,0.0134204853884601,-0.0132830889590195,-0.9544386262909632,0.5069157201363107,-0.0402047345363789,-0.5019919601812046,1.1064617708120716,-1.2502160258948012,-0.422495895432434,1.0277187487795334,0.3155229409202532,-0.0478589276527573,0.2510035431501465,0.1794141710488413,-1.5166625462859211,-0.3492618853479615,1.6165216545137489,-0.6593241347771676,-0.318301014104334,-0.5416207633091875,-0.0870152233181374,-0.5831228313242981,0.48674150215806,0.1973134122902665,0.7735476151070181,-1.0509411661889605,-0.3403404828829032,-0.225722631612135,33.883051926178055,-0.7984390474170536,-0.30353598557719785,-0.05164415516508496,1.0458967154958694,-0.639764527444133,0.07477626792196859,-1.345583400104966,2.1205681204305016,0.8802850789837808,-0.32393250095221826,-1.264767283185519,-0.45067901649773273,-2.314456078778476,-1.7171766698622837,-1.9640321579709097,-1.5066128291433938,0.09130117105966842,-0.3822522475718751,0.7212781292490482,-0.49017850813700087,0.4699735403318847,-0.22843192106635843,1.0710204721128358,-0.22420927179406716,-1.3224044807028261,0.9469748008755057,0.957517777643326,-0.2935379342872174,1.2784108952618878,-0.2652597831197709,0.10280638445942597,0.5448068412694402,-1.2980084860916576,1.7590046180128887,-1.1964282051012067,1.3160913602427415,0.62400913211282,-0.19878598122853228,-0.5023907477200587,0.1463059745402124,0.5794330929655631,-0.28737163969779744,-0.06843836882482655,-0.049173784270552794,0.8317939252957322,-1.2944235058983073,-0.7987863651708964,0.2139423010789787,0.813938574523824,1.3240448141621386
-0.5805314408463051,-0.6432966444593982,-0.3214860123677067,0.2322476616107655,1.0809661708636942,1.2022422782218878,-2.02616924639609,-1.8401198216727943,1.9676556223485,1.925902796571542,-0.9983709436379924,-1.7855022693052407,-1.7556466124438888,0.5355799678560016,-0.4338726223247447,-0.3509941415994386,-0.4297466634439692,-0.1402399494647437,-1.227162998703048,0.3161049936893784,-1.4227062437566944,-0.7558424580412537,1.0108276976651238,0.3762049997251888,0.6856818462013826,2.150388392817886,-0.0596540103044973,0.0214602600249777,-0.2643209558503405,-0.4434141473921472,-1.0105908273937865,0.0840648111958523,0.3550486065961563,0.4107703391928961,0.064363826867078,0.9261708048199818,0.0294366907423871,-0.4093018882339617,-0.9269881819745178,-1.5489752115779287,1.4604151779364851,-0.6990546254873308,-0.9256671432872928,-0.417538228326973,-0.2783887865337963,1.6385124359027736,-0.3281471030911709,2.6333835654016435,0.0636972046531825,2.057028248971257,24.097773963043984,1.3413119197001346,-1.2931453236461579,0.2056863749606842,-1.4480563720406896,-1.0024719316058948,1.192496559031471,1.698092906333733,0.5794189828989692,0.5886526793824348,-0.12497973031421516,0.781173856610691,-0.44466906769890485,1.1262461801557098,-1.236662966685065,-1.7328736516456296,-1.5122979916839956,1.3363818034531878,-0.032990302827250004,-0.5147916994996568,-1.266191019612826,1.3461197518982968,-0.7342759712894197,0.09192603700722637,-0.6666235559680475,0.31850639860137464,-0.11838007505413023,-0.4749346222212478,1.2778643373901297,0.497730109558992,0.6607238244589877,0.5285128808059492,-0.9983351894961722,-1.2500886750939233,-0.6039225937437165,0.6875477146212243,0.5103080062634342,0.01022547425274586,0.9532912543025196,-0.4621951832629567,-0.7372466703760234,0.7668608673967203,1.6608549116041296,0.28626701517894115,2.100916139234912,0.7840896324124739,-1.5043210930877229,0.9332205155802827,-0.08333147487540847,-0.25120281285935886,-0.16786706198111284
-0.5561187467607805,-0.7128437028150675,1.669069525826331,1.3005546437244753,1.6147787907098514,1.6678366680924146,1.3254321090950785,1.4804976439817563,0.5859042011646491,0.4378038595914199,-1.4152671919241877,0.2185340424109456,1.0094717885959688,-0.8449414385934964,-1.4990159604584012,-0.0918447643349551,-0.087435328777181,0.5483196275544987,0.9495945713644882,-0.059415181272494,1.855503314794263,0.2242347445352917,-0.3464265060068996,-1.611567359102828,-0.2626595203161677,-0.3363869454111362,0.9603047962814704,0.462483624066854,-1.1793691216326172,0.1722543864110375,0.6715311717290534,1.5280313593878327,0.8875039674140593,0.7608466543114778,0.0600859946151636,0.3883120054234496,1.2495049007061587,-1.3327773974796495,-0.3494393272169559,-0.7725687487562407,0.3791531187261241,1.2302221756507876,-0.5969742867210739,-2.390304367469438,-0.4122207450244701,0.9134737320174066,0.5376299029498797,0.4281862478105761,-0.2799933018744797,-1.2790307362197864,75.65096445362381,-0.8837777888642685,-0.600973963003361,-0.37845405184645964,-0.8427425900149415,-1.1017931979198936,-0.12011364321136973,-0.8650714271711278,-2.5108350014014515,-0.08392725487267538,-0.8049594201041393,-0.9663840692682004,-0.5580863501366736,0.648943606259271,-0.4267063677307888,1.9011207312676073,-0.7963744750895091,0.07008847520856673,-0.5173629891422328,-0.0032743790558235593,1.753825244849748,-0.7924154118329717,-0.6530305754580548,0.24893210596026719,0.8377055993758877,1.911923238569825,0.9819171632688918,-0.6522665031033145,0.3913103208194433,-0.5293455236693311,0.23406131089431337,-0.5135970504353424,1.252888995413658,-1.6121135315254396,-0.3348507296111789,1.0486407091206436,0.32151594622755614,0.48761536727790644,0.5210397575671122,-1.7213539671940445,0.10849833926309564,1.2856924464791224,-0.43730622618779175,0.5086115694764219,-0.033404181002878494,0.44817732718093745,0.29376808097944007,-0.6113656473643301,-1.6807878975523232,0.08273792225487876,0.25864116920232705
0.3088330125989638,-0.2791617441831775,0.2407531794885682,-0.0130113579909206,0.5655096456315442,0.3252136520401563,0.7533416211045325,1.154629002238454,1.2897527540827456,0.9138378160452764,-0.1384559839837738,-1.2242982362893655,-0.2090232572860252,-0.8505204542093001,-0.5805234498047227,0.5885784044206096,1.6699045043514062,0.3946715298229811,-1.1958830620351844,0.4446026682201407,1.196631486645651,-0.6097829043193822,-0.1340171666729177,0.014688194729197,-0.78489831308224,0.648280433843859,-0.1209481486077815,0.4195324439070277,-0.8874921778021001,-0.4374583003234104,0.7223813578277714,-0.372833152091767,1.7269638512334051,-0.3996361856146023,0.2246847257518859,0.93259083187309,-1.4183657329330317,-1.760808811980776,-1.5256563145700948,1.262584103427182,-0.5518581458924467,2.5581992856682523,-0.5642475986573886,0.1845513031970369,1.5421099525678756,2.006092888159123,2.061503576636398,1.2083662305931424,1.0240625258114624,0.5925269492011831,43.88186479050127,0.5739669592016755,0.1696937923520195,-2.8712826629574613,0.6397873317955373,1.2497807014036066,-0.182420997152417,1.5677961311964723,-0.038140085441648916,0.3332400365224288,0.39619940038417967,0.26117680697450923,0.6321209472278112,1.6403972809330398,0.1343281002678751,1.573599639232585,0.6596522987772498,-0.5622056962202638,1.3903331835321713,1.504942189115205,0.6120825008037826,0.16450259004350581,-0.6657998701017706,-0.10527061557930024,1.6422722811658959,-2.002142553240551,0.38820061355195645,1.90186461325099,-0.9627748512670647,1.3862760820808229,-0.2963302826486849,-0.47598352432522295,0.0930212882214317,-0.6330354005616816,-1.3177985324194006,-0.8927279710372812,-0.9344108510382787,1.0337971915140716,0.3283623953335297,-1.97181516773194,-0.1815694541931124,-0.2847904542827663,0.09899805762479688,0.25883640606842534,0.15998831789186987,-0.01295434828290414,1.005998339632682,1.4390803611260128,0.6219809940211398,1.2503091888975149,0.25627962729143833
1.3958616974520976,1.4551239177598063,0.9370139368194832,1.0844504158077528,1.7635193328176997,1.797311517878155,-0.3044914540753259,-0.1578527327765238,1.9240378438387489,1.5288845298777884,-0.4637576947995197,-0.9449562707797498,1.0021926538032544,-0.5333589572203554,0.2167400878649751,-1.3697764892591158,0.5692578552242005,0.4886951457474786,-1.2416200616581716,1.0316231128716402,0.5547458082427815,0.7400242527800978,-0.3786786927501306,0.1789564112864423,0.0633788688653244,-0.1481704047542305,0.1705032781658458,1.2564429737963825,1.0749506387039267,-1.1818606774688567,0.9854018169069398,1.1911433727480356,-0.1511776733523662,0.5084471037977766,0.4940016673030177,-0.8499666166743012,-0.381956287528328,0.7508102388516071,-0.4958222368314511,0.9754995592623076,1.3049724408497614,1.1436718419804708,1.9798046031694567,-0.0907322822911125,0.1772010739690629,0.3206630477626402,-0.0603979249907384,0.5421789741016444,-1.711204029011989,0.2049053886925192,50.343860030755735,-1.753573717908687,-0.7001158732050082,-0.16090490804919289,-0.7252689779610714,-1.5150953429556504,-0.4846287640039644,-0.8595000398001769,0.049802790902832496,0.16984469724903012,-1.8083564324174126,1.0232009733479865,-0.6227475600019066,-1.1815231616646271,-0.6483003273443845,-0.5757777549240405,-0.4227988546098636,0.05769722216578412,1.3158872670461172,0.7818798426041219,-0.41853573333948785,-0.2251054046798361,1.06518318012364,-1.3043069235264135,1.0043379436417033,-1.1686474299403113,-0.16255961747506978,-0.10837103661884025,-0.18072229018177993,1.16297582623604,0.09061360172477564,0.6799278365353183,0.9175992702596298,1.056661949261027,0.6728948662991454,0.4363281949032192,0.39609100485977183,1.8791878850731307,-1.7163271096772137,1.1767833821743214,0.035775485295785336,0.17194140317400342,0.16924826174266294,0.9506245451701658,0.5957719966107027,0.5873557717532321,0.9152219625044209,0.1662437949792915,-1.334828583078318,-0.33865918778936765,-0.7692285984720855
0.2268683195113266,0.0560865122318395,0.755473767866845,0.9046534261291792,0.4818517380450811,1.0882006014698855,-0.6045377257106385,-0.1939017363838617,0.5554228527429601,0.5171272237541804,1.2450090488116947,1.859244147838669,-0.5210688772410091,0.1348741582796392,-0.1934058095518064,-1.1073076373988764,0.5645551388044217,0.7778371640058556,-1.076991226186515,-0.3744993391753191,-0.4720895224293436,-1.508424703225168,-0.0363773301651228,-1.1452416764385691,0.1589936912553264,0.2691215249597905,0.3930227833047259,0.4413221777298798,1.5309407165975353,-0.8086461408155908,-0.7584818160172367,0.6551638971761418,-0.1319815253157142,1.1253266070582773,0.5616887923660444,1.9181113282928608,-0.0913284497726911,-1.4820395719865844,0.3406614199791465,-0.0716741579140786,0.5344874865145707,0.662607186675204,-0.5345485150959229,-1.0090056585251552,-0.1459433500123862,-2.381191535774456,0.0806672587862179,-0.4074380751361637,0.8616750444926806,-1.9858485335431155,60.85803337996415,2.0813146567651417,1.0896648650164613,0.9001769869124664,0.2404712493302069,1.2177484856512002,0.3430670089259352,0.5251903903377283,0.9362090095799499,-1.6894573383151947,0.40343686287129077,-0.19998289855677934,-0.4248990892028066,1.4512546569546128,0.7030651467411015,0.9079991561824573,0.20451600281122595,0.7241672408771637,1.9288439640217565,1.4917821634240598,0.43711300792073243,-1.839565047822103,0.16023036461340598,-0.19960467236367965,-0.6959364024507146,-0.44505734388725304,0.19754862805014903,-0.03410720098954454,-1.4722573634829728,0.269017527771541,-1.1221524151085256,-1.1294999627831657,0.8764153664646398,2.361890703170213,0.5292100439110343,-0.3599331714808636,1.97871068423802,1.2107755219347964,0.039848239515323805,-1.7990008402114075,0.48913448707453666,1.6653588124305174,-1.1602170570327905,-1.495349626197055,-0.2910193172430512,-2.021536284703223,-0.05973756981298445,0.0641017720484653,0.20551907288371393,1.4731587573144636,-0.2439077424589
0.6007274452881491,0.437413568483693,-0.0436334697380152,-0.5236353410622864,-0.6546930737457451,-1.025240667629532,-1.149681526557924,-0.7404298454383363,0.5594911292088945,0.9531327940972468,-1.1234192627926047,-1.5052342183545473,0.2789036073390118,-0.2862712338677017,2.902650262493721,0.458498476242932,0.0581617117041815,-0.1728279556764154,-1.218061845439449,0.5638815529545973,-0.0791450262707979,-0.0783136834294349,0.0944433254986553,0.2212125299172455,-1.7392556459175217,0.8370230063709317,-0.8464443748159226,-0.1380321974686273,1.285904920665289,1.7794485922701138,-1.7004944386263916,0.0302448276746488,0.2729131851660362,-1.5075300261914464,0.8025913644181649,0.1162626774141728,0.1941595956949965,-0.9175529183419348,0.4128866433813484,0.8382239563899374,0.1272978837259336,-0.5139359009630535,-0.4360693180463643,0.2203957071259655,0.0487973783806294,0.9048221191193953,-0.4802582875241659,-1.218380602740825,0.3593860773205031,-0.4775298529987034,33.22344368593401,-0.30455363848725747,1.5339781208495669,0.7781091861260174,-2.4197452474117624,-0.8684410292521488,0.30845010833151476,-1.1378071596536348,0.184810302489739,0.19332032475446598,-0.7717112201805404,-1.0291669107459331,1.0580223881158126,-0.7394144316026904,-0.5276851944169594,0.5064207749970311,-0.49529607088106914,-1.7732074077890467,0.04652846593370863,-0.48268326364734954,1.8329505259537546,0.2863333298670089,-1.1151224325087035,0.06283357291934077,1.9923656638459448,0.5418928204759059,0.20091093732841497,0.28361720550501,-2.2850201039320615,1.2107777468234946,0.8292150433882666,-0.7466614364206963,0.5341144682972696,0.0361827294430916,-0.2955162932555183,-0.12116589280300478,-1.390182485391283,-0.05508475461707899,-1.242826058329825,0.2504425935159528,-0.1980248989587013,2.0952885111185133,-0.19291717253005522,-0.2526572157097547,0.22728888284546345,1.4755796296880372,-0.2745094076227692,-1.789701272552644,-0.4545017008435902,-1.6054336663358353,-0.77709315346917
0.3922933511110177,0.6431484706307439,1.2640604598727887,1.5323183396040292,-0.8585960193309886,-1.3689732523253428,1.4941964731611768,1.038029116299,-0.9648797435170244,-1.0027663220629774,0.6247919824646136,0.7447954411312782,0.3628654363047838,-0.2914632301462852,0.8096835209616922,-0.3118909484636948,-0.8546913919449072,1.5866145597306165,0.4887961442307231,-0.7847909117432134,0.1342552366781736,0.0272944430002784,-0.3499174933470197,0.2335498774289804,-0.9285276609575068,0.873640132568261,-0.0061611729036543,-1.6094543231281142,-0.2281522059194199,-0.6158664778454558,-2.9904063045688205,-0.1558142143829851,1.0367778447445015,-0.1078149869687831,0.7081440551239812,0.0084950173766722,-0.4563707907920377,-0.7316014791767855,-1.282794754386744,0.9257654261961412,0.7307487092591488,-0.2782916904674946,-2.0242654132068405,0.4720839530415382,-0.9047770798748828,0.1438823734953145,-1.5412469220957918,0.0919989849637599,-0.1313170810591764,-2.4097171896520857,30.12536041376913,0.09532080694771912,-2.249095728055939,0.3547784821701996,2.715946572312882,-0.6852061978594057,-0.6662842005099068,0.5233950169020153,1.2530889173020765,-0.3670704059816724,-0.5003860901204341,0.49681250713592134,0.19163196206738903,1.0547778142766568,0.25695743818394445,0.624287956648842,-0.487357365983966,-0.7152485188175908,1.1838190585107766,-0.7116615385763058,-0.7880216187756558,1.2512505965246858,-0.2521334110010799,-0.44382347969133185,1.0014029102300654,0.8903820957650477,1.4761900997298043,2.601770471320802,-0.9490402912155661,2.184810310984808,1.6179611429548872,0.005836832034040919,0.31291798890117156,0.7682485771525432,-2.334672448315709,-0.3930518958787473,0.7301060979994994,1.1446661572756716,-1.0959377796704024,-1.2990356362655615,0.354690986039357,1.0803706831781659,-0.17660171886594317,0.434267269143753,-1.702850560955932,-0.13255731964008563,0.05167018890043356,0.6578891343618591,2.401070328237232,-0.39275143795352224,1.3833297485483524
0.8544067801457649,1.051874254974944,-0.4152126431320445,-0.5903420517379945,1.2634175399628007,1.0446199699982175,-0.332644446445779,-0.9861480410283958,-2.0769735223943804,-2.528080696901107,-1.5406671311912938,-2.3306634780373923,-0.262312828495323,-0.2961451208038582,-0.2449535829593324,0.2528582458983515,-0.8793968232136988,1.7908560134459206,-0.0332940081315033,1.2864304630614842,-1.679899241488712,-0.8345296500918743,0.6863148050442303,-0.2265642756779332,-1.0731793873729665,-1.8386298986440808,0.7332036722403648,0.6516022549488549,0.243320691419228,-0.4959061907859165,-1.1130900276298048,-0.0529815398967018,-1.3153186036454003,-0.7515840805645901,1.261250581399549,-1.8508357631314192,0.6775278269003673,1.494195951449163,0.8162597193826533,0.3982128784264839,-0.463572846171124,-0.6458880544340128,-2.248130866063321,0.0370066802673142,-0.4022404487290936,-0.6980344086819069,-0.0200810288790131,0.0623694802046552,-0.6355572973670537,1.6130807834767864,79.0916460410036,0.17903679654896512,-0.6829923303511227,-1.0978623583492235,-0.26971853155733616,-0.15155545500997972,-0.17769397711340018,-0.3255873571531219,0.39167061561527167,-0.7048221709979829,0.4385017695657377,-0.840981398986548,1.1985326271211874,-0.03602103575443992,0.11758168066188653,-1.4251777645007055,-1.0254636745111536,-0.6941767358853519,0.30885264878715324,-0.6970447013594224,0.21114021307695982,1.3763341586771942,-0.131020101940283,-1.5644539866239684,-0.4573570689642907,0.8099344925008359,0.06265449277865744,2.168761167921427,0.12258106868047293,-0.543583940093733,-1.197597137779373,0.8997203730295341,0.23843984438833996,-0.9408220741920303,-0.7115554940294971,-0.22487537795256549,0.8562393195989401,0.5490418113477318,-0.3611424346118292,-0.848554259014613,-0.15802448008628092,-0.34995827823602044,1.3768376228188624,0.25616301965282456,-0.8891107160670026,-0.7349673486767199,0.9921270387570604,0.09505707799052146,-0.12088687171277415,-1.365144502345953,-2.2238530623712354
-0.4093405752186243,-0.8665713397864023,-1.8802884105687847,-2.243431741394569,0.1149417717591317,0.3949872358045911,1.121689142387919,1.3099263066582287,-0.3231676657024847,-0.1710562988118346,-0.518637997484576,1.7183639957638757,-0.1891901812750799,-0.0863378582467268,-2.215822425020668,-0.1954348465227638,0.836484137964941,-1.0677225770385452,-0.7507203344928128,0.7927110177336647,-1.4766572235180533,1.0578010075419184,-0.532143890173102,-0.3885682204912029,-1.123878405125594,0.3780462604278832,2.45987198502938,0.781497239460632,-0.8642852619405358,1.135620585491476,-0.3166795459342494,1.3744849814275593,0.8066764021643629,-2.943141565471733,-1.0040796329550274,0.9443852228353896,0.1516572721450175,-1.0237559477078506,-0.6335895154938127,-1.9062366200893808,-0.088373287526396,2.2106897260157643,0.8049333907323256,2.190417001188423,0.8823970897899802,1.0274793433526916,1.974078687745024,0.3772632593422264,-0.1872273215068802,1.0326575166220122,55.13898114631799,0.6075668643313585,0.059142122272422416,0.39530946245848375,1.193956259988278,-0.7036545495665113,-0.659602268519233,-0.3125161606756704,1.5587980694978887,2.484969953586654,0.07877772786633341,-0.40424559919722874,0.7980598733523421,0.7707688064351387,1.7344330917873865,-1.80817792253016,-0.09189562541568821,0.4109902028775005,0.20838231251962103,-0.4019864911361351,-1.3898647409015294,1.85747720929573,-2.138988893613738,-1.1349904677611198,-0.7753263821119137,-1.6917018225949945,0.2881655076420865,1.283782608325773,0.12550887448218748,-0.8996776822830035,-1.5792529774324968,-0.9687747384090089,-0.06297691981449226,-2.091651903364375,0.46002269879431695,1.155529776357458,1.7255194045644981,-0.6072104429957799,1.463417447976724,0.6843025841384672,-0.820867267409795,0.007255173636000776,0.195140049758993,-0.652299404494563,-1.6818144538663589,0.5994639186251742,-1.2567680144595086,0.17414775800578922,0.3509995917697252,0.11669856322580324,-0.9533234567365458
0.5630079045967847,-0.0204040654176208,-1.5439813064787988,-1.838200506903103,1.1527508910882642,1.3142477336474148,-0.4350158240698577,-0.4057112020242294,1.067443584711766,0.4088897780918428,0.7490347978772707,0.6024599808624941,-0.3731314936823809,1.643407137747976,-0.6709092083210072,-2.7784106959593813,-1.8005410554678063,-0.1168909142215138,-0.3315447485720014,-0.5363645247522444,0.15020437883634,1.2004279371806503,0.4540281696213166,0.6485502035748631,-1.0797875772401162,-0.5194491892510879,0.7003557284570686,0.1080120599511815,0.4770621315552935,0.6137238793466493,0.1661900710311925,1.5819061766556657,-0.5315360548744451,-0.8190916051136449,-1.764968803464475,0.7486032910005985,-0.5700542615311426,1.266005919496249,0.2479524461751786,-0.3388328639712441,-1.0546378159284526,0.846511587141021,-0.0538874275443299,0.267802236358015,0.6044413378913759,0.265752967314192,-0.8498183768015674,0.521268034681237,0.8202007417756949,0.3602290361831347,59.04514590774362,-1.519179982986177,1.1261170260153806,-0.573437821542238,-0.33689782558349113,0.9319797549595751,-0.7048684538154905,0.6100231697844505,-0.43874592004829344,1.2526157196195573,1.0539209114064536,0.2654626594957273,-1.1766718290700633,0.04886918330515309,-0.9752409251002728,1.182594359069889,-0.17516373577895686,0.5272865396919497,-0.4673860752954615,-1.0632830097704935,-0.11834162387382174,-1.773719124589243,-0.19651291442616903,-0.0393812978951484,1.1210392638449234,-0.6743458265962993,-1.2618897827267748,2.8536225827404498,-1.411575685125063,-0.572689190427965,-0.40208842674785095,1.7896989895963833,0.4829567337840797,1.85160907703945,0.25142160740464653,-0.0791411392458341,0.725740075270287,0.5628109699500876,0.36539078436214323,0.16203399361214757,-1.1060684529617113,-0.1781954217106992,-0.37832244799109405,-0.5318947428632855,0.7252398504962689,0.5714296182464823,-0.7774176421991921,-0.09307900935152867,0.55396892568194,0.7509916217780057,-0.322069824853645
0.9700859861773148,0.998840651382391,0.1222844623622011,0.4136334018602137,0.9456674478849112,0.6710339844357511,0.6959699432813283,1.0643626338580736,-1.048646146094058,-1.2334753012122144,-0.845690819764949,0.7519209996279153,0.0733299282506358,0.8686572407355625,1.002802734320083,-0.7259519002992479,0.0320743275571871,-0.0129936786835901,-0.3277876896242152,-0.5348428545247115,1.1847555034110568,0.0519717267155008,0.0131447885597679,-0.8027776748685957,0.6752124304135045,-1.005107500838015,0.4549055288446821,0.4822293600551622,-0.4125150493235687,0.3176520811831798,0.1856695590444871,-0.0393606248101496,0.0129439801452324,0.0617818231935212,0.1299116726720481,0.0602420313437065,-1.1038641902121418,-0.1522109510056047,0.2649486011968721,0.0972887285392915,0.9537502593951384,0.6200865894994544,-0.8704095350531359,-0.1666271080543948,-0.3113366534471879,-0.004348486627184,-0.0029813998386997,0.6115216692398487,0.1773283631411437,1.2305450052085505,56.947773497971276,-0.005336470836663279,-0.4542442751532624,0.35348290594866677,0.4146985287308868,1.8133439519827754,-1.729897831726847,-0.4691413650790981,0.1443434672966939,-1.1501720603143877,-0.9695035058459894,1.3606760361077053,-0.10213305824070133,-1.839401584186729,2.208419091154705,-1.97929830303683,0.4126650231818217,0.10122772783489464,-2.263146790755144,0.29519306170841997,0.6165953861145571,1.6286276978812413,0.7231929760287334,0.9327530959052602,0.17376920195727316,-0.9003169081180842,-0.04704344829848102,-0.9445767199209086,-2.3787619272587017,-1.3496500299658434,-1.2214704771233247,-1.3506627611656268,0.20620920830783845,-0.5950987410478299,-0.04620147110896543,-0.6016691771074415,0.010678863235011486,-1.1286963336068758,0.431268441605056,-0.12714041478611238,1.3190761913682747,0.7056312338051302,-0.14511856333613612,-0.8417222679965889,-1.3633436074053245,-0.9764265916915398,-0.3777659733923902,0.6251956600097754,0.33762153050386134,-0.1612166055924357,1.4974957159134523
-0.7427487615153211,-0.4789018661242437,1.005207728131381,1.0982977070119406,0.3765914184165007,0.2762260778245378,-0.1735257238331186,-0.3400224452540869,-0.6954405044734492,0.0657165644960252,-1.2141168352904894,0.9292259122758272,-1.0815377017283667,-1.2670885555821434,-0.2522965356149267,-0.3725023540169865,0.3555572062560536,0.084832425656921,-1.6273604836286648,0.9865668245806246,-0.2773394565404712,0.2414592986001022,2.2021552196688297,1.286442279857049,0.210529263211001,-1.3730698337097946,-1.356334970104104,1.162044337507819,-0.4018157473201921,-0.1684148578620699,-1.1454684681353065,0.4458512278689073,1.14141282042628,1.5235501258213286,-0.4481498192305659,0.6448784658791357,-0.0950868187864297,0.8802785678460828,-0.0039672005937627,-0.8241260961828591,1.3201575929942566,0.0985391542782287,-0.3514597527435795,0.1777801338919257,-0.7366403048809433,0.4152521265530699,-0.1962997427965711,-0.7947949065987112,2.37689933295646,-1.0072923277418502,35.50134159765216,-0.6587688257813566,-0.01993539524581029,0.12150501140171552,1.4919196463452724,-0.6574321575531379,-0.23091025368155538,-1.4281484954450976,0.8266415353898965,0.346636196565839,-0.08070565221712739,0.02655335379946882,0.9899490399685423,-3.120544022943797,-0.5943498527396046,-0.14819354138251523,0.2876976070117176,-2.478638119127923,0.6372914550139895,0.31238724341164475,-1.1147232559550084,0.1848397643603801,-0.1376278822574411,1.682284096123216,-0.8507648486877276,-0.06519888434982433,1.4543101017964906,0.6558839906913896,1.4707624743207173,0.5912147846166919,-1.2762176831011511,1.550278824078565,-0.48702086303450615,0.7187082925761192,-0.4239476620747896,0.06899756116248447,0.4226115733141262,0.564301351141907,0.7704267719063206,1.1446542192482123,0.6474075265997693,-0.8196567616334733,-0.06695933390142567,0.9766664952266192,1.4116720638553426,0.06753977906994638,-0.24223934567906757,0.8254715419951355,-0.02668113383841335,-0.47443040864975816,0.7078163206381513
0.6032475005713938,0.7819129441122156,0.6386601686431024,0.8388420737985434,0.3676198402097109,0.406184768812069,-0.8810683366612923,-0.9046868027629176,1.186734620177331,1.9032413051329344,-0.238110436312054,0.0460027472532741,-0.904614374993766,1.1727568452674448,0.6654168236917787,1.941217436463749,-0.8783230771797389,-0.3780078990182172,0.2314459225255723,0.6464895377257707,-0.2156676375476323,-0.8729610904537004,0.8814075289235711,0.7211353625455816,-0.9162741005637248,1.3554428011054958,1.1701987091966035,0.1342964972477928,0.0795978623760363,0.5540577711159071,-0.8617030702562581,0.0300314791640821,-2.1523835446091804,0.8764556455029355,-1.5614932224418594,1.503419828428999,-0.3301200939664503,-0.2116669819311769,-0.6277339060845056,-0.2880388739220764,1.4185313451480366,-2.4878086565350794,1.2769653860881878,0.3380234811017081,-1.2070216478572156,-1.075312393049238,1.676393027208203,-0.9455068799427312,-1.1533505105959594,1.1373145423647293,20.926023154974843,-1.68955722607827,-1.1567442250519486,-0.9763752712833716,1.1658060192083854,-0.43223783916462677,-1.7022132660800113,0.7613055634094525,-0.5721940702934435,1.4580252755643248,0.888773117011151,0.022857509845123507,-1.2221760651510123,0.20991553398349078,-1.3400568903608094,-0.3677023262177871,-0.19714738095841283,-1.651918183191787,1.1541362365280234,1.3387779704210623,-0.18720136910847632,1.6005625073699596,0.254406878746652,-0.1838305803201219,-0.14810897947188312,0.01828008575882125,0.428821006012148,0.0758229309804383,0.0952931191602342,-1.6099032013436871,-1.4020184956478765,1.199590148993406,0.6097147286535098,0.15846118511886256,-1.5786201484291058,-2.122133412674471,-0.2680557684270527,1.7517962170705998,-0.8746803013392757,-0.28967445509489786,1.0370622897644273,0.3213331813140992,-0.038913744909976,-1.8521032545245222,0.3560225035862777,0.03733507711071247,-0.05447091709771166,0.48402347708498744,-0.9905749882082076,-1.3596195472716661,-1.6380402869428872
0.967794469003426,0.9361885316740588,1.0500490415534267,1.493922002650569,0.1429906348092164,-0.1030485024611494,-0.2703666967611697,-0.1463142816969595,1.953107198272574,1.979578176519473,1.5360611817095284,0.5975377058947282,-0.7113032269494793,0.1171242161498513,0.236223646264233,-0.9391555697706816,-0.3843873765929211,-0.205766993677172,1.605619832565118,-2.0807405253909783,1.2058184207160432,-0.9367952349593828,-1.372079187269614,1.179942130038464,0.731898069234381,1.25451870238119,0.8007019475455768,2.059845001737402,0.5587238369444854,-0.1564773761231584,0.3429263773213425,1.2434691283459636,-0.779375325260117,-0.6518885825313808,-0.3089600145979074,-2.1045827987653323,0.1380784084175468,-1.8861287039510264,0.053059312932619,0.8652897561352498,-0.4768764606438356,1.677115870186871,-1.4605008994184878,1.1912606816318323,0.6751370564069208,-1.716033248310689,2.7107942990405327,-0.0637452855039661,-0.8774840221556317,-1.407087194784017,29.938033863762033,0.9871222001287102,-1.5327958522623455,-0.8924558393569035,-0.20445497968522458,-0.1633208072838984,-0.4628156863395111,-1.1459005899823282,-0.790012802081076,-1.4961991540760018,0.36119974375139846,0.7375128936228513,0.41971082035867624,-0.2637350376313479,-0.2169149904265378,-0.46015096167640857,-1.5060888450601755,-0.23893182145712105,-1.5256179282982496,-1.760262500580009,0.7999272995299169,-0.39478240919542645,0.4845131307727723,-0.7168742707124743,-0.40719681788136125,-1.3692271134705776,-1.0810120697625603,-1.7690877320358567,1.5557119779162487,1.2650142340716974,-0.19360239600739912,-1.4301015922497284,0.2805000229198326,0.9945909288357225,0.963870518999406,-0.8168960881781395,1.2192579890966468,0.8226153699736483,-1.57640980780968,1.2299774604644524,0.0037664035082537583,0.32637832261954636,0.9274297691916048,-1.2815334474735183,0.9594099968570928,-0.027916923967480682,-0.02490268636281973,1.3170679130769716,-0.11180928233577364,1.6813349111565896,-0.11550943112516086
0.7563899600802455,1.539364042381503,0.6374292216692861,0.9537067397515644,-0.9906011504493648,-0.587780250865406,0.8308927776544809,1.128519010255007,0.1695323831280019,0.0314652620527961,0.257052765897236,0.6465407345217379,-0.0954282715796734,-1.9050934751722668,0.6884055142488796,0.5775466264133551,-1.2946445621307656,-1.1660467432853188,0.8829912732693621,1.1190736219277155,-2.6636406311602383,0.4408430598794807,-0.2206463504366024,0.0741642320794457,0.1312777987570693,-0.7621427269376237,0.6526702685023648,-0.6881494387063138,0.7470128074667325,0.9690291538551212,-0.8721589837128892,-0.8477193621091689,0.1136555360864066,1.5036566063761692,-0.5927090241516831,-0.4031964647568934,0.3210721422045194,0.6567804225628722,0.5269673310290053,0.0322936186779863,-0.305518974710549,0.3318228066525445,-3.200569926563946,1.869253831068084,-0.1858059173909823,0.1822977478620057,2.0993798111828843,-0.7413108943096858,2.3321177016101857,0.7396610909540287,48.58685893176113,-0.3521729835995906,1.4453846895829336,0.3550224544215164,-0.13525432539369245,0.5410567634926378,-0.6126946458776085,0.51651728439791,-0.629352099686685,0.07698314140715402,0.42559425346279633,0.0503718966729968,-0.03923647369874391,0.3982209514202937,3.2401391486368074,0.31445082229065685,1.0705794675782778,-0.5014694233584738,-0.009698662182608321,-0.9441275564624203,0.5892001322325895,-0.530800478794885,-0.3426022407710725,-0.37250949853380483,-0.8240591186880378,-0.4395543550857605,-0.9738283359082052,0.46309693066377544,1.4985910968357032,-0.672181636173488,-0.41142246965604795,-1.6322033369710098,1.2097881878438104,0.9540976603759755,-1.4401211290794125,1.2485911362493523,-1.5489796616692089,1.1966177360048202,-1.7539828207421797,-1.069443986395557,0.2256709659631877,0.3837505255981918,0.9787061296547942,0.41864231743030594,-0.6466556335942929,1.6240197994726442,0.6740247108298125,-0.7192980317999896,-1.8658857479785826,-0.022411863793875927,0.7213310082617503
-1.0790706928484015,-0.953943715012516,-0.348719813536089,-0.3653012436015964,-1.7731679378107978,-1.513440311894252,-0.6848101548964002,-0.6349305299432609,0.612737523877673,0.6652826119536576,0.2455267456396643,1.6565327455597,-0.5979173497089078,1.6583255426002896,0.3857335436934689,1.3403577539486655,0.1594857641980891,-0.1239759236297955,1.837162833292089,0.7214019092251294,-0.2353220329292499,0.4238869182966122,-0.5648454504138606,0.1078839071566754,1.19562181921029,-0.1618536399007288,-0.8745211135316282,-0.9668826683326862,0.0736180902345777,-0.8075531115528402,-1.4327410542585208,-1.198588227683282,1.175099703890044,-0.142372402567424,0.0577638266530628,-0.9666092036750412,-0.5814940466864068,-0.6137546434992613,-0.2767691370643558,-1.658398833958446,1.0896749664445613,-0.0164251443043495,0.2020860849620409,0.9143383840645928,0.8377425472282851,-0.5750809255324635,0.6044674247610669,0.5941788379063774,0.315980931617266,1.0611206775426054,32.03342806404575,0.24252042561251944,-1.8240698738929368,-0.22111309528850173,1.0035665601832853,-0.15348427895585648,1.0518950572656043,0.9729965453330005,-0.7492156170889224,0.12407272571949352,1.108042858383234,0.635530199832898,-1.7547887421223871,-0.2521534658435748,0.8952052350186248,-0.6775924297784516,-0.08504433903802336,0.005370378836003093,0.9916471684145696,0.8055804745307268,-1.1576316809288612,-1.2152725762268937,0.7307546611603922,-1.0464152361937116,1.0145862532614673,0.5805185455957046,-0.7414954274106673,-0.49082647991404904,0.7347096675729954,1.3587077988441587,0.3732569241351695,0.7198641688472236,-1.810416783357745,0.2777256563345103,-0.20424931207931116,-0.14534531448773885,-0.4878711748161698,-0.3781936851072912,0.2310710744819205,-1.1897906460157648,-0.1783643972134808,-1.0223952908709855,-0.9907027589334488,0.5431751897660483,-1.1234717190204166,-0.020155336347329265,-1.762816222176216,-0.5928494752075841,0.4875580051653644,-0.4521430175905827,2.226903139247802
1.454955682372252,1.022001196353425,-0.268943188407163,-0.7977889897294792,0.987069244275216,0.9375201877086052,-0.2619847491741304,-0.0918163113555641,1.4947455139552206,1.7204019506286476,-0.4034096213136703,1.230072639089635,2.045439802897123,2.115004883565822,-0.3745114997749502,-0.274040249496892,-1.0291623331365496,0.1180523244147983,-1.0741189314575168,-0.5266334417074939,0.7011297981623901,0.3899774101393967,-1.8107213051670272,1.5702922982743863,-1.0869960871517366,-0.9609339238790036,-1.2389221517644493,-0.661283338564009,-0.8968063786658277,-0.8724334411889024,-2.4642720517314447,0.1299273920538138,0.2320651678155598,2.24440673789221,0.4863409976655602,-0.4965890197181455,-1.2007149784734212,-0.0962764597992618,0.4487228893925593,-0.5033486193190452,0.061016026348572,1.8973540940588205,-0.3841101270391631,-1.886775554792489,0.8734867873914347,0.3143214458150536,-1.7089920112579131,0.4276436772762946,-0.9978635491377468,0.4413224023644061,67.73496459652833,0.1798454187280591,2.328619008421566,-0.840281430657129,2.333244404285301,1.3872574110525957,-1.0149348063096417,-0.3754938863522174,0.5225619208753273,-1.2744928824990227,-0.406242448869528,1.078533546062947,0.11965930451893353,2.0180773827178204,0.6029641034412616,0.3957354624650479,0.07964268989389676,-0.4693981624354754,-0.359498776645418,0.18347311871156718,0.37377487490223954,0.7759775664061606,1.4574842978317002,0.7877455413114314,0.7817241883143133,-0.628330834589551,0.9996310435934835,1.5335008409803093,0.05914358169179254,-2.5570382983204483,-0.5630141949126682,-0.37740118505126985,0.03622057046526678,0.3877812093623871,-1.0348910186891174,-0.478034012631749,0.4461557379622669,0.480882653933827,0.9866912199945005,-0.1381681462798993,1.1574907312024982,0.24720339962663224,1.0679596745340911,-1.5844211281771077,-0.34772356153097006,-0.1299047314984712,-1.601440052477868,0.40670368394829,2.9204904044206113,1.5625324135478098,-0.3397478621808091
1.274059643266796,1.5485120981371223,-1.5251056410143606,-1.724296739156932,0.3351261330736639,0.1881221176833971,1.478183935639002,1.4139776381454696,0.8596950512977658,0.2942736138927476,0.8557353208608411,-0.4749567045213774,-0.8139717958905116,-0.6099027069492022,-1.4456102007765623,0.0404289398334671,-0.7726733906604571,0.7862982309002783,0.6400560810329173,1.6881570529027907,0.3663274835410772,0.5206777670800737,1.4000998118278138,-0.6276626960266963,-1.4882582128230326,0.2000940591283936,-1.422633469214404,2.45393867292539,1.4554982920789432,2.1639763333015805,0.0624469766631292,0.5505735937015979,-0.459475431952644,0.882924805586752,-1.215543212051057,-2.543093189474779,-0.7907106194885667,-1.4554734756173158,1.4779267361595356,1.815677455080316,-1.402929072413111,1.2917156075212397,0.9513849835007704,-1.5697766847188763,-0.3902675309316181,-0.5801637221245197,0.7479953986272,-1.2287793509050138,-0.0988726256594824,-0.685934503949618,74.86157658423504,-0.3348522723761133,0.7251513993817416,-0.9228301897268331,0.19228267439904112,1.1466239165619274,-0.7611863848144755,1.182352844091784,-1.8348080296345557,0.37955030461222966,-0.616830877122271,-0.3277371502679994,-0.8374680161265329,0.23053712782830446,0.7951868616415204,0.14115541469119494,1.6004950658110577,1.531642466149037,1.193103673332268,0.044802456387939664,0.5587188371873778,0.5144760705317492,-1.5238586374474048,2.1376116293792236,0.8385414775592605,-0.20023333539002666,0.8765405122923029,-0.39502186443836856,-0.3976508141954396,-0.38518762770383064,-1.2166430955406744,-1.0069470496085993,-0.7249029262599724,1.2125845819735506,0.9936896763006376,0.1729698079558269,1.1709307785954146,0.698164421750891,0.9127497799138464,0.003275907102981825,-0.3448460335875565,1.7692977462631747,0.7513474611501303,0.6264397504539391,1.0641839529286203,-0.6803677664898552,-0.6651943684645465,0.6617784795792891,0.17669053423017642,-0.35204535537168397,-1.1844380678030872
1.468533902241932,1.632357828346097,-0.2166493213043651,-0.3589786376271154,-1.3426410837987417,-1.8588373937137408,-0.3151331697400649,-0.2259543927855365,0.2682911671634124,0.4592362780106609,-1.1456139838605006,1.132069596638471,-2.007248224063809,0.6163710688728439,-0.3735596807976833,0.1601224816634518,1.5580987853339394,-0.1311827858653228,0.6253880055057691,0.0585669676819155,-0.1093761697533047,-0.2331752978403627,0.7010583485062267,-0.7316018661213409,-1.1320231885512633,0.0744749734310875,0.1927840035884952,-1.82415816539896,-0.0104874286106637,-1.226876921214511,0.6268431074478203,-1.803684855896633,1.925075829863089,-0.3381984166358274,-0.8649619484873124,-0.2829724603681932,0.5562708586338915,0.890470089234937,-0.2743113100248369,-1.4386904148121904,-1.2122971336221808,0.2863876987407452,0.987327129510452,1.1174752515841184,0.1680925754107817,0.967299566181423,1.912349217592001,1.190347712736292,0.9220379014043716,-0.8065571830922841,35.4229307124087,1.9750273536307812,0.6799730755167559,-0.3038308479862159,1.9570636405416413,-1.1854623535951,-0.3815241391915724,0.48178370786128394,-1.555970026317907,1.1162463905181252,0.5759044369323361,-3.2750106339134555,-1.167651782116426,-0.44694772758266543,-0.7695934645023071,2.098732354050425,0.9082221265959503,-2.2939415848465217,-0.1402830333573683,1.2638538399101207,0.10798551668603056,-1.1170095622303255,-0.3448497524065404,-0.6925348843550028,0.824670393319513,1.6968898195806401,-3.4542548528409984,-0.4518919692228427,0.7185965232500373,-1.2930104157562536,-0.01688297991511885,1.811701208981497,-0.517622744420836,-0.409692876293349,0.5820273536172682,0.7366199329005703,-0.013783411986730233,-0.3051622999429823,-0.8310478483110985,-0.8583881142065399,-0.9840314172504463,-0.4569525571435672,-0.05272508423498128,0.18050463388908677,2.1150516821422025,-0.8248395207257326,0.8635893559200984,0.5166955341262855,0.33950801348700793,-0.9103623274331721,0.32236826902943033
-0.1955932368492254,0.0533051111714653,0.5491266755583651,0.682983529110301,-0.4244759175917799,0.0387748397523162,0.8747396215802571,0.4688583959063546,-1.7931535024541505,-1.7512699304843853,-1.537026001127929,2.184230601754902,-0.9656679138472308,-0.1618647653577306,0.2582027347011369,-0.28865816067923,-0.2900304014661926,0.4218272861608771,1.5262159587962787,0.7675090818172975,1.4785138785735428,-1.046619108093502,0.3173626332553613,0.1552460520582792,0.3510912916767348,1.3762319706355726,-0.220789149792054,-0.4055033665540877,0.5339807974186639,-1.7782027275658474,-0.2368520491221783,-0.1341976892854529,-0.9203586163069252,1.0570590113565772,-1.0622403173432842,-0.1358730483637962,0.2931572253229683,1.3534515614761184,-0.0105564348808533,0.9361535941282104,0.7005953972771274,0.1234575561691425,-1.0895134082734554,-1.4345808609043489,0.1065054014191864,-0.5426968739026136,0.9192610916812918,0.7458565180985776,-0.1846109944370498,-1.1577129239412691,62.0249956474218,-0.04726465262900927,0.5754686674944302,1.5681047947182098,-0.24141441042020614,0.5209681655748287,-0.580143651502776,-0.6958614201447756,1.8627464923572625,1.5080475914191533,-0.14943148601108933,-0.8179270935854663,0.009140675822632775,0.3373630663468662,0.3260443763658592,-1.3854093918181294,0.4464491988167305,0.3026276315298145,-0.5251585306982606,-1.0099542026761599,1.0893393093166917,-2.1641367670130003,2.329617483453713,-1.192041544161932,-0.9160337447075975,1.9900295135191748,-0.08138569428412104,1.5330688258513046,-0.15985786583573805,1.3533549225882027,-1.058556042344289,-1.1939024401995502,0.5597480275899028,1.5556149614627257,-0.3572022912606917,1.3287414300992495,-0.7823374710664194,0.6837091504024939,1.3554955328750073,-0.2761054479357567,0.5212773722162125,0.2597377466574619,-1.473964180376095,0.5156628049375553,0.5083650441335016,0.39204258191853336,-0.6519497788555446,-1.287529174059209,-1.5519074381324354,-0.7102805552766089,-0.04328560487960969
0.6615236271455812,1.2281382197321404,0.5482232374853232,1.0231932562973731,1.6612812894315048,1.466256910446079,0.586797077029454,0.0725593502830356,1.1107604792208343,1.410123794801406,-0.3753430922309935,1.0654150254746124,0.0343727021223185,-1.99810737472294,-1.404055007039385,0.4242914066427279,1.01035482444814,0.6090754558886144,0.7690985654712109,2.589605672093345,0.5283834890397071,-0.2649222482610717,-0.1266445542835714,1.635001733914644,-1.2691890119846236,1.2379595566416366,0.0161677444869885,-0.8315794083923991,-1.4501490925988405,1.4805936766922854,-0.8573621115341507,0.0623619642699388,-0.9747501698510022,1.9658598927787383,0.0981730256310421,-1.3463791186299463,-0.42881555328779,1.3931352244762976,-0.9768315416674824,-0.3614312695328664,1.1871523174314953,0.3422908729851392,-1.2194578971451588,0.2233522242527929,-0.1527500823546621,0.0524148828208309,0.9465577494079545,0.2405852618264794,-0.0927824548394827,-0.1419098509369102,46.89160131162718,-1.5579523176766679,-0.2526856880009639,-0.5260780322119588,0.9519603635098018,1.5203392373095028,1.369254797421876,1.4014290022660747,-0.7250967209741775,-0.24936410162594572,1.1222035676977153,1.208682010835303,-1.9308529392530067,-0.42867479688130566,0.0025023003171226327,0.029268983904826695,-0.002305787370825462,0.8280104061634723,1.2502869129412333,-0.7287293926540226,-0.5894473186396925,0.4152452343233938,0.1705653832079994,1.0064833299902844,-0.6036872717969973,-2.161361092625359,0.1476381003869167,-0.06545397842217143,-0.5896192625604866,1.6790247985038282,0.5121711192871908,-0.7269385975720276,-1.436060494836333,-0.7078562474049283,0.691184158377242,-0.45102611861540615,-0.21087275318943097,0.4546889519536365,2.043042243470318,1.3647647548555963,-0.15213588679357515,-1.8420337457856046,0.2126424823268253,0.07245312981093784,-1.3156669929208955,-0.46982008950291654,-0.041082239274284706,-1.2025120409708805,-0.815959761786859,-0.8572399555835665,0.46330867118861435
0.1109277775185076,0.2580173458594399,0.5977153154262959,1.0223439638975271,0.1653113963272211,0.0794408415742467,0.1331760859936854,0.1322555342853915,-0.2362107809786783,-0.3189697784166944,-0.4976276827539759,-0.5908055511008885,-0.6546629736705405,-1.0520081577890477,0.2692772737968871,-0.318070305711861,-0.4204262557529999,-1.4075739944962766,-0.2978611921969897,1.1455327999159646,1.1608063098603412,0.3735125797184455,-0.2951539751198392,0.5589828302245257,-0.6673535881766914,-0.2992522558833806,-0.7425224425970892,0.90836642716409,0.7800059609916365,-0.0346822590459934,1.731252309290564,0.4125145807709467,0.3562275463363117,0.2491202465400881,-1.2622868177332438,-0.8942798314073706,-0.0546379536862104,-0.0463834787713007,0.5897627002104363,-0.6678671090543804,0.0706867007565438,0.0885601311034828,0.1281950817761247,0.0164145170532815,-1.403840018551996,-2.26121846365778,-0.9417636358072596,-0.5311230227989046,-1.178451869050438,-0.0556738688743494,42.1368756410975,-0.40038136018331794,0.3920845297008694,-0.014019538257588698,1.1011557622472865,-0.4947809457668834,-1.1385673730496195,-1.1416718217393904,0.20001485117174814,2.501645035135113,0.3697734371150561,-0.033764781397654105,-0.6742902925848823,0.09293023411398735,1.8090667486444099,0.4313450998777634,-0.011645548834153046,0.7015384583583996,-0.933753736140097,-0.8465118444436109,0.4124844627915127,0.5291703669447326,-0.03485195049100507,0.31805154817895986,1.4586575229376622,0.11389757199847944,-0.9621435288593144,1.1628776937471557,-2.0979046842888645,-2.3440788973493767,-1.6662228008386173,-0.6083983130978005,0.13313564624990556,0.07657993120346739,-1.491739307541365,-0.42801925570870175,-0.36696159452816834,0.6948161429230939,0.6076317593481398,-0.3943916269381333,0.24991899402434054,0.2528944168422004,-0.3539424825269719,0.42547139158009356,-0.9718983104405119,-0.1879293768007396,0.1281404230120102,-0.18478670874805977,0.8948366881445676,-1.0660281667145108,0.6904749348373335
0.357470185848724,0.1605454127366416,0.4811458907651867,0.5052887833157516,-0.6068253417863988,-1.0156901287689353,0.9203961612544848,1.0697727705962838,-1.1467830986265493,-1.4592985661313331,-0.7268893832047121,1.0452075820322506,1.2148840301830344,-0.9247118804011716,0.3073093537363383,1.834431333140088,0.4153114772403338,1.4215032852330935,0.9987265700830984,-0.9101987062279108,-0.1899814234970781,0.0347544782918479,0.10413338802134,0.9163289534385712,0.4086847622754085,-2.936200943778115,-1.312840273092726,-2.187380914976043,0.1753652406553341,0.240487649467761,0.2832249586107184,-0.9589282677146164,0.6741440051199892,0.7162624964685291,-1.2551490672051575,-1.4660382014488722,-0.0001316862269378,1.791782273613359,1.6997427421986424,0.5634043604480524,-0.7299966715800764,0.8868426594885851,-0.4524242648090414,-0.7675070366738105,-2.143966831621994,0.1023821983476529,-0.6298673491373752,0.0964303795285044,-2.299357696237061,0.1698266725836872,36.6059255215751,0.49973762011211026,-0.1888966877844753,0.10164428768951007,-0.40996050385277344,-0.2942648717935566,-0.37940449898584194,-0.37670042990356545,-1.4891464178991283,-2.057966753396755,-0.6233506802902617,-0.33913027092789905,2.5511742525026477,-1.2174801872358345,-0.10868771658665245,-0.2564025555322961,0.2401144977218622,0.7872729880011845,-0.7249040318247932,-2.0129080438933564,-1.1652002870532356,-0.9869515117257659,-0.25804243022206463,0.33492902589548784,0.10801212243899834,2.9170327712086563,-0.39047499694389004,0.424359439923299,-0.08310530841660531,0.8658615583337871,-2.164885808912056,-2.7994488274364855,0.030439562394779483,0.6291798578745547,-0.07949794586859955,-0.22317224097286925,-0.32097516939919124,-1.0300758824810878,1.4872796272729016,-1.9363692749310826,0.7111257601086451,0.21656930617088582,0.5548823050956851,0.460028085116589,-1.4883254135185378,0.19816848318225402,0.31609675546062715,-1.7892719485488386,-1.4472793731982214,-0.6934365427720093,0.3199316921378321
-0.0646077177735489,0.1778167508827658,-0.7010151966770869,-1.182773327733748,-0.3388794525691018,-0.2760295247061837,0.0483267458210209,-0.4164384643470504,0.3697331447633324,0.7699227999190347,1.2282038263558728,-1.194565503439707,-0.1394728160521023,-0.3349142915775115,0.2308899226704679,0.9267044828267068,0.2662109063889429,-0.1285911983512137,0.6912550377652942,0.8430247694161512,0.2691997967043428,0.3875918273064956,0.6466355462956137,-1.6439267258492505,-0.3508052114564566,0.3762339312086636,-0.2916074837743749,-0.2881468896381896,0.3749015427999338,0.3976449740154305,0.4670593545708863,-0.7922234617203057,-1.417803360554182,0.8043867823525098,-0.7424155074884994,-0.8115253562722762,-0.9017515254120244,1.151030141335539,0.2120268120864632,0.3425233983845345,0.6895511832274687,-0.0423705304155466,1.0126884626657082,-1.196803155979558,-1.0856070057540064,-1.1407694656660383,0.4216684975703332,0.5064176961986897,-0.4725820367135033,-0.232438348788775,53.695100247683335,0.532595109370551,0.5530732764404795,-1.131026391491943,-0.7470780793016416,-0.5280369978529553,0.3320652491644065,-0.20631480361932888,0.09412426778927614,0.3562167098144623,0.3383840268111418,1.1667849932032077,0.6502223934069432,-0.008585201859605372,-0.37827654457740845,-1.3370751078878382,0.4069067258566319,0.9311159083909344,-0.8955458847173062,0.13281753341626526,-1.600625843183379,-1.1878284133709622,1.2744351442728192,1.588173928170954,-1.470470693704303,0.478846867832576,1.3309985491296976,0.43777146130347266,1.09667088749613,1.068687353658907,-1.6097727003353888,0.09136775910665185,-1.049949577930627,-1.6290932886306528,-1.0548634298235902,1.0291608274696276,-0.4351787726987831,1.2760988288178194,0.8731556045083784,-1.7433314020665682,-0.5791240421355486,0.11647407729198958,0.6466033975037647,0.4719104151741429,-0.12916976316448395,0.06368945260736163,1.5645751121996672,0.26089708605712036,-0.7279811584459457,2.414950633712375,0.5281967236673127
0.47310492054962,0.1494316914908434,-1.4837124191355169,-1.5740921579005205,1.409045718643846,1.1242814169498072,0.0176416825136519,0.1979124656570996,-0.0263361953520195,0.4888635999975472,0.9352217035249996,1.2645826906871505,-0.3134979282050372,0.523866605595339,0.8398292872803401,-0.1183334318201283,-0.719161695116565,0.143578187055146,-0.6057315315335446,-0.70422809385057,0.220133908153378,-0.1883163182227629,0.1755218947298227,-1.5512265683702238,-0.1755471292363551,-2.260264901806472,-1.0454701746364303,-0.0889335514647184,1.2131225647568318,0.5368508611669277,0.0902768682178255,-0.3767449718585439,-0.2505924612532481,1.3057791978795394,-1.1063485961704482,-0.7255382605615397,1.0667554098671448,-0.3439271467017459,1.9390859861068257,0.690699883972354,1.154957063340572,-1.625627520802594,1.0594266227829574,-0.849389683248919,0.7157645702414513,-0.3637013006630469,0.2228034185605328,-1.1062302816536052,-1.720580399233776,0.1505564304593002,64.6550821285699,-1.0877809352617618,-0.03368652690871602,-1.7628324838426952,1.1453891885473528,-0.5070756155235057,0.8811833430420066,0.6052237010182555,-0.719006667681404,-1.4122943199298554,-0.9026996642225333,-0.1013249162298958,-0.8814249061673531,-0.4778523960351749,-1.1647993973691224,1.2571027806551944,1.7114017557841346,-0.6039798866072239,-1.142595269487263,-0.5228525870362869,0.7810789812152732,0.6558681791462481,-0.9389931962291679,-1.3664863206353663,0.2169443275957465,0.018490058947156017,0.40884321181450367,-0.24404737288040645,1.259316579895051,0.32568452521082647,-0.4183194199414598,-0.9115585553391796,0.15807289709124248,1.3818480357930825,1.0250632960511181,0.05704168467895999,-0.434743063192325,0.45064293672396416,-0.22971559344511477,2.0866256153414393,-0.2189222734120121,0.7303645292521455,1.3190756280592197,0.2440657104931369,-0.27723669854677996,0.1349610569154279,0.6946441783379123,-0.07483576567329805,0.5678703623375408,-1.1498229653074727,1.6356849863616734
-0.9161919154812423,-0.237648224274252,-0.0671782900493552,-0.1673097430786902,0.6820520657126199,0.7542630332222858,-0.580053241370043,-1.5351840367710536,0.4996851103029338,0.032239514393939,0.0759552679160874,0.7426824183597224,0.4822489526806572,-1.2376624223272978,0.8691560643892732,0.8872908372667421,-0.7632861041785816,0.037937835447602,0.6833289928110694,-0.2093138195793615,1.0729780477660118,2.3638724946193608,-0.7859860326349823,-1.3810446031537749,0.3038185956048757,0.7215625051261435,-0.2308663738447689,1.4532606633210343,-1.3386057997232488,0.6929186230316111,-0.6058608207588934,1.7193779062072967,1.9925153531681183,-0.7666565877833479,-0.5495571359085801,0.8595878869798019,-0.3871306497895146,-0.0454112179322382,0.0253884205424101,-1.9196731561976563,-0.0138377460942372,-0.6897277740641738,-0.493122822399772,1.4436320034688142,-1.2565068942792563,0.8132051867479773,-0.2789629303318085,-0.2797601684958344,0.7903718960517113,0.3400512945688904,42.27754669089434,0.9294825073447697,-0.9503481831017347,-1.026640734735731,-0.5315569372430567,-1.6684515519110479,-0.38024155593020326,1.1154332973811345,-1.5630894981604142,0.09018263749689953,0.9469284683570564,-2.092533205749156,1.4041659401003963,-1.1227366253686797,0.14001448687561519,0.33693433014405205,2.473266082762811,-1.101483756976957,0.15303391737438812,-0.7329008084917776,0.020562470429827465,1.8563936983248859,0.9261745266851372,-1.3944165652589056,0.6547912616681332,1.3126881784496485,-0.49958264031183874,0.5022100457070079,0.05327871056486983,0.588163309412022,-0.2871298562298711,0.8105361148297376,-0.7615531754262111,0.47590083452498055,0.37428951013084594,2.165879741391191,-1.7159390725522328,-0.11813638993902573,-0.6645818159304667,1.450575700819326,-0.3104110382599766,-0.27903673405722407,-1.06118769724083,-0.08556184173385854,-0.1366106534676014,0.13131683316005388,0.9974631423862255,-0.9144619914712221,0.8091143329550596,-1.4921519573133117,-0.2910584302873996
1.2388810655106928,1.5697190523366205,-0.6275036684469221,-0.9904460187907096,0.3309840062665081,0.6606450775152936,-0.1199684702549338,-0.1229541566625901,2.243911747123873,2.9873135700467275,-1.1609228867073902,0.7169887620979339,-0.945150652478587,-0.3924035861498415,0.1245733535217136,-0.1433194487919845,-0.3634132462478266,1.5896894425843655,-0.1114643235485828,-0.8994262452356516,0.9769528126055133,-0.722537605719287,-0.1090669178996986,-0.904626696964748,0.2114335054264955,0.0397802726076503,-0.0290092528605269,0.150018168681644,0.8178014283266356,0.703094239714605,-1.0394072668662295,-0.674653263036824,0.9243726172789396,-0.7828302213233457,0.4918972846365723,0.8394825702488456,-1.6415802975082197,-0.4063387307001358,0.8150341341932158,-0.1469738710276413,-0.404175238425759,0.8311147809703037,1.1039057559685388,-0.6784097442499991,1.7671307805802037,-1.7842167327831222,-1.5071133461754922,-0.4543795467550911,-0.3345294329455821,-0.2887645474653259,39.42358911750075,-1.7628669288710401,-0.8705726162617562,0.24707737780630315,-0.8943499126754028,-1.3283149514650507,-1.9180996005037925,1.0527915569027135,1.3369204375647132,-0.5219067501050294,-1.3971523065481517,-1.5053020610083434,-0.9920435607771338,1.9757358680726422,0.292951833518835,-1.266896712926594,0.29026080540354937,-2.0346816726946724,-0.5129346017785028,-0.9134251263173027,-0.4634175711160962,-0.49499019890806567,-0.27675103077825325,-0.16171431618060486,0.5240414373702086,0.21809280646166604,-0.1873083616080402,-0.13149181198922538,-0.8887103506067264,0.5160550147755645,0.13694178346810365,0.9412627229597609,2.1974837210545815,3.3009718943015276,0.6499430178123937,-0.16100816619470118,0.30015374152697616,-0.09401224410092489,-1.6130781536758105,-0.43600197022494996,1.28679100245301,1.1764015364136864,2.138367241978551,-0.07964197820578524,-1.0734209422789178,0.624600518224056,-0.12679637412070588,-0.5517426457515363,-0.10906419583791718,0.2780294675789354,-1.224430902208791
-1.4153707420504142,-1.129833515244553,-0.3427145165267695,-0.5904125456629346,-0.1612857116660091,-0.5134705440589267,1.8861859012105304,1.3848826514808414,0.2575503907227643,0.3193649376252363,-1.9187712152990413,-0.0265138754492168,0.0602302099410264,2.463242112485286,-0.1923609647811225,0.3015473423336124,-0.0347117697052433,-1.168678037619532,1.1428228145150203,0.7519330326867741,0.7910319470430469,-0.9093874547947388,1.4027943109360992,-1.4018510627922809,0.5868570938002703,2.1904556258099785,-0.9905363251306885,-0.5662977296027719,0.0996513650876412,-0.5034756541161992,-1.5506634310661327,0.0685629748060273,-1.0623037137261049,0.4735924306351816,-0.9194242342338032,1.5499344050175394,-0.7832532923362371,-0.3220615162056756,0.8135172173696698,-1.2308643164339552,0.2274599346041294,1.307142754282428,-1.6074832345612275,0.1846338585323042,0.2598827942484235,0.7818228717773104,-1.236950710878082,-1.3204566130842763,0.5219415656168976,0.296984673233186,71.55094822657823,1.1441352026164182,-0.9842723752925036,0.08733105791540921,-0.6839595017990969,0.07747371873722987,-0.15010422158550477,0.22374831957430621,1.1825657270608714,0.5068774563905613,1.222065274196185,0.4186480208169058,-0.5536951531354725,-1.0837353699401662,-1.2015881881405177,0.43866796255825996,-2.153276072043633,-0.3626028336796952,0.48861309641645756,-0.017746692418393682,-1.0651560140953598,-0.879638932722936,-0.7498429227081852,0.06340351086049253,-0.937869603161639,0.7091371455113367,-0.22787312899556308,-0.8038034476563688,0.9027438555188002,0.8695084820001195,-0.5647023539979451,0.23172100021419154,1.2019666345182933,2.080692510430297,-0.5532421842024213,1.7634856074177445,0.6747335553087742,-0.038826288656095734,-0.4447625813337491,0.8105937992459662,0.014319507797229505,-0.8831310532587847,0.8952873269005954,0.23016620357939316,-1.1736040996661792,2.641030778662475,1.4735038550299198,0.10972728830430939,0.12269806874485811,-0.0759663790646399,0.31397575048414034
1.10938398076079,1.029244592494575,-0.8199810553645547,-0.7567192561713044,0.774353695020212,0.8431025617556773,0.0156956132758237,0.6405647547168455,1.370850755499421,1.969418410736363,0.3842374362713564,-0.9038502460436608,1.6833733430075333,-0.1661505602993661,0.0802849518681203,-0.406853072263226,1.1992489984137564,0.1995939230831895,0.7609345774136242,0.353958139978882,-0.2204093832160048,0.9294685612995915,0.3453161945753811,-0.9609790608472336,-0.9892113838093805,0.1488267290316341,0.9074579023876276,1.6394205485064035,-1.7772134575808027,0.025659849098721,0.4896476621749964,0.2956691349947631,1.0093271050337091,0.6555339764915022,-0.98550018358034,-1.014791688690731,0.3124548561517243,0.9905054244225252,0.1434175529526955,-1.5779330695682785,-1.0471714153162728,0.6915158558653307,-0.3486450909171324,0.117957303203288,1.0654180391517576,-1.2022090476199554,-0.4142426559019541,-0.5228728133739438,0.3554025365278667,0.7728881782719921,40.1756059237195,-1.3193478891374055,0.9709007319343095,0.7024065691510653,-0.5356133384254117,1.5135979746527783,1.3520284761807149,-0.28026910446356673,-0.10735479071401643,-0.1268807141021942,0.32087651118457716,-0.0668909415947264,-1.1488514099292881,0.006964223441937532,0.4531636040605758,1.7015660700528568,-0.9517444732917201,-0.7775331239548554,-1.7346403355315245,-0.798539514558761,0.8271023817633405,0.29885846375057945,-0.23110265066915348,-0.35494826674065827,1.8867215592575532,-0.21030449499204273,0.2819551981854992,-0.10425431531645454,-0.015365447646741267,-1.09246704047634,-0.8465079577702125,0.24304662965364918,0.06725995952489733,-0.010901131003714686,0.7448110491967598,-0.893030501908519,1.4983949574188502,-0.8289266290193714,-0.23683145896557267,0.2604186067710959,0.15637719199261638,1.4432835324486173,0.7142508458989006,0.8254141182487367,0.0941154134992307,1.229310691907974,0.07160766226722236,-1.4935237650839297,0.12036976627681863,0.6600409565708283,-1.2813330301857804
1.2409655987385322,1.300125706650667,1.538847290469344,1.5772106977224027,-0.5234524298344567,-0.3426167946200136,0.2638660209029452,-0.0969978258454513,0.2783856953208826,-0.0445683620940957,0.4550450942422218,1.8223928325513976,1.0865305578988218,0.5231600334021624,-1.0260680827411577,-0.1797325140101208,0.0716641397508513,0.696631501217747,0.6373330412721927,0.1695404102182861,0.1203499153771711,0.7204568950760697,-0.8585862256299859,1.6955158192498565,-2.0471668851634712,1.4554094821720291,-0.045185528425162,1.002579814271594,0.3638404342926127,0.3460344109108019,0.554254476026521,0.8090542890877785,-0.32883082658724,1.0347991305262365,-1.0844706235787835,-0.0053305733261247,0.8359699242722769,0.9950175796158892,0.460788848261401,-0.3933924379557356,0.8967077783687035,-0.6693662391187534,1.751409073748911,-0.0846708974996642,-1.5396256942059603,-1.194683468016552,0.0436436368795875,0.1398252713260531,1.9696566849510957,-1.0384993376142264,26.022446053334534,-0.22624521900867614,-0.6174466124590982,0.09674989495911643,0.8566171046256775,-0.6133608125182829,0.282187407430427,-1.8259842416276302,0.9994190326779112,-0.8259841780265164,-0.16456096962267408,1.454656478829222,0.2560798786660208,-0.8028080349487572,0.2331795237948585,-0.03631593341592001,1.811496881871767,1.1616088136571376,-1.1225480905044163,0.221567527608239,-1.5080143726328283,0.635253064848071,-0.04638048590207275,2.46075292870838,-1.5005945871087527,0.203510360414917,-1.4297306562360077,1.2878307886750573,-0.36567533472660846,1.2004943444400167,1.4332745706268781,0.16358911436627577,-0.4317485253908717,1.7855867024760725,-1.1169803085905285,-1.3898470660572526,0.8604009567555533,1.1891600128447566,-0.21472739379050806,1.2705053810343956,-1.1564402736314159,0.21265508171988973,1.916408812398578,1.9647410016492728,0.48441088120221254,-0.36229010397795286,-1.9553201958289914,-0.6034000328390805,-1.2333694817101266,-0.5540843202239443,-1.1215917527347823
-0.0755206293650964,-0.6205196290403829,-0.4841621175499265,-0.2170660690550834,-0.014777497707374,0.0761829237815435,1.6736167560014572,1.6884020728240527,-1.260278725251116,-1.758515094902652,0.4796091688780536,-0.1082424632377327,-1.5753224466414932,-0.5035925900243605,1.3115739222497815,0.2922559574348589,0.0472914185605873,-0.3887939351360513,-0.4599576409332266,0.5439605688784294,0.1420607059782852,0.7710161909072976,0.5466472788400626,0.0197201215912437,0.3842098008789957,-0.5925324800689643,-0.0481686310386946,1.340950422410291,0.0107100276790306,-0.2171905501989598,0.2104844293735874,-1.1655703352799165,0.2208482848047442,1.6960440161381198,-0.8086143542194674,0.267055150265936,-0.0234942409111325,-0.0490873947365117,-0.0671277493337917,0.7143088837706515,-1.0981213410206152,0.6886737565743918,0.0691344629167347,-1.762722639856609,0.379838247296991,0.1139198900600012,-0.8717537977581404,0.1605716087681194,-1.3162648201014429,-0.6847037561953645,66.36009407080599,1.0645686780266999,-1.9121031610848602,-0.10954929146920354,0.5150426732761878,-0.642757302948558,0.23641786235993267,-1.3141458544552165,1.90329268772716,-0.7602909475639799,0.7633341509338765,-0.7332686838041768,1.3686296220971284,0.29703947087987503,1.013445759883764,-0.002212669470562166,0.7186526282557465,-0.2875581101511349,0.05157908952637019,0.45918016733486333,0.9928774681886875,-0.364290095892411,-0.49774362542283473,-0.3102420581859267,0.1108964301634123,0.42663069004219983,-0.6697552997899471,0.5360092255913662,-1.4559149194658056,0.20934633589542911,1.1688854185670607,-0.7004041846681613,0.504050337735262,0.8473363253542434,-0.9735258086474549,-0.10142889318015628,0.8093600720105012,0.9631090120434588,-0.11258146453394723,-1.0712222864955514,0.7307945903136984,-0.07164041289092338,0.3178376319746965,0.528468304969544,-1.1848400604750189,1.2155068050230795,2.4583866628276656,-0.26338968781213823,-0.07333400222239998,-0.8685133873043879,-0.8221001888480155
-1.3774366498828958,-1.2140113815870248,0.7328898110299136,0.7565995343773935,0.6976144747158062,0.6033151094172939,1.1064063163911555,0.8236835872781634,-1.9549184895631235,-1.5073414650330217,-2.168859845702551,-1.4527209025324077,-0.8829465289985701,-1.0077094777701874,-0.5450508044162853,-1.0420678235311058,-1.4059526635856727,1.541835744840774,-0.6781445463918958,-2.2307676531473977,-0.3609183730092571,-1.1247310580275538,-0.8849676272928135,0.7103424813524852,-0.4481576187852178,-1.1525966012178852,0.4462535099572446,1.1499408306090857,0.5368721626398448,-2.4535555716504254,-1.114989502397014,0.047448530636205,-0.2442994052640153,-0.3272751539391965,-0.982756692840834,-1.4055840830774398,2.00778171781302,0.0271109531389118,0.6421217888674178,0.0062511735838089,0.0463486986379895,-0.0621033998092874,-1.1204458590744322,-1.5144894580342476,0.3862253737449868,0.1878424072711665,0.9382808984597072,0.7353608266420265,-0.8085121927496709,1.1325913089218718,75.57546708227385,0.11960566888706947,0.3968386658488053,-0.6040122749251271,0.715658244757891,1.7015210704207346,-1.0630179915769966,1.7666554892914357,0.7540759331580894,1.9324594974495528,0.511326644162355,-0.30950076200379456,-0.9990062325598563,-1.2743851344689174,1.2123681179019035,1.5680050310433193,0.426046487244996,-1.030405737227558,1.4696805972037168,-0.2945776404999956,0.450997370432614,2.025091083491953,1.1127725178150552,-0.5507252822722143,1.7365528527660827,0.8655587656739854,1.0353964498047432,0.768440731326766,2.103761476945794,0.14933383976980114,0.9862024308615258,-0.6148279504490115,0.7674759178141847,0.231107168513459,-0.17515645435956012,1.1393869305161624,0.29601205313814366,1.0303287322501544,-2.2936972502275563,-1.0429690333437662,0.42810739345163473,-1.4318006060395643,1.0336471776787366,0.37740758388993767,0.47371502653892616,-1.0537907973425453,0.04618260219027473,-0.2998011976493202,0.24189379463840782,1.6737197674826467,-1.2507407008750524
0.269783929399936,0.0883427293001136,-1.0259433396994282,-0.8036486094771838,-1.3348268175884932,-1.4971816268281526,1.6361051105963191,1.3964857049718735,-0.9231191842365296,-0.6345083057331715,-0.8343763117547379,-0.06251376817721,1.041107816524563,0.6530079383099038,2.484144080745336,1.1924774025075715,0.2040003810776914,0.6771499741332931,-0.2024431741833357,-1.1275042470864962,1.3057765782875206,1.008991476931648,-0.2410542145939642,0.2739357369313382,1.2409391873848064,0.8463514262060201,-1.4631012512496988,0.2436200214898242,-0.167631525488364,1.1130006991386807,1.0310427387826613,1.318607828178045,-1.1178943387202076,-0.7841115340562388,1.114082436135439,-0.5916458153424456,-1.5214329809143077,0.5325964876140653,-0.5472184402659728,1.7897907703084006,0.2961845539884635,0.1602592866416655,-0.369243891615757,1.5908353339269714,0.3585544598898209,-0.4084995181562064,-0.7940837066054469,-0.0734730545642178,-0.9776468371548056,1.028877441678944,46.34644533635037,0.8166985177135699,1.5145175625895815,0.8846067898626929,0.4213798110980826,-1.1082574618159868,-1.1656715902886647,-1.8360719875025393,0.4796797395099632,0.443523738462415,1.3303816856580606,-0.8845030730600199,-2.060443037409089,0.8403568239355511,0.09427929361427935,-0.9703839817512533,-0.16683791140476076,-1.1885354539611006,0.3785021489175206,-0.36246763975942536,-1.4577913880148494,0.901685122141679,-0.7420840949227768,0.12434358488113018,0.5916570839354447,-0.43172068208941927,-0.07256648695919042,0.001467371442110529,0.7383984490605373,0.5666249492410705,0.30889629326929696,1.3232269477749123,0.2545325897876385,-1.6593624592297702,-0.9347231808085009,-0.47697938932273776,-1.76255218604164,1.51319168432021,0.7790295379797135,1.3193687758229597,-0.8352383651250496,-1.1096989703470332,0.1697713998342717,1.215429813686056,0.9467695460069344,-0.5662575689260696,0.5297725016151714,-0.2710610081026204,-0.08840507423815364,-1.6116895845554704,1.1685650420088254
-2.006962065048974,-1.6435783181168393,1.1884192214689575,1.5152975913816893,-2.735028007904768,-2.5074892678795733,0.2966125305325777,0.1005229456309928,-0.8483991065406519,-0.7150675507484808,0.477997880502195,0.327202339948115,-0.1887495313065819,-1.2805830723459164,-0.0359648075392129,1.0651450299518093,-0.541950992200323,0.6010687827965541,-0.404631259066082,0.8012441405128483,-0.979946296796284,0.0136876214605476,0.4564737630050908,-0.6754505172609993,0.3626133847214181,-0.0295517307457912,-0.0441556520151234,-0.6777537864011561,0.9973425616253522,-0.9451293192626832,0.2797647406373927,-0.8492080173271038,-0.0661710479001518,0.642862761809485,-0.288851307641627,-3.076196124445828,-1.3446959787046069,-2.157997916827512,0.0679101087657878,-0.0050123190534575,-0.3506240909000111,-0.6264563882122365,0.2211318686403146,-1.4473191207238327,0.9560561464781342,0.0751200221064873,-0.9447953093776784,-0.418419474447134,-0.1313336723057194,-1.380787282726225,20.040323732022394,0.6186619597099322,0.7730831891775268,-0.9191801387207167,-0.5938401622466388,-1.661243162706422,0.01804164863409918,-0.7844906432421096,0.1989496964833095,-1.702128706538388,1.321061738353467,-0.5205941776804528,1.0909666745194195,2.0361561863588413,-1.0363648841320956,1.7275520426206816,-1.1890220592259844,1.9888200537837943,-0.5893905948504429,0.18549100031849017,0.12596141487863907,-0.3812707060316669,0.14007484795982725,0.9708869120133524,0.8362195690513551,-0.4588990877908779,-0.8499082527601255,-1.9377901561814954,0.8462485085725001,-1.2707687888295405,0.38850632385943296,0.7352414442896228,-1.0151475363744358,-1.4235351409702315,0.7096048881627881,-0.6165369271282555,0.2801411217288841,0.18977761392638479,0.8950868360643341,-1.4932429867505081,1.9229934548284913,0.35083947442464103,0.8408189056757108,0.3964597130409407,-2.3307727820257185,0.7068829212666524,-1.0686094623850018,1.3590541562478977,-1.9255620177702029,0.3605988992629755,0.04891109801747072
1.4578705679514758,1.3380382272502132,0.0017349358738732,0.5219067207527365,0.5053339438740322,0.8108849729294452,-0.0602985155343744,0.1183454686889062,0.2720268966288269,0.2660688265972171,2.587441228777457,-1.175859770587245,0.9800916201979564,1.183375805833059,0.4927839739235272,-0.6503153948730749,1.6646680302676264,-2.191982864740198,-0.6832666972178264,1.1716821972228113,-0.3701116034225179,1.5964645248001856,-1.5118047446784004,-1.112101893948008,-0.5316381701269749,0.4173992775365288,-0.2220201503800229,-0.490399252562421,1.420396431098524,1.5134449753891508,-0.4143797657075555,-1.7097678073296625,-2.15748382918738,0.2392901147803562,0.6559556222187976,0.0629977855785458,-0.0709081070807584,-0.8045426146940825,0.6549797939138383,1.67818537889891,-2.216877677335556,-0.0775011887877153,-0.9703483494136004,-1.4904659940538516,-1.129975870784416,0.3796728556844046,0.404962197591166,1.4602877611748,0.0087815471454612,-1.7582216298695783,57.105903475041316,1.286268613404601,-0.6033235652217123,-1.1103995172960208,0.6971028559082724,-0.8285154361374998,-1.4263789222814078,1.1446062820500897,0.6494973648592396,0.5507877351167638,0.35229044416628635,-1.8919039012536238,1.5538005010876805,-0.8395392371006698,-0.8306215805446449,0.972911070368237,1.677789754745502,-0.02208631499157738,-1.4895313533802972,-0.028849720134268272,2.6537248753663505,-1.5924829722782052,0.5374325913880298,-0.7254277431833954,-1.0531641491701353,-1.9274824275340938,-0.8086600416577134,-1.221428498419076,-0.8628092636081056,-1.5534421847494064,-0.8051978857221099,0.2060869845050001,-0.20958776620291633,0.004370251582966527,-0.47345625965469706,1.025014696114955,0.11237668162789474,-1.6557345104979544,0.3710312159860168,0.06980279583672772,0.33719442250856185,-0.7168080980752114,1.1616069404668121,-1.0603097838015614,1.575681897225293,0.6758664079374624,2.1971194491054633,0.9485542996542414,1.5356460350208718,0.6903029280919347,0.7067888371939568
-0.8313481403013134,-0.565261997794956,-0.3836659403140612,-0.0189452351014473,0.869104188207008,0.4975882126094004,-1.334509072112128,-1.62926479079093,-0.5664636491821228,-0.4772694430977557,-1.4148194574759854,-1.265959823800332,-0.058429753442797,-0.4579530002033566,-0.9591879620959132,-0.3918830296209511,0.7475349718454773,0.3566960972720557,1.001868807621903,-0.2283128647192489,1.602557190681644,0.348079883698492,-0.4889174233413906,0.0929518096903692,-1.2480759525898173,-0.3061851362477693,0.4299742302266078,0.6116695080985893,-0.4101622228311967,2.733890427522635,-0.1722077431552886,-1.6783940421431534,1.213267192008498,0.6071273038496771,0.2316888209552501,-0.4649208910917779,0.3933465160264414,1.6190162459976305,0.2016329373401459,-1.470033586810926,-3.4533540831877665,0.3845595606383855,-0.985913541260108,-0.0997127173958039,-0.8090776230133992,-0.880908984196598,-0.7652741332862671,-0.674875359916566,0.7762359884828354,0.5736437931365846,64.28648545817369,1.0622098509137117,-1.5868117155950892,0.567055517388103,1.182453826605304,-0.6627844787943661,0.7813622223625104,0.20971329919736692,-0.36391939348963653,-0.1946766623579972,-0.8717706880415772,-0.3856846640505317,-1.995080466414733,1.2169688626813207,1.762127663079091,-0.9242189639800154,-0.8232102514740889,-0.7815044632739434,-0.6478460484060938,1.3301593553547282,1.1894182844634764,1.3194217878148724,0.12972304868337323,-0.14698665016498094,0.34704645759687075,-0.387151055849824,0.7208436021306857,-0.28900555354386737,0.07974966748849803,-0.12103216230287615,0.14435828822543298,0.6000653263523612,0.07801307445558936,-0.4953646267899452,-1.0806594295742495,0.705099736904737,1.0298733405125822,0.6288712544525031,-1.1693454637658045,-0.044702815741785216,-0.6236103906056415,0.9950527466570456,1.0589280641174017,-0.7333306934278847,0.7022043139226125,0.6015360185136042,-0.7932539146805512,-0.6431357920283707,-1.0933726863471092,0.8217021225148194,0.5102643849253244
0.5796331732135757,0.5058550614906006,0.194384301577336,0.0176068619233962,0.3384838434616911,0.3877150017711417,0.1684609762696143,0.8262926735628762,-1.0065425652796411,-1.3197681920040305,1.3171150673398653,-0.1180685269910787,-2.1218548990085946,-0.6078219870944325,1.2969945465611092,-0.0228680622988821,-0.9993022322949108,-0.5047749212282174,0.840620026504553,0.5467335682013793,-0.2389320991696943,-0.3668244118146875,-0.3917581490438219,-0.9224101844985024,1.6153756894694418,-0.3223204692113399,1.2171585208254965,1.5213160519224511,0.9983108981479604,-0.4316203127180484,0.4037300903366094,-0.0241956063909161,-0.903701860730128,0.324359281721603,-1.1790397911598025,1.1876793884615635,-0.4646172972983931,0.2011596558728393,0.2832878715461421,-0.2589049737040773,0.5866938014752747,-0.4749036566225244,0.8712972974572442,-1.3459796802467483,0.1263795795464118,1.9389289990582848,-1.0003313246055747,-0.6777449705248515,0.513907849658915,0.1795817819395979,70.03012522806819,-0.4537443085364418,-0.13426810335751052,-1.333157310653655,0.5845032161193091,-1.7474530846950653,-0.8466462488663622,0.9280450710056922,-0.2766358691614466,0.004601087097138987,-0.5415090004462412,-0.05186886376990197,0.46005434144644425,-0.38187934439569,0.16548939312256028,-0.6682689998441153,0.7293118165382786,0.12404180777202146,-0.04248412254282049,0.3182655375602048,-0.8280271791876589,1.191931236215073,0.7722299334832914,0.9992846402345082,-0.036602662694947094,0.9530353650977579,-0.5178052653301162,-1.1350623455172877,-0.08149386595949229,1.5435389313807983,-0.9398672200214812,-0.06108352877975474,0.2902750174592024,0.22518922479702655,-1.2101819050972824,-0.7924151516998811,0.5674786341372773,0.5916247232846588,0.36698575655102667,0.7842615695024255,-0.002852270673149132,0.287435751696084,-1.5119852905682407,1.8289196752065244,0.9561290412932573,-0.590297885171597,-0.3852468100929874,-1.0371946977668485,0.07212825847578085,-0.30338126813725386,-0.20995053178224082
-0.1001540764799527,-0.1301930486874225,-0.877982586756561,-0.8521687116092663,-0.2264788919015267,-0.2801044375334505,0.9135846262332494,1.469445623849427,1.4926885689595215,1.8845830128682577,-0.0213672943484361,-0.7472116791478234,-2.4242402602729416,0.8840453963610497,0.7368438970924334,-0.2813275571182134,0.0669907172248719,0.5159392177040995,-1.562545856886543,-0.5290526773462948,0.7942646796218271,-1.2542894231692494,0.2935579321666293,-1.356581804623405,0.4664299824335263,-0.0356414822974835,-1.6151318159055097,1.1647393544571714,-0.7345915767980492,-0.810252437014381,0.2005691972309428,1.1486373494287152,-1.015821818978397,0.0616798498479716,0.4288165003305729,0.6931056072631441,0.1764415552772252,-0.3670278390833223,-0.8275902206487197,0.0861438830463747,-1.072139011985607,-2.921350483494608,0.4365598041576678,0.9039348410861952,-2.3629324355418384,-1.0097307047099375,0.6191542610051978,2.0574954697116987,0.0207937076754078,-0.7280029412291344,33.989293582098874,0.6329416337934651,-0.15922387809671018,2.4147909986586313,0.44965590662585037,-0.12804170627461128,-0.02465728073149379,0.5428283512706765,0.4508913752125149,0.819888153981797,-0.07164688581164837,-0.13633084246568394,0.22650535211528855,1.5057911210760857,1.7461537795510573,-0.5248128336822896,-1.3007017697541436,1.8968891561650707,-2.3576918940430893,1.0955860002743094,0.7167056822387093,-0.30275286996176626,-0.4335640327635492,1.054806433094623,-1.1300441691643648,0.46322445600013434,0.5109033790865827,-0.5243575625907722,0.7820946110195612,-1.1853826287004856,-1.0532733006201687,0.18494676932607876,0.3133631511417689,1.3723698309363015,0.6973933261952787,-0.8508863000277902,-0.1298726431173898,1.5538331422956793,0.02261002381455466,0.13987822377301146,-0.3685729093066381,-1.4250143355638836,-0.413817636054196,-0.7134334011115273,-1.0208817019915095,-0.5834437764610827,-1.5290945669123341,-0.41335029676045315,0.32179072243667456,-1.2482218897904178,0.9605038550767908
1.2530582102439145,1.220629682797751,1.1760109851977063,0.9787508719500614,0.4301429743153713,0.2398115838694779,0.4226286171925659,0.1788613516496652,0.1183302188982021,0.7882220397557795,0.1711871437456629,-1.1429425463832157,-1.184951941226075,1.6049345017539018,1.0694473881241895,-0.0041425849441544,0.1847686502490239,-0.2479160257430088,0.5698763759795229,-0.6760543665488049,0.9937402628679574,-0.2530868410141108,-0.4198469958312289,0.0217130184848427,-0.5911468299256105,0.3286823494964829,-0.5373625893133998,0.468523602818836,1.2160065389114765,-0.7193216868081737,-0.1305754572951713,0.4613307130354217,-0.4358573549814069,0.4643205608266651,0.5553988606517399,1.083261776294304,-0.6059900460849119,-0.9427752402304744,-0.3075773895637438,-0.9677523395471,0.5644982040474971,-1.1617513001764113,2.333016418252688,1.2959278615737506,0.0125757696003142,0.867394492997976,-1.6368018643107916,2.523373331399558,-0.5902146122004895,-0.1204974138993595,47.463281411767014,-1.5265518616977465,-0.969199610313766,0.07999338055914339,-0.7670545065706765,0.9484463498615354,-1.885766918754242,1.4695825373608864,-0.47386487015952894,1.183227173712846,1.0817216943950938,2.1495532637328094,-0.7874753048877547,2.188498986095991,0.4986048184872299,-1.83356421398709,-0.21534868482827643,-0.38968064229955557,-1.2133700702479149,0.610511002359014,-1.4159131295368785,0.3505754576125445,0.6226270398123211,0.21762810012285053,0.865071489474962,-0.9967519024057656,-0.6268343208914771,-0.5605545697142021,1.3597184561448057,0.17515444066647393,-1.6174897792415734,0.5945169111701049,0.7308322351949248,0.864958205837676,-2.544075518734061,0.8292921113418817,1.9581522269127134,1.0820841971530328,0.47448269625052647,-0.1320396864822392,1.543877161056002,0.7610866056087316,1.1718021704176789,0.5701473246469615,0.7871490498965369,0.13115144275044122,0.36457769602775814,1.2271601762567586,-0.4548215505531764,1.4995140293927778,-0.4825680087110775
1.7278265400897157,1.6116096963410296,0.1117720719316751,0.3486287255956993,0.1996502312031319,0.6289533796798685,-0.388239682756658,-0.4691840929390479,0.0581352080599562,-0.108566237201504,-0.2616151869356204,-0.9643033514641056,-0.4676190137568803,-0.4232526241790955,-0.6471500385866964,-0.6887230455620325,1.1217172758942275,1.4078195094895174,0.3919274963225484,-0.6473295417091344,-0.5840305094617007,-2.072911298283104,0.3796857113453086,-0.6827302191961108,1.4711003540105303,-1.3781139014546997,-0.5923524325484771,-0.0955616692704096,0.4652295530834853,1.802945662838716,-1.3704309011948088,-0.3019379858763364,-1.4281690807145078,0.7899515906438427,-0.6468941806403871,-0.1033037197241925,-0.1722635382470222,0.1162869383492958,-0.1562703453279468,-0.9716820360110636,0.0848999753812093,-0.7943871752460151,0.8145632020538126,0.0574135607200718,-1.0397427797520409,2.406875666284627,1.6588518719586076,2.4434726348339546,-0.3428953089427934,-0.8351860740602643,62.58025981750496,-0.057904907337784896,0.5510373022425374,0.3479061163248855,0.21181707897447793,-1.2859547737148262,-0.3938018684435067,0.2954272865648849,-0.3657996727935024,-0.858812727920689,-0.45638646133747546,1.8334845771769812,-1.394355666669233,-0.23370501170845875,0.7537356371784484,0.26047174907088094,0.9929571304529641,0.6870107094481968,-0.7375559646469723,-1.3184181401263892,-1.371314176106123,-0.1504698974825089,0.6522282001166947,2.4183912202545006,-0.8194867386506691,-1.9038624751242004,-1.1299648926666546,-0.530408740127566,-1.4342155973569695,-0.7166839079360776,0.40607158196005083,-2.0742808203295895,1.3417202887201152,-0.696286082911922,-1.0110388627342,-1.6318705831329816,0.8484564564700638,0.13398422394332238,1.551122589466414,-0.3805397280510515,0.933180772362211,-0.16241108601822737,0.49813622664012625,-0.98870611557405,0.9020762444317644,-0.25228972837061264,-0.28151537927043885,-2.127309541174646,0.2445087890551595,-0.4455442533670452,-0.16796274132646088
-2.19750100526203,-2.366020870595785,0.1902232218448937,0.388238651808887,0.8571583884232884,0.3658775980456606,-2.801911569487892,-3.3278324398790766,-1.4266492108103472,-1.0411044538324532,0.1279272023745792,0.6357265264405499,-0.4992476144946552,-1.873240111819152,-0.4503681912566681,0.406847635139783,1.015392328675223,-1.1718313004725252,1.0270604268730177,-0.6478722896465213,0.3624498815945265,-0.5098939528656328,0.1821706277121016,0.8918776345702746,-1.2270140772885358,-0.6799058967468314,0.1849625873420866,2.4015836610303523,-0.863189712166828,2.040133885996919,2.004423303675171,-0.0973111507015911,-0.2981525261999003,-0.6920651986646917,-0.0682025303326691,-1.406719432559558,-0.0762390173205976,1.4968802738508562,-0.6110850624767177,-0.2407243039890507,-1.7011404742672418,0.3740620881310435,0.2644816849513739,0.0637023597657709,-0.2168270502221433,-0.2927579187724547,0.5019002337006719,-0.0288166015886233,0.3149718715553322,0.2149828174545479,48.87495254266807,0.8184847346385397,1.8466265008304728,-0.808419824523387,-0.8202413294487015,0.08757821895358911,-1.185860547130203,0.6634477291515113,0.0001866646349733769,-0.02974165415538386,-0.37294052043013654,-0.7508994709610854,0.9917503454465558,-1.5202660808946518,0.9387236162381593,-0.8789470032478534,-0.24969417246679382,1.1864610373303244,-0.2574086071849611,-0.5582648758056487,-0.0673056699677156,0.5205988811089679,0.9681200772406187,1.9806510466956204,-0.7009246321685271,-0.14242073508756506,0.2444479584974529,1.4371698553041121,-1.0746775979831065,-0.8509784292529539,0.16367176222971988,0.906138918091378,1.0125637066960274,0.9249578945057592,1.4029047839621902,1.0795235160501695,0.33986463328470484,-0.1443119324167644,-0.17846899441444944,-0.9948060936097859,0.4540350958756309,-0.045759969161904605,-0.049429040207482726,1.2842937430602945,-0.6515465769762155,0.8881757470134929,-1.543594188442038,0.08358674262930688,-0.7752694619753632,1.5299979810812656,-0.7078411857552442
1.1280026262015077,1.1140295189795948,0.1930508029581148,0.2134736889084825,1.779661887087689,1.9946950752817727,-0.6084370413911421,-0.2648610086001007,-1.5110935484525234,-1.5245175780188989,-1.471211744279153,-0.2208344920370825,0.2444544496055498,1.0388397119820936,0.106544676434374,0.6349628736125502,-0.0281669084495529,-0.0321859509442826,0.0854772503482973,-0.1890579208523746,-1.6865702430814355,-0.7683234936966282,0.2447748411116984,-0.2491210034887189,-0.1558090821819066,-0.3233536694387154,-0.8635983927318178,-0.4930994609762938,-0.3068317443885947,0.0051431405418493,0.3933783444697123,-0.1805502908857391,-1.0296552556924194,-1.3980820399187832,2.5974372073752243,-1.129815030264563,-0.5186250012643829,0.5170003025139351,0.3608606095656809,0.5208656925615726,-0.4427170695321754,0.2385580706395472,0.0613436642408636,-0.3121313675412872,0.2454097417713399,1.0553655467507066,-0.0222002234353247,-0.0155471536435745,1.0681610348759842,0.9613603598188132,79.03755743268474,0.13384765424599987,0.22228271745828398,-0.31526484424154627,-0.02402785808060396,0.3959356756267731,-2.3219564173418106,-0.7242465320583404,1.150607550593069,-0.5461110027385696,1.8483506292674268,-2.043936694652596,0.17907053145719495,0.9480843874360897,-1.2231388144094233,0.2965513214313054,-0.3684498753660277,-1.8914238918499067,-0.05433647974870458,-0.048097423042657995,0.5516522685790743,-1.024949531131682,-1.8856579482609903,-1.4061161810597387,0.43257932208484806,0.923777852643977,-0.09738100591346759,-0.052978274929529716,0.6457378503779051,0.5007483659768419,-0.3028848778801811,0.8343402211571068,0.5903198457071825,-0.914047320840518,-0.3443633306768606,0.6918287913117352,0.45531378783033694,1.003636878369115,0.18152549674664747,-0.16609776301710188,1.7168459305521968,1.0445856045414657,0.5076500985507231,-0.46016996854292425,0.7798745284307934,-0.2773340202006641,-0.06757092778864765,-0.30805367307068693,2.1470984705430554,0.36807394657107784,1.4003058073742787
0.2504928503458765,0.7103421927737428,-0.6800247215784908,-0.1593904136428507,0.2930724732986812,0.4939591414549059,1.8657745111447568,2.2641320590747167,-1.1913034972026486,-1.3462062572359168,-0.9746816702273214,0.787084603742452,1.158595579007404,-0.8206823183517105,0.9633761292443218,0.4127809269364983,0.82206015999449,1.8967929826539476,-0.2453881160028705,-0.7537361643574896,-0.8895144296255233,-0.8158102849654383,-0.0771017094141042,0.3411519748166439,0.276690799330019,0.8271832490360238,0.013001891877907,1.4535340771573169,-0.2646568332379561,2.720169166589619,0.6256673477650062,-0.8571575564162826,-1.0708924980611123,0.4824724152431853,-0.2234627853258509,0.714000494092092,0.4732376245735448,-0.0728289126568727,-0.846793718068405,-1.5148472246858646,-0.4465149520670211,0.8563987943234723,0.2140937441302039,-1.245738778711988,0.173180925851182,0.3853173797288368,-0.883857436201133,0.1537251059455279,0.0582087184459998,-1.142970297830623,64.71351031893987,0.4466397315170858,0.16047620699884568,-0.42675711688235407,-1.640266639225316,-0.0833842752742931,0.5418420893363174,0.5863329755781368,-1.1326637535596475,0.5968621810742627,-0.10429851137772668,-0.0992003529315567,0.25442645742672076,0.22441720794411618,0.30695075011252615,-1.2909432503252167,0.010636268348681152,-0.6384124186695391,-0.610867778207135,0.8684443105959316,0.8113303189214178,-1.167519120076846,0.5090461386740671,-1.6919612196875748,-0.1432454456450152,-0.4788983318098163,0.685124338415306,0.9346701581005344,-0.5080293594424473,0.759375499389452,-0.4338065870878184,-0.7806882771074571,-1.2577039911128594,-1.1422402519844435,0.7164531930526367,-2.28091210820784,0.06118220714424601,-2.65494744061676,-0.8643615024257507,1.1650994130651908,-1.0382307304919214,-1.3942997730017028,-1.1036947701542872,0.08277953666162044,-0.13815962286397315,-0.30681279609034245,0.09479495967607107,1.198369010406861,-0.26050775328163955,-0.4839240117725786,-0.10713520827973697
0.291732725378309,0.2109994168663255,0.4891305566492876,0.6089136944737994,-0.0006084823222894,0.159967873160399,1.5161161803550431,1.1315158461635746,0.010021151740569,-0.5222726188015451,-0.3109714664860723,0.4025162097353214,0.6694383715424684,-0.1121264436113449,-1.9133403347228028,-0.9650455805761796,0.896499670200166,-2.7404264220349317,1.187427151682,0.5212299906445413,1.316176081530022,-0.1985691868809604,-2.061405424022905,0.430362641506498,1.2746531240383412,0.924721805513421,-0.6626914834880354,0.0867610754626467,-0.532836268779924,-0.8192664641893721,0.955388571179851,-1.197532311265162,-0.8938164305816126,-1.1040256334723857,-1.4902475232990466,0.1464142918426034,1.161503048481976,-0.1848767562452656,-1.5057478005641665,0.8399445397420275,1.6857017540349717,-0.6462423241465945,-0.4785542667177183,0.5156606300833942,1.6218737477850511,-0.5198341457252261,-1.332449780998205,0.6314186062724064,0.7990680731422993,0.0061314504352268,52.28612415554376,-0.21327237596579143,-0.9372280488338227,-0.5418349876686417,-1.6325584029920932,0.1856925897410594,1.6411595390915734,-0.3961260979892287,0.7591785027052609,-0.2323044937361695,-0.6347318902666053,0.3765101381706205,-0.6217693528332011,0.5017911677776411,-1.2369989013620626,0.9230132368944994,-1.3360028924349279,1.0610866281588633,0.5058731822029174,1.9278129974385718,0.8251837245533683,0.8108637327605234,0.9012697695616143,0.7957144478653583,0.16928802365601284,-1.4449225041457987,0.8841243210313999,0.16394494455802602,0.8148741178747696,-0.7875514689632215,-1.8301064887175909,1.244102516156723,1.1863432356827102,0.3816370677020346,0.4274993208920174,0.015568274812603318,0.016504455311128593,0.24139996626790924,0.9216763194775675,-0.28593314473347575,0.7758975489914652,-1.124634439627607,0.7864785189607976,-0.22824094771857162,-0.6175077949031385,-1.6258412685835972,-0.24747600804098666,0.9811478261603003,0.8990096064679136,0.3934430472833983,0.5980277403306284
0.4297696219049771,0.9713620388448464,0.4695024811898451,0.2557801411661489,-1.3596790876860898,-1.4224756877894793,-1.2956283394719723,-1.323800545013567,0.2878104969263698,-0.0860133659091677,-0.9598596051532644,-0.8561078403939216,-0.6092993945063785,1.3162552162551524,-0.0299434470577495,-1.447466417273949,2.310459274730372,-1.1401611393658972,-0.5908353099238673,1.310144387633882,0.4151496326090667,-0.4699229996242097,-1.2313669260938347,-0.9666901089250268,-0.906496119076466,0.0070317978495495,0.1910618172813036,-0.1486546286313424,-0.0392138139243293,-1.0507231951943208,0.2931361062238891,1.2805186368369963,-0.1627916817495685,-0.1822867064294734,0.0830010520528482,1.1182048597593914,-0.8947229994386405,1.4508473357321354,0.4212222394352376,0.0286806956988676,1.21323883666432,-1.1820620738764558,0.5220455362447083,0.4303095645066175,-0.9354550643937928,0.460638122953821,0.2833051793804862,-0.1787381196899341,0.8628175552303327,-0.5717542523576646,35.721694464944186,1.1290694375351427,1.397414703060372,0.6329617515098265,-0.1910476899470299,0.19732726259521088,1.1294735893439463,-0.45310586798071245,0.7917964128034704,0.02925147970187543,0.7766460283941474,-0.8604840733828353,-0.8019092044499575,-0.3398450418443653,-0.28491234787746483,0.7376259301305024,-1.5241469070460152,-0.6993034391025061,0.12470690303046499,-0.48414713088721034,0.49475011253520057,0.9376148435095977,-0.41145863079048745,1.3653656446411597,-0.20449965876983628,-0.5895071723046144,-0.3579668887533979,1.4157466076601128,-0.37305934438201005,1.3872502559667828,0.25639955924383856,-2.217314784660689,0.8188063521069772,-0.8145025922824178,-0.19087430235377886,-1.9788681601400961,-2.170219000302106,0.9456606628205836,0.7027366716094254,1.406260179174236,0.5472504430673867,0.3255795308747585,0.37145905395101597,0.5048666322952801,-0.1964474910457107,0.8753302341145854,-1.8208879754571394,-1.4681381266162603,-1.0926284944280082,1.1508019570579198,-0.5814616429655602
-0.4071314991210554,-0.5147874190861601,0.8927627434331373,0.8217201735956846,-2.47248930972636,-2.3787026035561194,1.646481892207587,2.032067357528912,0.950176422655568,1.3178774510900149,0.2215937093747822,0.8142308098753773,0.0126864973632419,-0.0521681516034036,-0.6615414275288143,0.1730224469342095,1.886856835109503,-0.9024949080578916,0.6168729245846997,0.3209550774491096,1.474827768995568,1.6628933102161827,-0.9242775035535636,-0.5742154519063031,-0.5195862624966334,-0.4841993876773266,-0.3984484867175416,0.3470645191703616,-0.8513869748441673,-0.7107914943041751,-0.790590310513387,0.4926244926995287,-0.0637683416713327,-0.2413014551771641,-0.8418796978364393,-1.604054071673748,1.631533727343083,-0.2887276878147827,2.710492444283034,0.7727913909009846,1.829252833017573,0.9934872795141108,0.1585161576869682,-0.5976575580599799,-0.9768399153964802,1.1196510169859355,0.2650340490406622,0.6165010407834722,0.8146235049487366,0.355974387725798,24.60055858113933,-0.08041577370899264,-0.07514416681001679,-0.4495760382252812,-0.5484396718269897,-0.812727956918432,0.6816906899038048,0.8947235146471376,0.785812009296809,-0.2702767610101646,-0.056134282959584794,-0.8109756339257229,-2.4549735412739464,-0.8844928186606991,0.6401696361230503,-0.7058790140602151,0.7142364826939283,0.4146253992672834,-0.3700632845051798,0.05525609828667641,-1.6139911270961003,-0.49079202562160607,-0.5478214242432214,-0.22475898485840615,1.4130608435040422,0.3261588639157633,0.348933827351114,1.0209796051476259,-1.2487746306749965,0.42250362649253753,-0.3155400628963584,0.3529530848137524,-0.25579127846400995,-0.6418457827653071,-1.6589105828832822,-1.2050891663637544,-0.9150837506108667,-0.12100720324288335,0.2165605471382922,0.7310042450668561,-0.23045290172181426,-1.6987693064583123,0.08524997629284713,0.17154505056332062,0.16827298131919224,0.32237737229452007,0.2907958072297566,1.1966525349394779,0.7212779118743922,0.08208825049054352,0.8470195771454558
-2.431121163971628,-2.4762162334796103,0.5218912341350844,0.443552929597472,0.5627198600820792,0.5005977072383414,0.0723755156148924,0.4419052778151283,-3.0942892490913896,-2.710645106888628,-0.0226441301363742,-0.1962936177457665,1.4571018262274051,-1.1239011249228843,-0.621159243445229,-1.9158690263084484,1.5102866512731454,-0.2462901426088,-0.438408888036707,-0.052482682310714,0.6362358284303241,0.3473634035161247,2.6478842135570875,0.4539358884037746,-0.465245429169081,-0.5613567375239471,-0.3927589524168091,-1.501836924629838,0.039864207491586,0.7834681062089172,-0.6133636006232359,-0.8073800562841116,1.5159451462942335,-1.426483156621165,-2.0678183764773013,-1.1529019436473826,-1.5404327171242964,0.3862260641045818,-0.3607045004495735,-0.2196870450238398,1.1529341769747732,-0.6913348611627764,0.7750894117456407,1.511322799203203,-0.4556624980136606,0.7370228555563136,-0.2418179125289801,0.924098128840789,-1.571489187576273,-1.6455122451253463,60.741183877218965,-0.46545018240405345,-0.5789632551941708,1.0175012290841814,0.10678719347417348,1.4985825720118682,-0.4141211679455457,0.9016233760593639,-0.8067463802094889,-0.10611951556933184,-1.3895991634335654,1.5825549693125323,-0.22802802978487915,1.1603481809669742,-1.0253338905324527,0.3596491578821158,-0.4222099256177997,-0.75848159912481,0.6437753809379322,0.7999112816883867,-0.06093163514728437,-0.7491210759610244,-0.7013776052224556,-0.5021957917238288,-0.9250306472386158,1.2424372865256907,-0.3888097854593733,-0.5915158696705674,-1.7593494887836287,-0.2416779645132707,0.8959972104136343,0.039933046556253286,0.029739030956155498,0.9939720640754781,-1.3258700887244808,-0.5029710109066279,-0.5409272285948689,-0.3821578620523226,-1.053130882905641,0.476579396547265,-0.22598734951128918,-0.607147676627312,-0.17891184212026082,0.9099641374112959,-0.3026030234289217,-2.286002531993625,-1.2676402966468037,-2.333763907254147,-0.7172063638014581,-0.7375824425574512,0.7728030900982756
-0.4418489272408238,-0.333571517492146,1.704592093297377,1.109997114066156,0.9760407193559466,1.0918737068076405,-0.6286543050745702,-0.4754601476758575,-1.0363092473737705,-1.0819151893726986,-0.0365899743429311,0.6596499980823705,1.0901834710204468,-0.7480960646216471,-1.9673250642259943,-0.0212447792762421,0.2935375299686405,0.2494176876850416,-0.326673247509044,0.1247520996639345,1.5154448083522476,0.3817341689625093,-0.3733684250030844,-0.5001978170959958,-0.1698523576777306,1.6367399618306395,-0.1833007095261973,-0.0197943445207079,-0.4823135709363029,1.0989833574419647,1.959837254744675,0.4506130494313883,0.0827729037854257,0.0367828331742347,-2.3843067887857456,0.7451508642848174,0.1341664159958435,0.4283420506607249,-0.7114621940837048,-0.3844568789770916,-0.411024936503173,1.0216229840730389,-0.3787598366030933,2.0826603221097977,0.4308624190150374,-1.2756826599957316,-0.1285462932519568,-0.6516751221564157,-2.1943824698200243,1.5994709401137894,60.20484792633612,0.8865174125690543,0.06368839365161598,2.6631823501198237,-0.13476857911511902,1.2477568340762155,0.8058902285478261,1.6884421557461313,-1.692681615510937,1.7046510059281352,1.0409140828073737,-0.25755157114530397,1.4388263794542226,0.31978999455603274,0.5593373245276719,0.0829205593095799,0.7064847605814564,-0.44555190351192697,0.5619406165101333,-0.057827508305891395,0.9686818916312215,1.1475664521446984,-1.0320056563323736,-0.8202905939056933,-0.4648087802060128,-0.25669502812438827,0.633646964071388,1.9616294732981792,0.48412792003922966,0.3475180359052687,0.14621135589758608,-0.3094710746994398,0.0655809713701782,0.6576336910076903,-1.342719664837795,-1.267788564261654,0.45063433992680635,0.2948435631526776,-0.6833033288473127,-0.16182322817597725,0.923178305622918,0.9784597999849344,0.23105805323198284,0.6552668888528668,-0.791786135965779,0.44501865990850775,0.889217016047867,0.6122769888067473,-1.393146084046777,-1.7875529941443247,-1.6254796836283474
1.0387562896145033,0.7794855847910835,0.2897671443565355,-0.1198398899166673,-0.0460088287126118,0.0502694929889984,0.2345700199365336,0.3144682109577427,1.0122459076529051,1.1348200166435642,-1.1550756209601392,-0.0375388013722418,-0.3297431588698678,0.7858464131561501,-1.074498389658808,1.0203818741776796,1.353612109546766,0.0003049642622898,0.0607361255813044,-0.7675465012301531,-0.5426608989740664,-0.4083366806456837,1.442940067837931,-0.0718707858107739,-1.3221729566400084,0.2553543421120036,0.826290124622276,-0.0254113693215949,1.4692134397269894,0.777508667265898,-1.0491287298878536,-0.5514328123964021,0.2262262814246088,-1.6661892380266072,0.3363567374706145,-1.7615824272546483,1.0234334555645097,0.9072736847917084,0.5047813609150709,-0.6758783643523114,0.1702028246135389,-0.5133774875146491,-1.0308152774500663,-0.3387430117714108,0.6982655364920956,0.0438141928317609,1.4507099241344232,0.7657805394802747,0.6586908139056186,-1.608926549445604,47.77572667599925,-1.40515992236446,0.471961333246609,-0.2955412401465491,0.030190787210155032,1.1899113972411677,1.223853198573728,1.623263185486201,0.5597004724114222,2.390766164767724,-0.7470393206992747,0.6622501856957386,-0.8902544200486536,-1.4435570341837254,-1.4983689854658357,1.4822994861529117,1.118183017150708,-0.5673638056071063,-1.4537985507462725,1.6440967778524607,0.44329092660742553,-0.715262519315179,0.6657600540078024,-1.168011923843705,0.48117155757922697,1.054892412551747,0.23341546110730832,-0.45452240701841656,0.5086505435474191,2.036347514656217,0.7057838852040312,0.01936732748731335,-0.43782232443032437,-0.37180568078333676,0.48205072830031004,2.2181609054442255,-1.651683488490996,1.3494466825380171,-1.8312586378117337,-0.6284090639621739,0.8498886462208913,-0.10872911346889559,-0.2742731402743024,0.28183150156650727,0.3929540631734413,-0.40117690543454726,-0.5554109870163402,0.7020504838600158,-1.065083382649938,-0.4242568728972785,0.004125093716180475
-0.524662407066803,-0.459647044735383,1.2960630617813962,1.127916517564946,-0.3655059369852658,0.2906177879424951,-1.3957892021924851,-1.0750273139513362,-0.7239903317426091,-0.3265794031494031,-0.4519493719118777,-0.7893385057196743,-0.0070449854805546,-0.2156095785680223,-0.3718578822786655,-0.7284616216803428,0.3195246707829554,1.653617268492285,0.1398872328391273,0.996118214911129,-1.3902219251534629,0.1577614392937694,-1.0973683189710666,-1.4769249275319014,-0.7393714074590363,1.1918993344135729,0.9500158286696456,0.2430047220543996,-1.5327005598899308,-0.1962806513879368,0.3017000089017355,0.1755362295785979,-1.8437935834807455,-0.8903178480198718,-0.0640777641487166,0.5362909095171899,-2.1961278210999464,-0.1621239754798584,0.1430487698789523,0.8496119885162131,0.6928575842374367,0.5825713188088052,-0.7999405067019342,-1.908002137123308,-0.3930527570614009,1.00163182520856,1.3934545275244314,0.7105491022977853,0.4293408228017343,0.3796396483859655,21.171270166771063,0.501033343517345,0.1392154086449031,0.1523155135766242,0.6086074423567405,1.0136757405438634,0.13682182967129333,0.9173151613587754,0.187538784413962,0.3770920937424761,0.043585598389575965,-0.9303056978544451,-1.5224146942667398,0.6868752232028936,1.1433198239615687,-1.0324789678948723,1.1986426089954636,0.636670153695832,-0.03202756915864482,-1.3477869752125091,0.18210603205732684,0.0554112559857662,2.2819029165141713,1.1363427959118493,-0.9879178336410189,0.9440421481490846,-0.6238365173627743,0.20000066583166098,0.9702157422712177,0.7535307511006826,-0.007240398594146747,0.5827305583275634,-1.7480345371360055,-1.6250989687178627,0.6695805734803052,0.8640580536141788,-0.521167367008148,0.45104363374589096,-0.6951026620765272,1.681588375924964,-1.422260182210169,-1.3744301068469618,-0.32388224088105777,0.6513867121868381,0.559778494786625,0.7759430787368385,0.9276188906152871,1.6851671320478099,-0.8479103127088908,0.807640580885491,0.11690053329630949
0.2436572237027144,0.0934434113661147,-0.98553960072093,-1.2906108701512378,0.1105353174739401,0.2478788096514572,0.4940639189755196,0.5160839587176465,-0.8568518651277993,-0.6985187613333412,-0.2563406783724922,-0.5380477584901385,0.7978437798957666,-1.8593367716600573,0.045491476330752,0.5583364232117055,1.8566474365619547,-0.4817659710934752,0.324458604352517,-1.803862792562365,-2.391956204313024,0.8447743757816999,-0.0055602936480705,1.1785126897984228,-1.3734028889697492,0.5199021395287525,1.8688178405438527,0.4197056083572659,0.2765815055910487,0.0085560808243498,-1.5708814571259122,1.355572935710348,-0.6108576398050658,0.5044832563830169,-1.5630343065712535,-1.1794596645077804,1.4350873992222355,-0.3473022889578429,1.4532754760425446,-0.0782306590585178,-1.8418977729578572,0.8920675997317206,-0.5898923177556078,0.6986888135170435,0.0252108675400821,-1.5431182279428703,0.164294765370569,2.196223142152799,0.4929864585144592,-0.0575177530054631,63.03077504173022,-1.0424848742271386,1.2061533956705917,0.3794820571655074,-0.4632689556608324,-1.574979469433024,-1.1843601723120227,-1.7204456102367125,1.0043766347631322,-0.09996977981690322,-0.06813911378735642,-0.05694045872479299,0.43566456645700186,0.4861685979665005,-0.6644371821053475,-0.15229797849414675,-1.621008284576339,0.20158011419959287,0.8902605314672007,0.6780199154669925,0.32922586691031347,-0.07141497837265344,-0.5560200221581361,-0.381294960804576,-1.032223382395876,-1.176665157385487,-0.7075778910185139,0.37702683303032763,0.32787360631045837,-0.6986969352588083,0.18167787215559464,-1.805568253985203,-1.1165426433475378,-0.7351623100669669,-0.8788145790381195,1.3674390431630605,-0.6493180051164164,-0.6770232850807263,0.7093673945834129,0.7935841176691436,1.8164205713614432,0.18909763054717318,1.7888664942840682,0.7003694696476837,0.14602111704443896,-0.10510987311309057,0.014082859801776095,0.22734486471158466,0.11145319721527233,-1.0103338502364385,-0.2997213946110118
0.1432866718820253,0.105200592141535,1.4754541310422942,1.9483558673919312,-0.3347733247048275,0.0916978288975686,-1.1595355504504887,-1.0747418510705862,-0.8641720791739649,-1.162761649982519,0.0271771676724639,-0.6213317235219793,-0.3705133565938696,-0.2308489679037105,0.809846061119427,-0.1484294010641856,0.8247017407860974,0.5858129835546556,0.571530696900742,1.3878459703459731,-1.1193908797459098,-0.4731831063071136,1.763298800299569,-0.2573165005892674,-2.8151236899058496,-0.2029683431478853,0.1349395301632497,-2.617113117431211,1.3339356398879485,-0.713712463865602,0.3285631151875155,-0.2259815453440622,-1.2883514192040415,-1.07050813463542,-0.935082836427547,1.085671909183638,-0.1475381881001518,-0.5218655165517466,-0.9346089125902312,1.1961502215261264,1.4642012725235871,1.1847438987066807,0.4924373391541666,0.2898300418707116,-1.2159378179759015,-0.2458191267110575,-0.6838602033464366,-1.8255121089847095,1.0570434191653657,-0.6958299463922752,23.86839604431313,1.2779268292381651,0.38397155254686227,1.8115048125935167,-0.219443811644863,0.9260623778119661,-0.49938429859137107,1.8276809829496963,-0.7005368280095384,-1.595636760889683,0.23010117346986314,-0.33633835363451275,0.6200799984463362,-0.3252989243235641,-1.0271174242187837,-0.6406836367077731,-0.697829288253898,0.09885944501101981,1.0574892793021782,0.6682132544361378,0.31251987977721984,-1.4669059453519193,-0.46654844620499125,0.3018007570109797,0.13774389400313738,1.2507081182691515,0.2686679251038352,0.4883647602144977,-3.7574353212591856,-0.018707495277022007,0.9311262776878393,1.0009645902889825,-0.9065072854978103,1.9420780101652007,-0.07877182941689992,-0.14028650834818324,0.1167548178384844,1.2169820392052504,0.39576180425807006,-0.13938039625977947,1.1427586984161453,-0.4048836100592911,-1.5865276436576432,-0.3974591697846353,-1.617554530930328,-0.8043743958018357,0.06539482043495345,-0.6644311950343323,2.875789884094662,0.6811620645961635,1.3847103342804297
-1.500221861446936,-1.083801757086743,1.3510728924131392,1.492181554347208,-0.0626395773272348,-0.3282342758457916,-0.2942425056364576,-0.238279997685394,-0.2003525777941638,0.2145030432495819,1.146030144142065,-0.7773714848459066,1.558789184496894,-1.5304614097433769,1.6296421311127989,-0.3726755839519746,-0.2426987478252817,-1.890010171182943,-0.4547947173776929,-1.0398065310268845,-0.6076463453734726,-0.1373109657888796,0.9577916144729056,0.2076033514006257,0.3076766534011138,-1.0955193888455623,-0.8807540896027302,1.798725018351312,-0.7352010347632466,1.6562082520572956,-0.2430611988808665,0.002287936143504,1.0703651602299298,1.2718924219386565,-0.1108125602790875,-0.3882430535215389,-0.0559204485222131,0.3379575282321183,0.8913036868697555,0.0042298589941515,0.6188862980231536,1.638359732270941,0.3813096122647846,0.3116528560047783,-1.5189108250900678,-2.6307301368290634,0.3883757292301683,-0.0948242312808722,-0.514782674914742,0.2435302041863446,44.54481746365781,-0.26102725324679543,-0.28394181088253484,-0.08264778503818894,1.4550212227631638,0.6556014275495079,1.7026964883479363,0.9179676706663622,0.7601183762563611,-0.7604181998113736,-2.1910740725646645,-0.675373238803288,-0.5859059606811758,1.619813234242322,-1.4353559159910807,0.04481819710016778,0.5375853070438055,2.5074952378588335,0.3709087906352869,1.1520386983137296,-1.964897282976844,0.19211426707866847,0.015396536877895222,-1.825805741892989,0.8673533789188775,0.2951127670771424,1.1621910526525827,0.7961798949762344,0.5034341078469109,0.13126887117150568,-0.19238926433841047,-0.41027351238081644,-1.9678301230925799,0.9665404149994133,0.008114698472211069,0.030467406804004168,0.4531231087104852,1.411646503919558,0.15968796121003587,1.6991150188707476,-0.281538610157381,-0.7022909050377665,-1.5659687963468298,-0.47370913813461124,-0.5845914456550211,1.7290472561926302,1.276297389532607,-1.0083631615496809,2.735675704938641,0.028199075720235417,-1.2172471224257115
-1.4178817179957883,-1.4031778059264053,0.0197325622211115,0.178997371160627,0.1994435497751971,0.3140689331555809,1.962494848548966,1.5271953949869936,-0.3881076333977684,-0.1082737496791465,1.6065193984485686,1.6748436605375778,1.5285260195788937,0.5473971632307985,0.3805017084383007,-0.4580414620116979,0.7694332366372857,-1.2813678297195024,-1.2847801316562395,-0.4198723754314472,1.8870010064396203,-0.5134553178162936,-0.3783787556545754,0.2877721680598329,0.8986130636850839,1.2520207392110776,-1.1203762251476512,-0.0966748479655394,0.2245135192293082,0.3247655320479002,0.8657935664459301,0.8200839891634789,0.0254945063652513,1.1523791787767437,0.9687850342092984,0.8883819242068287,-0.5288085287188541,0.7128977725220079,1.203567674780344,-0.5138497066975575,0.1315589630247508,1.5647461905645748,0.3964903571641531,-0.0878519214301092,1.4616036354284392,-0.4704991033158255,-1.6961256510155365,-0.7791677359134588,1.1360094005467354,0.5206936646669115,77.14128618245493,0.13498472081968857,0.40119221632689,-0.8290169196583627,0.003084126825026962,-1.5365236149437833,-0.07474416815016639,-0.7658600900863026,1.0544121122194114,-0.12673603578590625,-0.3350994787992345,1.1553004115216927,-0.34876446469964173,-0.6181731623472644,-0.5793538328376587,0.5332736027835934,0.553001671903652,1.7396974071200668,-0.23328856174639337,0.06205134882299451,1.1548911426353936,0.09440695340416014,-1.6019750123696794,1.0022710356756102,0.9978778157942548,-1.206683053744219,0.9012962112060259,-0.756784418747691,-1.4574574645085605,0.6653567876449542,0.471854888201497,1.0154528481746792,-1.113266268792409,1.4235909510202784,0.07819513169342533,1.5807270423985165,-0.6458124527580007,-0.8073294029214,1.4842990909183178,0.6290379839581703,-0.7912495297675677,3.556458074376815,0.7815181527137038,1.5520950076720532,-0.8440900609951246,1.5719679853876172,-0.8152656243595809,1.4602281797389625,-0.32185213791070033,0.7454953375768243,-0.4482826864121744
0.9676444577050072,1.1792305634091258,-0.0669460076331989,0.2258764341455886,-1.07224397066582,-0.7593410032963394,-0.0917842896280856,-0.1577225806593467,-0.8247034572684357,-0.915321976468485,-1.021627588920566,0.8637663853644267,1.032815996755306,1.6800615248022517,0.4340533769214515,-0.3392185933131189,-0.4689632230956871,0.4906480437403193,0.2008635545609138,-0.1742081463418786,-0.2620785768758069,1.1711904207724917,-0.4318473438170416,1.3466759268360422,0.182136194000205,-0.3678808165826193,-0.7852692453090915,-0.1545247299327496,0.5033656705515603,-0.3770129583939948,0.8503355529804406,-0.4269588364283679,-0.1247845823911323,-1.2866944024914968,0.5594768368043613,-0.2671756935695648,1.5788705073358906,0.7048100172682836,0.0844997737276459,1.2251760210269078,0.4051088494221069,1.008260120854771,-0.8623714996572766,0.4611888582411175,0.5027218606030097,-1.5447410652212306,1.5066254640896946,-1.160332257704715,-1.2989623645991026,-2.8486855308137558,37.798379648214684,0.4125703966441225,0.49963710112595733,-1.2663405056257042,-0.17921047462538878,-0.2149103551500782,-3.324755719911096,0.7289091555627822,-0.09530972104935061,-0.7150632206374263,1.1248370601157018,-1.388877009633014,0.26390311721875853,-0.16898649815484168,-1.9076118069567995,-0.651807378073709,2.2494375841962904,-1.9812436205537804,0.42131979423243615,0.8915212184058299,-0.11053290748678851,0.3601912781016061,-0.6955483344918731,0.5877782278896486,0.09173987598728203,1.760831339937733,-0.9430094039799051,0.7123352668133672,-1.8677179981596814,0.23954772086923148,-0.44352441480040034,0.6435176776499427,1.1411994149084022,0.25602474490187466,-0.7619866461208319,0.43373239402801883,-0.5739354126827827,2.7985659120309045,0.30452974933012356,-1.4204972858182259,1.1104459441892987,0.5748278843813402,-1.219735606326348,0.7062831431437482,1.7310983601060217,-0.1856795921842839,-1.0957739331099479,1.6971114804731318,0.959419586733026,-2.339231900406873,-0.8493378480651751
0.9412499577416722,0.5913452463882047,0.6935664220520091,0.840401131532497,0.4604133835825422,0.7827145332405306,0.3717249470373878,-0.0953285211515754,1.1509253420012089,1.1399296477998493,-0.7448148736908823,-0.5683146542282381,0.9027735466471264,-0.0852891281385196,-0.0047164105290924,-0.1977125552999175,1.01113050231339,0.4823299698227817,-1.1871335396243894,-0.9757710245787014,0.0045675533501165,-0.643041664088938,-2.160531287499193,-0.7450262281450791,-0.2785225584519033,-0.4000016323709009,0.7207622445458199,-2.234539612638957,-0.7723654783871149,0.7956627044751856,-0.6676616364607416,-1.2113909092353174,-0.6807000870344443,0.4462072759804356,-0.2534035634487155,-0.7249590586963148,0.4817800358066239,0.3748675757440969,-1.2634982091223164,0.0947859460412779,-1.2994851469692843,1.1700913320316522,1.231197181029195,-0.2876735017328282,1.064961615577209,-0.7562142586486702,-0.139883514286233,-0.584789295607235,-0.024687249227655,0.0662451143558826,43.142262994978516,-1.9296845963141573,-1.296375919263842,-0.05798394743223416,0.08251269932318937,0.2767934493252883,-1.4689234636701936,-1.0372657409627284,0.41692950326481654,-0.6099007628719224,1.2654455198916539,0.30005682551128954,-0.15554946862932667,0.7686480879681981,-0.5483991391083297,-0.36410622138921245,-0.9076135332330816,-0.44340967321854846,0.8077734312917835,-0.24913924623956143,0.707586457485561,0.15823086965328603,-0.05696568026326645,-1.344689200249953,-0.6721326584973266,-0.1255755879300833,-0.8378432960225561,0.581145557008673,-1.9881546189214958,1.8953239089521703,-0.13110690962450014,-0.4310701409423293,0.4859183394591162,-0.3510482574722215,1.6380555983709402,0.6122418014477762,-0.6802958350592943,-0.0006530739155414998,-0.5771548375561611,-0.42652244809009326,0.4964009969786951,-0.2834620453258333,-2.0035304194121597,0.40439952092816306,0.11789407276334242,0.3726386387632,0.5557017395395832,-0.44847523098891556,-1.2537770721815429,-1.4203351327654734,1.0299214770121665
0.1212437318203795,0.1666600543606579,-1.852342503109876,-1.8765529470706912,0.5304897985298728,0.731305241307628,-1.2336941643285493,-1.2382845529452922,0.33914168620787,0.4765549690725192,-0.5740647135680381,-1.8364888385704263,1.3772639038132335,-1.2998744073684525,0.5422593912485507,-0.0349606961533803,1.289593619624759,-0.7922540927747564,0.0612527103403872,-1.69842690923735,-1.9385268369397537,0.5963335838654739,-1.785025839069702,-0.2282175344345308,1.0112954479729197,0.7466848560946794,-0.6645854879485937,-1.5885031364081723,0.5094948616555286,1.3422567828601808,-0.6622380786656235,-0.8033128584071165,-0.5249019628689985,0.5716087108071156,1.2285176064149128,-1.2396068113805223,-1.498281809324653,2.339996321932448,-0.1773227878900386,0.2528927956903095,-0.691930840617639,0.489962309452716,0.9600608747015223,0.2997961715729297,1.7408580770144348,-0.3267445899410919,-0.2628824730353762,0.2314063512774156,0.464961645506097,0.2279472620626092,66.19180106434473,-0.6505848415568568,1.1494197282637149,-0.44838021905388226,-0.1613643730095305,1.6643170981246351,-0.42444870314248145,0.6186301201097418,0.38196645752409497,1.5753894740561654,-0.9912903816403211,-0.3551216554904988,1.0001293357539818,0.0767629503307216,1.0994870253330813,0.9660407980573626,1.1681684014540978,2.4264636746069916,0.11583194900956444,-0.8013912702625892,-2.305645505204216,2.1356874094133724,-0.8939283230009163,0.2590288214837144,0.2756631976342582,-1.9434431523109172,-0.6904777115664218,0.0004720347890848933,-2.080187972641872,-0.22668642870116962,1.593523998609482,-0.0793261963762133,-0.9709848652156902,0.9051925673718886,0.6778741863753364,-0.9111795851435988,-0.3901281909734498,0.9484257707181705,-0.699935209266492,0.7271073735155452,0.7164073912990427,0.8983055138568968,1.0142669879699076,-0.8016790366677842,-0.2802281820987568,-0.4592261105352324,-1.314048843156099,0.022189938606687668,-2.1040623376104812,-0.4625983328395942,-1.0286139207653675
-0.0525541619201934,-0.0063021365745296,-0.4901909062286882,-0.8159775446178577,1.2084399891360882,0.8776372939872958,-0.6760510882885871,-0.4523116130905957,0.1518475496415706,0.1644391747038139,-0.3521804481195873,-0.0705195527274191,-1.5648544249554606,0.7656431064826952,-0.4786921889391912,-2.783716223798099,-0.0238709683094527,-0.7415712588935076,1.6888221923026767,-0.5854450209199682,-1.097643363578611,0.5079326699620159,-0.6604473680075832,-0.7794562012522323,0.5095013828244059,-1.040467307889566,-1.457273658199453,1.725998002094337,0.5794987376006449,-0.2642092849943651,-0.003477209701936,0.505864358116156,0.9733374496134208,-0.7559752913150118,0.3661465259656823,-0.5067041762102386,-0.1889812445126243,0.1606928674649046,-0.0066785730526722,0.7355668983025718,0.4870865591155939,-1.5081692093721777,-1.357823207065442,-0.3697166847592928,1.8286252624418249,-0.8515918325016023,-0.2082227096127528,-0.5363460269565219,-0.55404438408808,0.1782397439050555,54.55982702175781,1.0435459092865536,-0.30090401936135913,2.0100092893000014,-0.7095722929532247,0.7247238578942587,1.0358252384175684,-1.3162700410740993,-0.8214695290296501,0.02879081373848167,0.9205982427118157,0.41482448203587435,2.4372425759242193,-1.3844231543584364,-0.18871159973983392,1.3573246619264427,0.37227461003854023,-0.574590030688042,0.22860414557842074,-0.9472030111595046,1.6609919041406227,1.1616782313232301,1.197441376549668,0.004743359527588349,0.5661383087123703,-0.7062663479041092,-0.5965629295846528,-0.18974350395406103,0.2789781019156488,-1.7299056974267928,0.6405066819570927,-0.02057942709086451,-0.6882235578279712,1.2818390285952945,0.07308376479083839,-0.9158118041755245,-0.051145631821634376,0.7274621945320923,-0.23171496691141202,1.5075674538069848,0.5708545641151014,-0.2909867411001344,1.2600693961701763,-1.7882474858842188,-0.5587182538539862,-1.706489127679997,-0.798778722698252,1.363305800938278,0.030585296202751112,1.8662730762681676,-1.8325822656977986
-1.1189242769760182,-1.083418056735259,-1.854609310898411,-1.0665461237200868,0.8076608876780496,1.4193756554580133,1.8220728655385423,1.9087085873827767,0.5305956648893245,1.0656209505457743,-0.3851053768444529,-0.7326361820476124,-1.0654417395505855,0.6638931260961353,0.8645158657686794,0.3989371941674486,-0.828067193225987,0.3307300350974625,-1.9126784014656564,1.32300926870804,-1.2981501756374367,-1.1204589824384634,0.1152922695701925,0.2041595602420456,-0.0727485984517845,-1.1101279409822966,1.1333479936032922,-1.6859492010692505,-1.4832689904484448,-0.1069827719544813,-1.2642339818443875,1.222625276275925,-1.1782146354129148,1.5570271522103123,1.0351221657715732,1.2350557355075835,1.8871059829532453,0.0812279240957655,-1.0129745958199576,-0.1030078757686417,-0.5666656054089627,-0.7091912725137224,0.1508534368068323,-0.3117042142077464,-0.7522096843169965,-0.2454023925872582,0.548978464203705,0.956417206592696,-1.6029239131909896,-0.3032010863285421,62.07076509570414,0.8677650241708884,-0.27532322350543004,1.7698624206769662,-0.9980298371797204,-0.8645657272783016,-0.2731223524069119,-0.8082184087866364,0.5310966022846075,0.11821199140193689,-0.761429754425584,-0.3415766322183575,-1.7091635551904558,0.18379937299342966,-1.1775186159066409,0.4935160352028785,-1.64023586666347,2.0877459858751446,-0.24980315433531908,-1.4414021873754232,-1.1564116437728786,0.03880900045480176,-1.2938173650678928,-0.45015491984272826,0.26186065929027363,-0.9524542417152264,-1.8166601035191046,-0.8081016455257083,-0.7311842409140402,0.21452856949725138,-0.5414589086036469,1.606260380726673,1.2291836259407989,-0.47974189529556244,-0.5188301809198854,0.2610399825869071,1.3151253352250993,-0.6980016553104355,-0.45019500330053314,2.3613010227878575,1.2145474420049598,-0.5181357692550287,-1.308035777360805,-0.292668612410809,-0.1248559071075058,1.3176976819723825,-1.5791616134224458,0.7690683973394554,0.546289716908982,-0.7542681612914635,0.4313851184005227
-0.8244659877907774,-0.5722518181730365,-1.0778491538051338,-0.7364130636293379,-0.757596176861602,-0.4587425769022702,2.16787268644344,2.0264422945059306,0.5914919405031096,0.6974117763517371,-0.0725859215928116,-0.0624078181210213,-1.05559626636206,1.2781551703357357,1.956992599070562,0.90740965194817,1.423386092648631,-2.737337056213081,2.3396963485809272,-0.1043431962760269,2.3559681409386264,1.7316504340428809,0.7724254110872284,-0.3430353050142959,0.1582391268790533,-1.9100245617938043,0.9307994107903056,-2.5550050652857745,-0.2986888738826629,1.543237403813956,0.7207248784516294,-1.5299147611414732,-1.34030549732504,-0.5974356421217754,0.0783757836036479,0.8765508245111505,0.6041381074941737,-1.0587542097034526,0.6187329374352074,0.7253370144771,0.488520169975367,2.47818464765586,0.7263189592632383,0.9678229659412162,1.875858357273764,0.8501171030494824,-0.551055678822625,1.242702871261137,-0.4013942098204272,-0.9826083441351696,68.49502274648708,0.28303220539521634,0.7513759870759458,-1.034372827923598,-0.7634313401500049,1.6953884584519632,1.0544316549732602,0.7099291292005268,1.6224983409010136,-0.6741905603382268,-0.37453225938728335,0.8671930619189393,1.2297551305579804,-0.4143897919652327,0.2262633165688082,-0.137963098743159,-0.5478152367265949,-0.42632681486826046,-1.3367852010836798,-0.4413587915148518,2.541341032030526,0.1302390838495389,0.9010053242021153,-2.9029273219015455,1.2341698587913752,-0.681739934114868,0.7900432041297202,0.4803511621244528,-1.519105291242564,-0.44112519919610754,0.42291916022725257,-1.1404457867700528,1.204467208253648,-0.7132048029780338,-0.8335684515025388,0.37296933720957415,-1.0124939702036138,-0.45152601692168154,0.9529814950227902,0.025567818794591177,0.8559364587000746,0.29944600405475946,-1.7953282230512257,-0.45265911659782876,0.7515334211533271,-0.7977414984564859,1.15182256221938,-0.18677880407860065,0.7832561840454081,-0.12678330663866985,-0.13917179601910046
0.1471208408455762,-0.0251486172895261,0.5703637439699442,0.2001257384873233,-1.1061561292365731,-1.4265115406465851,-0.3992074590507505,-0.1533992086147627,0.5520148698287258,-0.0547607435830727,0.1574037154897905,0.2362623336667617,0.998634763526669,-0.5168754599704078,-0.0612143278368545,0.1699642820361175,-0.5167859306360175,-0.5350477544986817,-0.5736425599565578,-0.1277230329920415,1.74708721858461,-0.0920754261124995,0.4875399932607903,0.031592885976245,-0.3075264351366598,-0.0241977020324064,0.7693456103101108,-0.0534674357387934,-0.1609345293287546,-0.2347733664448574,-0.9934801403012754,1.040090157189104,-0.4469360708663671,1.4694095296832657,0.2447059973895212,1.4058853891791487,-0.1999426902241244,-0.733177575925666,1.043227688893244,-0.5610142160877859,1.2855368186803255,0.5787137498365358,1.4644625122377632,-0.9764717984510988,0.9565108812872264,-0.7427471680502024,-2.396424950277559,0.8959166982326064,-0.0064019364961034,0.962414054170193,34.37716763737857,-1.3494635714255234,0.7471652242595813,-0.7107601035491785,0.8729191867707867,0.0437797627138891,-0.5261623535474892,1.0728867429928937,0.022203934542636587,1.177544724769586,-0.3219843664592515,-0.9397025982521517,0.10525970102333387,0.8569962449162634,0.1378957758749067,-0.2330969210371493,0.26252801232332496,-0.23399757054656292,-0.17436412025215542,0.31148837705706356,2.1192403872289507,1.7636192077507902,1.4685022718853997,-0.6603292617513736,-1.0141612652549674,-0.4451854121582469,-0.4558827353720192,-0.6604695199582961,0.023082555702404917,-1.5040309901488447,-1.2799812736257956,-0.43807285678130725,0.06988799586940828,-1.5212596396782603,0.3978950934659485,-0.9970911242653454,1.7508410716500276,0.06770781001595248,0.4214471827301903,0.6162438096985431,-0.5338772156735258,0.5086900801902082,-1.218776233189182,-0.3103254573286268,-1.8299038611633953,1.2735407305469741,-1.0026750756807397,-0.7596591181946618,1.0796981834765567,2.15073068849605,1.040349620673238
-1.2608839543350452,-0.9574208289839063,2.122156197012633,2.417659736280428,-1.5193699659540134,-2.01926319680152,1.2669111491866227,1.670375895437444,0.4438194281462284,0.251674823331289,-0.926930471578083,-0.0595253560618,-3.241267340069073,-1.0243876413342898,-0.2525681513931603,-1.2477831819648495,1.6324113039316352,-1.430141377960633,-0.4400444866969837,0.1307405772860913,1.4412732890661155,-1.4358621511794394,1.1631637521549596,0.010233061019587,-0.9815086510479508,0.4621034742632707,0.19905969557347,-0.6002168771587947,0.0698020849900189,-0.3853135968617602,0.113517345251248,0.6621306745210467,1.586016816145352,-1.237815498826849,2.133033374656266,-1.9520877995225017,-0.1517850950355833,0.5883172064845765,0.2809918677350326,-0.6226995198205938,-0.2081222503572752,-0.4930009346588328,-0.5893647569442115,0.8496020970210246,0.3570154859650473,-0.6929095952606542,0.8995998754332507,0.3072995208766093,0.8128621188389601,0.6296288419236122,30.736977352515545,0.5855034608585792,-0.7008316788660857,0.07377010788688614,-0.6299052547184123,-0.25584113690309174,-1.9642925222356131,0.32543685943381034,-1.4609249386516574,-0.21257862798856803,0.1088037097054082,1.157553191675312,1.3882009388541612,0.15121834399513978,1.9566099625857163,0.5481263287272902,-1.7043667082962657,0.8635713591358122,-0.677113945880534,-0.20813209608425529,-1.3249160194224634,0.8630877860052469,0.3817247448468266,0.30243114577612157,-0.6969760176435625,-0.2573892662849306,0.4620742558975168,0.23788077019964818,-1.1059332245799558,-0.7035239816671137,-0.22119221461923189,-1.5821880508751418,1.1747976933816309,-0.738425005943864,-0.4737720477692401,0.3584569662278545,-1.233817801774028,-1.870061098685374,-0.31967310745946675,-0.6115805703465956,-0.5924588757834237,0.9257446007025706,-0.6999094117674,0.8528564394017648,0.23016532200719958,0.6972281793958297,-0.6542793759632473,-0.841293741624213,-0.330445464599729,0.4286371027612596,0.8123433957204345
1.0440838688443583,1.2833431079937485,-0.6601587613821377,-0.4905616246773725,-0.2222611626984101,-0.5402985574002828,0.1429332830289056,-0.0024695126415642,-0.4345911478260124,-0.4868825198211496,-1.528938905350083,-1.0616269454591876,0.6747339831104918,-0.0728994591591555,0.9915126520227832,0.3579322781234572,-1.3337046590436523,0.062834419277586,0.5345478010892165,0.2340396585333203,-0.4682741736274495,-0.2739403201202016,-0.5600851557607555,-1.3251970816011804,-1.4627395648477357,0.3900209560943685,-0.8714583655289032,0.575598427452059,-0.5950674874515303,-1.3131485867149486,-0.4079436352245479,2.0943749724180534,-0.0956107791830307,0.6458666683322314,0.168803809924077,-1.4051980361664616,1.4489632460231698,-0.2478218098239347,-1.3105125647186946,-0.5122335084433345,-0.2062440949741984,0.7494795235012255,-0.6807631806102802,2.620345599983932,-0.9371689825086073,0.6119949622310287,-1.973972741411612,-0.1236986662592995,0.3672342793221149,-1.1195832538226196,49.776524541749716,0.7133995902054457,0.8029016181456861,1.3972264225587627,-0.15492460183627646,-0.3271181965888122,-0.4915611585980846,-0.28616863668797066,-0.6872265309140099,-0.5208636651508562,1.0013664562908624,-0.028802694674421554,0.7243545112656794,0.09450765304739081,0.790721018540406,0.22776700140487174,-2.0739060049716462,-0.09020717500783575,-0.6739213776630413,0.19796609997355485,0.8170366862591912,-1.2290028604944465,-0.13745055695597733,-0.5485649505571252,1.0953491943987237,-0.295002708517136,-0.31575800821709465,-0.10132902281809021,0.9810709238787138,-0.3583879681773203,-0.9534243008225031,0.12390824563606952,-0.7659040109460482,0.6689188763437223,0.13373192659534713,-1.2216696022432145,0.9546421221064131,0.8209775618249165,-0.28160380343382274,-0.8873987088908116,0.3559512148443263,1.4236655802423905,1.9139128463736548,1.5274092087643527,-0.504595558749045,0.28715950949617813,-1.2900524924491579,0.9533548629223614,0.07204143598613004,0.8596300943629369,-0.04248315886883168
-0.8837232981868416,-0.981269506592712,1.3420353309757287,1.1013974922510652,0.5036707734621725,0.7334816677074243,0.8305051886334915,0.9784749070650004,-0.7770102302049039,-1.5899728147535803,1.9286338008939643,0.508192939171904,0.4633157203850168,0.3662357531837386,-1.320793403619499,1.9381904707770388,0.4791875307869606,0.7231601126549526,-1.765521288915802,0.779643852361518,-0.3562124501276268,-1.3227829747262372,-0.9537636658717974,-1.2648942084533663,-1.2817841951146105,0.06054782036421,-0.386762788731651,0.3340693621613873,1.6759758710680044,-0.1295037136273374,-2.244889293958427,-0.2419582115478165,1.1933944363978717,-0.0859394724968298,1.529330653691702,0.4529415931378187,-1.838269734397389,0.1095822504383584,0.2970012942647289,1.0803558012736438,1.8196365716115683,0.9077255197086992,0.440479797387217,0.6761882715783463,-0.1680068064495674,-1.462877836807429,0.0414960862228602,0.3652903274589056,-1.203657625911923,1.3266216394999415,64.41764112364599,0.04701721312374508,-0.5604481514895242,0.057013136371051244,0.7007362851328974,-1.6235552380231333,0.34494500154628505,-2.1148662950169905,-1.7794294488516276,-1.5807508173094416,0.26458453602911114,-1.3285025290151236,0.061156459935711685,-1.0482511637190517,0.30559812717284496,-1.648975837891303,-1.7612425786366435,0.49462463957428626,1.4338344891601564,1.2348790173863373,-1.0172118579001592,0.9489482228070966,0.2462818129724983,-0.2216950367589593,-1.4730198305152638,-0.09748522597705872,-0.022965900314450522,-1.3341607557492254,1.4502193738337088,1.1398042162504856,0.45190619763333684,-0.6235090134903337,0.22735992012082787,-0.5962608845449534,-1.8993111708452337,0.013830199723696996,-0.4757959447086059,-1.8957461434125769,0.7032417288224121,-1.6858236362126073,2.289746384473335,1.1875055205126552,-0.42974708628784625,1.1094661819546467,0.4306701193507018,-0.0409166103546503,-0.38542130616181514,-0.36700279873585523,0.8212387696803878,-0.642324717499428,-1.4431782691335713
-2.624817056374112,-2.472459248834073,0.53102609489421,0.363876567138841,1.1815677164191465,1.348246202246976,0.8707466445884032,1.1789429329500236,0.1306900244643823,0.0455635513717258,-0.4757954440049011,-0.8261119917145421,-0.6870140996994973,-1.3505559643429832,-0.0758714506850233,-1.6846675772263868,0.1909165241437107,-0.0363306080423417,0.1469352983866877,-0.5221315700199924,3.0768603701805035,1.360115900180313,-1.2445425000847228,0.2328680874268982,-0.6080061429373236,-1.014479726707414,-1.340072071123935,0.4322166907592539,-0.6813802350695739,0.967826024025204,0.993782214530439,1.3739143852114497,-0.8523867660741036,0.4753656106920102,0.6324542166423008,-0.4741781751039648,-0.7717719573928751,1.6095206657759729,0.2274958757320537,0.635967750711738,-0.8220760118279274,-1.2192844665221938,-0.5694497744921104,-0.124021387389997,-1.0642200068173489,-0.009844808650383,-1.6885051880685,-1.1200474224698722,0.6709112482768751,0.6037905202778941,51.84997731199358,1.2231709505914572,1.8195730466986555,-0.6472406379880465,-0.2783911708109784,-0.10976950381614235,0.2619503493413132,-0.20902109965135976,1.2902611290460646,-0.06110191375136612,-0.12613176032384468,0.6802154559028234,0.7600229424410339,-0.2300253079140055,0.9050665483595475,0.5723852323079027,0.259133655084339,1.5749486993076387,0.9515573777304999,-0.5174865483256956,-0.6394060358745213,1.2428010820599429,-0.4405635339398941,1.4967567859904742,-0.5393857270815005,0.5873933864175546,-0.6851858784105075,-0.9334385138729933,-0.21760223577931304,-1.4832483178978748,-0.18893157166819427,-0.5021715068525778,-1.4743508560246943,0.931730050970849,-0.5297938203086952,-1.4374872955071711,-0.9109581754432782,0.014667372685599258,1.0109421080529812,0.38999838747385573,-0.1497862171201022,0.8565701137640472,0.831857703613595,-0.605716916648595,0.7991014640218883,0.701441383817183,-0.1429443645388315,-0.40661894506453433,1.1934684285472081,1.1789867406346337,-1.1981023187944242
0.1570986506438301,0.0991718726919182,-0.5439100535132576,-0.6095737874329569,-1.862863586451236,-1.491243123276067,-0.4849555448776149,-0.2681482052126771,1.494731007269304,1.8456847822792328,-0.5883400573076859,0.9079797578051338,0.6460453434287315,-1.1081746964847463,0.6824892092606365,0.2897844786582218,2.333035562111468,0.4039404160683044,-0.1412418210685317,-0.8565019571194227,-0.7442433669555713,-0.8257690954681581,1.371098813911922,0.0179699150164706,0.56524712397473,1.514247599980887,-2.358464142207465,1.278873764700375,0.0553969117833341,0.4350483716404443,-0.8284032217482512,-0.7551243984485184,0.4888458898129879,2.3845978003314694,1.0033133128149014,1.2655229214185404,-0.1920012702614198,-0.6002042245856282,-0.7808049515789934,-0.488273724696688,-2.0527824331705253,-0.7249193428916019,-0.5603531560598431,-0.175358174394841,0.1317501097472917,0.3624508686256106,-0.01492537244296,-0.581443086342757,-1.9633586432655208,-0.5753086084017933,22.77389271688891,-0.683431790130123,-0.8281939812657637,-0.05888180990272468,0.6333613148436524,0.49748525730565785,-1.2551077492566356,0.5334850768245277,0.7641052963280948,-0.5520580017774016,0.9673112330382155,-0.19884974351765108,-0.3941557711847975,0.9701010940126534,-0.13438106818006249,-0.8605697894225621,-0.48466725873343997,0.758800933975769,-1.6934990908350727,2.3402964980453067,-0.6168326009771676,1.6177170757757846,-2.0360681984757933,-0.07750801114628608,-0.7315402947263614,-0.7464363592272815,-0.028257753298239353,0.40477585777353403,1.377274386508468,0.3497852675752838,0.28347847557650846,1.4846904025987575,-0.3643201628489621,1.967174962803145,-0.1090878971166739,1.3279905881839518,1.3168798384684821,-0.6717136568774156,-1.843401651810293,1.264508281227147,0.3631220161854476,0.9592674586726858,0.7217672558611554,0.5381739465275096,-0.6955201502034049,-0.930408983940217,0.8259770564370071,0.6119036661702267,-0.9071336497623553,1.3313949355150587,-1.7731909121797624
-0.816023071946203,-1.1399452640414216,-0.2213982581850948,-0.2240672886944059,1.601118685639269,1.3570670798411033,-2.021993522748063,-2.0654903848143213,0.8586634390775747,0.9926818320462788,-0.6581134930916945,-0.2440955621585414,-0.7482746547776955,-0.4202640311588286,-1.209965028667176,-0.1147888216345503,-1.5028017113050698,-0.2001345542281376,-1.2485816890997643,0.2068163617914038,-0.6794195609428907,0.2905803478745374,1.081580728364782,1.589446936104708,-2.5280045890204903,-0.8341940938737827,-0.3030860771120139,0.460327818381483,-1.6503545041545291,-0.9820924068002156,0.1303572026571099,0.0848882415266671,0.377618406420093,0.4436757268881162,0.3385944331158625,0.1936553166314926,0.0557397733263678,0.6647630897243626,-2.239322666564225,1.5443334869712346,-2.204482050880324,-1.079161816904492,-0.2267607966501447,0.6726128910898425,-2.9952668907996163,-0.0281243239418344,0.7923950394157345,0.994518116028477,-0.6973296584974588,-0.3008352869550322,58.15691494295104,-0.5098575774999748,0.23947746170589657,-0.6284848638960467,-1.540793042430867,-0.38538332752521576,-0.3511962018037653,-0.31676510593564716,-0.5013692716678184,1.6845797460168992,-0.8026613902337145,-1.7078379261395442,-0.7743014221048548,-0.776536344541371,-0.07541318090619945,-1.4169364084756522,-0.6199556973136181,0.1415321321496996,-1.0848787762763399,0.7552429989905723,0.4479306733793902,-0.40149168160748844,-0.9792523330043671,-2.0967994808279724,-1.5642049013469685,1.1810005310039455,-0.8712458118145106,-0.524318113969408,1.3755907606524072,2.2204806215211894,0.7741795185432268,-0.8233695226135396,0.02807653449454904,0.024820554624800366,0.9678122108045354,-0.3112221186347788,0.0817527464644891,0.578809109784556,-0.1712125037821117,0.775881094081244,0.8945948669615069,1.184700008269008,1.3224211821038407,-0.4873205361087919,-1.3692020000844913,1.3344168995455894,-1.3219563219303276,0.080601799015813,0.21067741079213015,0.5015982477225653,-0.13826149395053267
-0.3220740593245931,0.0151186794320842,-1.3128586084520446,-1.2325769621528129,1.7040842891250485,2.1246615383423,1.2309673207376572,0.2049955269915444,-0.7087996258703197,-0.519171355981326,-1.7760485451267083,0.3324973885616917,-2.059650060768275,-1.713307612549941,0.935565150841206,-0.6913327725360816,1.2448855777355154,-2.17436744544711,-0.0885082005203403,-1.2159424583578533,-0.3285213175002129,1.5483486153175423,1.7918022135289084,0.5129289152497527,-1.5946196134478658,-1.206684885774259,0.1600549621332777,-0.8059089045297965,0.6579725382621514,1.675925126683353,-0.9826698940239706,-0.8950615597585706,-1.1804351796552772,-0.2542589257842513,0.0522274798648864,0.021581482981892,0.8976852872972408,0.3929716130968187,-0.0587141516921147,0.0409154084845994,0.0855121164771132,-0.0578040227910452,-0.6771146653323321,-1.2030706388642265,0.1422771485596223,-0.4993002221025774,0.5251039194402141,0.0719826803978557,0.0149144495554089,0.9844737070657564,86.47401447399248,-2.4846115790858145,-0.7820176369076074,0.6024772094394821,-0.13251667954189647,0.4204524772475584,2.6846742380640736,-0.022577941094418186,-1.4180599219689365,1.8438986920019504,-0.07721744346794951,0.3324680837588702,0.8108631155983491,-0.03255022308771416,1.6589403034315653,-1.6683448881087257,-0.5856218351657279,1.6735268417175928,-0.3635620445525684,-0.1969257225752349,0.32463679042940263,-0.47445049546896756,-0.011179115477882038,-0.1848503606505301,-0.18714880464091355,-1.2251834985716743,-0.020839552771237623,-0.558420168487533,0.08460774371294438,-0.17486163567668153,-0.46021425907704966,-0.15952204806612233,-1.6850588974175522,-0.01626976090966454,-0.9223240562677364,-0.6935685095180287,0.04348692860380232,-2.2041733854125187,0.09149142640100641,0.0871360855498081,-0.4192103396856869,0.7098259885272638,-0.6259807525302213,-1.8411117324200659,-0.30440094011850105,0.14320770777299666,-0.6009219329203157,0.3894400177170319,0.6495528894502819,-0.08597694162442279,-0.6587027058043938
0.2468905225139839,0.5087952550780974,-0.7968951440214327,-1.0711314293237884,0.0526914711057409,0.4085926621205629,1.0749619272978252,0.7576808537994618,-0.8294174893138989,-0.7485861794087365,-0.3786084835482334,-0.898787219459433,-0.0361479817055139,0.0017438630774695,-0.4755859324639044,-0.454644180490256,-0.6937948210352283,-0.5124794965435998,1.4359153507054134,0.5178080418362866,0.5313502754447156,1.0119429079933284,0.9235225992019516,1.4247643919729034,0.5884181095165424,0.2051444407136414,-0.5907712978803037,-0.8241519917819511,0.8822572617297791,-0.1110549776045683,-1.359879751065819,-2.093032097606804,2.147627818781481,-0.9859362236708008,-0.6862387173194351,1.2280779229623224,-1.208574633330184,0.5314100023954796,1.8219768320487608,2.1138302877411737,-0.4474482845167523,-0.012036892825921,-0.3963838730215868,-0.0179502946861289,1.29827156690986,-1.399312474269876,0.6479567960252406,-0.1954976330892324,1.3685010800281914,1.315419901409031,64.93961099081487,0.9198275101476635,2.222695629135075,-0.7090337116647051,0.0788960965985086,-0.8643910709141808,-1.2332688262968767,-0.18561746791792078,-0.8332949582424903,-1.2352804947662746,0.9957812283775287,1.0065957152776999,-0.8443284487895042,-0.9364460516490096,-1.635579026816248,-0.21610437118331924,-1.4241224116579378,0.8766874758750992,-0.6406322301359623,-0.2196020942255738,-1.2015908216734499,-0.9418150214473305,-0.940686884970515,0.09939408956142959,0.7462938598884538,0.6151188558254251,1.457223075065956,-0.7639474022443523,1.7334534666048018,-0.2042404896651718,-0.4244843165341625,-0.4586002861898597,0.5931161204003247,0.5486115271211793,-1.4858332395471836,-1.1457382830520515,-0.27707588805595107,-1.662199495723507,0.5481383805825634,1.223610737986763,0.7974841151321669,-1.5854006369390417,-0.01019412784890688,-0.07645955083947616,1.2870681783811726,1.495024519636157,1.42273846755332,-0.3240334108451713,0.14755258590743503,0.5594272545655826,-0.18071941560587035
0.2651070945122431,0.5595295162011904,-0.3381867169824685,-0.3786357721557482,1.917259534504072,2.1287511927026075,0.5552941900136158,0.7451554243935253,0.7984613389778825,1.0682345094200478,-1.5055713410196836,-0.26216392012514,-0.3350378920183519,-1.1330751730921569,-1.486162274606616,0.4927193465670251,0.3245043223708129,-1.167396980067612,-0.7458785064361894,1.1612222731541637,-0.8776965135165605,0.1707989039338024,-0.189778299567981,0.5063634710620628,-0.8561076526564303,0.090083477540107,0.1687225773458772,0.2301808062292196,0.0790738579626132,0.3446093205941101,2.191770332050811,2.561297776771106,-0.6392161407867218,-2.318242980352499,0.5954953007219735,0.1862524599012663,1.0610418591835804,0.2848858997153172,0.0586039395257191,1.1289065958772229,1.268780588413842,-1.3865600587809983,-0.8166061871395836,-0.1055929592886782,0.0984376239245836,-0.2259832033522487,0.4342071778618859,0.9961047893171002,1.722709710720728,0.5789130237728995,51.29227085037465,0.31386196347013423,-1.237820944087116,-0.510436052426967,0.02313872309816787,-0.1409279142776198,0.6607233944637488,-0.3217062178214337,-0.6382769656971474,-1.1221532378809973,0.529306211790573,1.282135740360131,0.6423725916415679,-1.1838426410516691,0.9679455131409394,-1.0165243621826023,-0.4564031828401075,-0.733543163097348,0.3174182735037913,-1.0081299567768498,0.4399514034031104,0.3081274643361337,-0.4131228857693131,-0.8253546569619061,0.15632791552110267,1.6432713276859345,0.5206047181610041,-0.730011522864486,-0.621662005047517,0.7197765194776986,-0.03703718059913433,-0.3958303766699278,0.7602016326255314,-0.5744024706049964,0.4447222620741773,-1.24198535994816,-0.5814625592604257,-0.596758318019291,0.11299243431797523,2.950764746605784,0.013978623619684896,0.49764481186339266,-0.21919922077454188,1.2607253490553065,0.8356572511822711,-0.12231037606927596,1.0410598049433069,-0.3656113189940691,-0.6220434744420537,-1.6256858545986492,0.17356417550563577
-0.644914616976277,-0.3307104608935584,-0.2979786667920306,-0.0514238287221652,-1.9575962938105425,-1.646864090167866,0.1147348742649906,0.4116050147018388,-0.2555653103707719,-0.5295102694806457,-1.9396468151979664,-0.890196075956866,0.4225197440575192,1.4414489034089222,0.0540854127715139,-1.2135898903361118,-0.8799206025050699,-0.8487059240643177,-0.4059886015648107,1.12089542499487,1.1989094501567816,-0.1722558947748863,0.1830701101135974,-0.7975578928734657,-1.7099084443537065,1.7883383534627455,-2.3224870505935398,-1.8358403176645528,1.796405855159646,0.0166154046704467,-1.1259149070880428,0.6827036310893113,0.7730533060459779,-1.3326856451477445,-0.5328453764695744,0.8762458637057208,-0.8169057463704911,0.2821637386138324,1.424812186366273,-2.3924848315411182,-0.3412483193287621,0.261635998567489,-1.792049385943408,-0.5296113902524683,1.0444986441418134,-0.7043151487438896,-1.4843264358857589,1.130831823162261,0.4445016935304319,-0.0688562915046208,33.07006660771866,-1.681820325133229,0.5243627472529105,1.1619338134560961,-1.652918697838884,0.3165403266086319,-2.0966756985697956,0.07587738995981268,0.10940759902005842,-0.2763196351264478,-0.46630397744491264,-0.3783518825997664,0.030747583087498632,-0.08485904498935258,-0.11079147568777581,-2.3263615597391976,-1.8203980480718356,1.980075233444019,-1.2435850778072015,-0.025716964887102477,-0.20410912649344204,0.7328675824556993,0.47917915941149414,0.7347485957410083,0.7996037853020775,-0.17735654863990935,0.2910519010263632,1.6426665178563478,-1.955255159091572,0.5221815959136071,-0.8604962743954631,2.7717896094916394,1.0111190714443534,-0.6473206015015319,-0.0640564346457395,0.43641023868737466,-0.17684586429168253,0.5188439229401117,0.40719991580648,-0.8316922893199672,1.2498965025459858,1.3769771255488261,0.537995649068834,-0.33469496850826597,-0.3776228215973046,0.1425038986720126,-0.6778052757472707,-0.7344400000857142,0.003092701675185356,1.0886339009915547,1.8983007103623
-0.8523336784531098,-1.024974890513854,-0.0753522412595569,-0.2460710686195809,0.3881680334339422,0.3204502981827505,-0.4615131352549084,-0.6430739927195319,2.354711397744092,2.248807339696757,0.1451486961703552,-0.9448805011240154,0.0820868996274315,-0.7802171481376415,1.0468009034913464,0.1473188590313953,-0.9353972599822936,0.8405676977916716,0.1796660388715873,0.9528187772234548,-1.1476626279477486,0.3688244122486614,0.7733416946447087,-0.4233774902357365,-1.2590027269681512,-0.0416074953703939,1.2281152937809283,1.1259303306340565,-0.4284284347555767,-1.2830854363764426,-0.4311797203495725,-0.4684776507319124,0.4464467833047774,-0.1050015029041215,-0.753264211737142,1.104263067260668,0.1404258674448342,0.4354156527309408,-1.7249854341312671,-2.424264870697286,-1.437545781444408,-0.4805434256067757,0.5763560176138087,-2.342246870407298,1.5928520643719872,0.1705660267701262,1.3602949929499102,-0.8859700824741287,0.5038599341724908,0.0851959299707875,36.13560914132942,-1.7585989999941474,-0.7349104144777995,-0.7683649473140721,1.2031126464308044,0.18966087706342083,0.863791824569662,-0.27269458215246056,0.07575934319837979,-0.8160378953942717,-1.5129567666002675,0.14531805532573783,-2.329441651122576,0.17380116487733835,-0.291489421253352,-0.35845550683681077,1.1876411393589066,0.6423655920501782,0.9585319612986151,-2.161596133238537,-1.820552881661241,-0.5133291866775045,0.1450241724724937,-1.4622289725210473,1.191955967642973,0.19346537098823938,-1.3197408180339942,-1.1199391370046168,-1.5543780791236008,1.4175622239040202,-0.011212988182289848,-1.7349756969458754,2.334246897312939,-0.6175076902303165,-1.7220235808146194,1.003801889635533,-3.2268996247805846,0.22159801813674082,-0.2369591399441459,-2.4235828128312282,-0.9445876907683202,-0.802819172916993,1.2158839492580868,0.8332245281449644,-0.6348391242889239,0.26389251849658063,-0.049473135323638895,0.7089682397369979,0.5297299040236267,-0.8491217032005768,0.5808673594217597
0.0568240621493059,0.1171963445273975,0.6256228953496078,-0.0164972721010967,2.5872491354044875,2.451951179460268,-0.5317059539953605,-0.7033870288846893,-0.0879041618046917,-0.1096816553750668,1.0656152597083106,-1.168720911568326,0.2854869431991662,-1.529015024414789,0.4363575934111188,-0.1075042204580506,1.9366797622857632,-1.546002544219677,1.3706083814901049,-1.7038313351662184,-1.3272102744065042,-1.6770945584721653,0.2503526084510541,-1.1736988107537336,-1.348331505280538,0.2027676016233806,0.4517753858746905,0.0398493041503258,-0.1622191490215529,1.8289096324371783,0.1458362662419703,0.8056914739222492,0.1429221256899587,-1.0978762882546842,0.5498876819020168,-0.6557973114697923,-0.0909861380392362,0.305402681893426,-1.941418066886643,-1.6095021238917289,0.9094591724975633,-0.663746446598944,-0.6163219891088609,0.1664383973708202,-0.3856725971218693,0.4175883816427895,-0.051121788733044,0.1986029501804484,-0.7018583902422526,0.1935948232809277,72.95693264876198,-0.8726306273710107,-0.3541076414479869,-1.4461280325601622,-0.8546729449714168,-1.6054650897190463,-0.8923253901884467,1.4432895536319423,1.3414319753737025,0.21741657568671346,0.31085819079481136,0.05053634279291149,-0.5743824504629396,1.9938629392325948,-0.5528959336937127,-0.49057083488586584,1.6923297206772177,-0.21367676886986164,-0.044005544941825944,1.2557661752685587,-0.434032263769012,-0.141815297669161,1.0584747721189638,-0.1377410990575783,-0.3856317609455195,-0.9679723903754718,0.5672564020580001,1.4729032456651778,-0.6676846546932222,-0.1671111278986771,0.041562792633555036,0.6440685429949569,0.4167143492589161,-1.145577535434755,-1.6721595136444953,0.9037327842984106,-1.8536912317696805,1.050281993397764,-0.8058609552534246,0.342399349995849,2.3138872734260305,-0.392055160251482,2.178416208037873,-0.6656055779091222,-0.5593494798043172,0.5760034500128405,1.9680352393081826,0.08505322082348757,-0.760651829016339,-0.2785981935135685,0.07133711502838612
-0.0702203615176165,-0.7867076728598219,-0.1519673823160388,-0.5306101895419373,-0.8937460190837143,-0.5747431234934024,-0.1761335035509783,0.348083057712845,1.6713475754374765,1.056099160138526,0.505735432472799,-0.0867011361482087,1.25761905635936,0.4060561224280809,-0.2349242715209746,-0.8935150925192802,0.7978507013821389,-1.8734413039546167,0.6458904202758925,-1.0990447515548727,1.25228366195664,0.1612995426626951,0.6441237678501087,0.0819888138247193,-1.7523770951409967,-0.8607291633953384,0.6723893376113824,0.166655817359844,1.180989905305672,0.4032745630371717,-0.9667018907026598,-0.796064137720634,0.1029173905232372,-2.3140440660001054,1.6734418856229851,0.4417467363775572,1.2270345970488723,-1.580603940809169,1.2445651603552557,2.231498911027749,-1.3208783553773176,0.7714017949037666,0.0011099446872931,-1.5444338482482445,0.4928839718518698,0.8336032048373484,-0.6011265526688468,1.1659165202552229,-1.6667634067891977,-1.4947561464496442,30.826732542466708,0.7936579419803536,0.45353783374517587,0.09499375135630458,0.33503712526246754,-0.43900595087122857,0.40208825820294014,-2.206418848383733,-0.6927548576980426,-0.32662348908556743,-1.5786752019029893,1.4898026315713533,0.3348381950246217,-0.455460383846209,0.15367402056418814,-0.14990111465838005,-2.3260637133891717,-2.0208175845859473,-0.34051204471117696,-2.8166108000172683,1.6604268534933473,-2.053717795619064,0.29416753800160234,-1.4737589013433978,2.64684602298873,-0.5117817241250272,0.6644533843597537,-0.3307312207982786,0.534302049730166,0.7021929116496299,0.22894021516454757,2.4273733843796843,-0.06408287656884287,0.8997868507630178,-0.6468759020702652,1.3965915625222476,0.3923182190045338,0.10789969826743621,0.7841950999855668,1.0825103927622437,-0.31249134783963395,-0.06010294181646917,-0.3906286427666739,0.6884984655791221,-1.2976255371808256,1.8108732335944926,-1.1939822700424956,0.2931555559996933,-1.1972388392996314,1.3175548705658742,-1.5647967808746726
1.0497824723762552,1.1057298360643713,1.199403642875318,1.2890392363670564,0.8561531887423083,0.324151770621271,-1.9668450882008264,-1.29913064628962,2.5029023352294884,2.284680900371342,1.0961580628816563,-1.2977562868448156,0.1788547236329186,0.348407217928649,2.83641201110137,-0.3178587387691832,-0.7112680490912439,0.3509336093506467,-0.924762586969455,0.4095768893142112,-0.053488454604484,-0.7538176544183338,0.4943839338212423,0.108321369354089,0.7603204390432603,1.652453373839492,-0.5016430788381222,-0.411508043746819,-1.3456474195912242,0.5210302745974392,-0.6447515474604603,0.3455279831667515,1.1654732205666274,-0.6843984343738323,-0.4742828067009447,1.0145126657198835,0.7074228333522768,0.6014835793148635,-0.3913868658532523,-1.4360696307703082,-0.7118338784346363,-1.0094805148869843,0.5815463140538143,0.2845215366204252,-0.5986169248457645,-0.4278755281955201,0.4756496589088045,-0.319331133505843,-0.5811467085771074,1.978591128994171,6.664118984355252,-0.3003604880886286,1.224584437626143,-0.36047340420459595,0.007964282647330446,1.677462930312606,-1.2915256017682013,-0.5458425859710776,-1.5081878543539287,0.28053234055525844,-0.21250136469116512,-0.8104885823733168,-0.40600066390849227,-0.050169267633882464,-0.04352946650466633,-0.6288979540423771,-0.4691296593240883,-1.3775763800646668,-0.014319442715773,0.04175097336784854,-0.4002812712029349,1.50944905040265,0.35297074972286774,-0.29568771745753575,-0.34541542406383324,1.5676785372146536,0.2682657095322018,-0.6537544925778764,-1.1548228677262822,0.7181007888740206,0.4195504419139125,1.0790857713471862,-1.6020830094994443,-0.49657995373991737,-0.08374738765171298,1.7481804580692595,1.1827773704720832,-0.017741834514377944,0.8159059889844836,-1.5473356864655803,0.521465363701863,0.19010406145054135,0.14138067630132475,-0.24359950775306205,0.7847740305269084,-0.438068918780994,-1.9212610077501346,-1.0197365473416686,2.0595428218659446,1.0975622504266707,0.026211546301595424
0.5107355496072734,0.7032668750670609,-0.758463922930865,-0.5136786376543822,-0.1385010219399534,0.2706015109920237,-0.0050408702235287,0.4928913147427568,-1.5256149300452442,-1.7095265160355373,-0.7804046059286275,0.1175176191580966,-0.3542186159166406,0.8381772195994377,-0.1572363920285521,-0.0589263545230516,0.4857471474554596,2.1069401822631857,0.8884469303585544,-0.0886061063486094,0.0031979906152883,-0.5248594603244346,-0.9499957035196952,-0.552750787066322,-0.7721489637119425,0.6533683837958855,-1.071194857868986,1.3332105613800442,0.7520463836188297,0.0205017293676684,0.0003186114650683,-0.5572813096145535,0.270084411347764,1.088092463208589,-0.7031564622558137,-1.5333920889187305,0.7032182548567439,0.3243659742438005,-1.1201988014411794,-0.733391370914118,-0.8591042740501407,-0.7245322690342489,-0.3236827540411877,-0.2665473042807473,-0.6507936550684602,-0.7581638194999282,-0.2287843439193815,0.1676915348595612,-0.3162965363648446,1.1586670233413017,60.72873553630485,-0.8047869166603249,1.6233965622990456,0.5114155009299537,1.0037095238106777,-0.4924460743305178,0.2908528001767071,-0.8702562235172253,-1.156978475142292,1.0160935216469669,1.1789483992366676,-0.46465945220454163,-2.5467321117621853,-1.2500735179709248,-0.4147023867269672,1.8293296635272782,-0.40401143063479783,1.7001349103999372,-0.4175080735150316,-1.1439890013233718,-1.835536811025906,-1.564976371500097,-0.7122892858062796,0.7081298604952805,-0.21253102584369113,0.7484822943836419,0.21428249173813113,0.3838235638312693,-0.6758008534284953,-0.33555589315130274,-1.603116255930204,0.04694216544975854,0.39195243160084786,1.111386925431259,1.3892851290935988,0.9579268653362378,1.363556544275729,-1.0715789405176976,0.6518337321690524,0.8327488885850196,0.004881240618592314,-0.5551012746191685,0.8667179952095518,1.523368553129795,0.9674163511946909,-0.12790190849850178,-0.5360943424181992,0.6957074159398469,0.1875297603029304,-1.6211277178462484,0.8818414917946646
-0.4545664225417623,-0.6589147876317345,0.3328071252507463,-0.1914967151579252,1.392864689751377,0.7787906510190209,-1.262850240148433,-1.1457899011409314,0.1455258782069742,0.1468003237489486,-1.0848245709655016,-0.9171974456425503,0.2404056119161191,-0.9453500733072364,0.1592719721670077,-0.245949784545605,0.141657903121282,-0.953300470434434,0.1574692423345365,-0.8809525834765903,0.1606956086569182,1.339396122439157,0.2609838500160705,0.3218703823830571,0.817206517497548,-1.4035583444732629,1.7189215737230124,-1.05558999261237,0.879660997368937,0.7469099872563228,-0.9021663615047604,1.0088861367667623,0.4978127664133091,1.8899786444022573,0.1933787513412931,-0.1085433315225974,-0.5147625279182043,-1.7433552713511733,-0.3182275647511596,-0.2758983942588769,0.2620581825574347,-1.4231031108824657,-0.239012211186879,0.5762513920221156,0.6755096754925167,-1.8598151761373272,0.7064066086532242,-0.2465739131214918,-0.185010877498554,-2.364515369855838,45.498620030074676,-1.006115893083496,-1.5369479600263205,0.31747193473109014,2.1874888293742063,0.015807544111839433,-0.9086502957414381,0.21911060003441002,-0.02302485444650096,-1.0642215103355075,0.5967586463018494,-0.8347203094498064,1.3207501278261604,0.6122400149069139,-0.7026577451166509,0.5173372946836405,-0.17448450661702508,1.7396652519704507,-2.0306425707261035,-0.701178651923643,0.8144667327485066,0.37477975219280407,-1.331106098741396,-0.1616799272144955,-0.7076205368687772,0.41854432009397274,-0.14018119361085737,0.05304078427044711,-1.249476488541901,-0.11398018998202876,-1.2851214985646227,-1.1727683201250934,0.559432845408076,0.5292829920311475,-1.0811393326732892,-0.5028928587633323,-0.956998485340265,-0.22337033778687312,0.82979081410692,-0.3371069725385019,-1.078651992451084,0.05726211434034541,0.6117685069485765,-0.31332259200413143,-0.38713757665058196,-0.01923508911892533,-0.08337788958990831,0.312079553784244,0.9383503130243317,-0.9473285223137352,0.39083930818940676
-0.0626790972731718,0.0953343408042966,-0.9857260463355436,-0.7787730594644666,-0.5302576183724408,-0.6210595765692875,-0.1070303599545578,0.0551387130107304,-0.553649305347182,0.0695016240185,1.9647251329163893,0.0352635519717286,-0.6997255079925856,0.213979910734222,-0.1123280496908298,-0.2209695995332229,0.6141667000434252,0.7575077100473051,-0.5305011476105275,-0.57581824064468,-0.275051697151644,-2.301921164735585,-1.5151910621985525,1.366874267444525,1.6449677135012837,-0.2490360395563783,0.5765569630557664,0.3112501545435361,3.0788808084552377,1.1195749114345768,-0.1279175914807665,-0.9555404406004258,-1.6064463202575725,0.2034636358672231,-0.7563507452843033,-1.4222537095976742,-0.6465728842425266,-1.081548003614395,1.6871416350725648,0.8816397569494505,-0.0079726413166173,1.479944138890026,0.0773683076476183,-0.8612842013282637,1.5231240772696573,0.5389100436846587,-1.0372461543264564,-0.1903386780836082,-0.8756182533847572,-1.382799730964336,53.17989182919325,-1.050911957828187,0.2677512243644622,-0.031918494643361994,-1.290364484542836,-0.08675575054894435,-0.7150481829666253,0.07714478588312636,-0.7286780669457907,0.9952112224773986,-2.023653978012167,-1.449150523112887,0.1693750512716112,0.3980947793532806,-1.9053304524509354,-0.4996133236214773,1.0015304243744003,0.08528406873324018,0.011925980771476226,-0.5721519329225444,-0.9275101847098595,0.2382548333723474,-0.4129221450105309,-0.2200535073716947,0.5453894809246739,-1.9379745472165477,0.6494025158224628,-0.19749995086866415,-0.6529019851784491,-0.01119917145977023,-1.1671842538476616,1.3047743340434088,-1.3560122715994256,-0.022780630445084823,0.5387771269189496,0.16948104742061337,0.1928215503619328,-0.01951543940406494,-0.9717275602551337,0.3368430229165376,0.8332556325987531,0.5132522896942462,1.7150881953325237,-0.5423862636822946,-0.5006813998088716,-2.3154453373656176,-0.8021954554031063,0.730303746639179,0.20949624772827988,0.6401133507918124,-1.047861005649387
0.9338104260749966,1.954373094737974,2.305636837367189,2.141432846568825,0.8225729212004805,0.8864417294750342,0.1573465676730776,0.2069568619898409,-2.072135116096487,-1.7612433727932788,-0.5632097340426203,-0.7019572982951219,0.3852126522593542,1.1206857064225952,-0.1332787152291555,0.2054864275600201,0.1143087530592477,0.0018035063564141,-1.0893426377121065,1.1084446017228928,0.295195368158836,0.3948814900025776,-0.8065096290255822,-0.4592203979892406,-0.1761341977107783,-1.5341246934488515,-1.6880343251976782,-0.6007479306385678,0.52252076644239,-0.6531373899299409,-1.0188051975907135,-0.8146856532376702,-0.4553424231453126,-0.3538589628201037,2.1655214522065567,1.0546206284873183,1.024774112281728,1.1685803642733814,-0.9988208693340496,-1.2223646149872391,-1.1068702915340567,1.334506133337838,-0.547191788882491,-1.251356182239287,-0.430996200219813,-0.2386055317146274,0.2684132736945621,0.250951020712043,-0.8281805638735081,0.6856563925137109,57.51934040184317,-1.9336783011075602,1.4594936033835215,-0.06104342546999568,-0.6489138812724988,1.5682397589196513,0.44198600639503066,1.6221931015494289,-0.2920085455130258,-0.7286524143201769,0.20045150434031708,0.24778718105208195,0.4437392912698055,1.4883946776914283,-0.7238037443516702,-0.06362683744736257,-0.46621078219393086,-1.7702441759754863,-0.32074638863455823,1.9256261274619442,0.21442893041244723,0.04580796853159671,-0.7271848826528688,0.02777007853531545,-0.2905034189769749,-0.7164729010665846,1.3970105549865224,0.21988363049347096,1.3427094389440943,-1.237699814640416,0.09260800122649453,0.9373459780957001,-0.2400873199671996,0.8096282780621594,-1.9608507978328928,-2.2569653844766964,-2.1934751053849944,-2.054754692432885,-0.5074351128366975,-0.9190197910689418,-0.26431229167624964,-2.0102742675983114,-0.10786102892635638,1.4714876651735471,-0.698273796231372,-0.554906869988666,0.9769099334165062,0.34513930965405826,1.0503174060369804,-1.7394074657461145,-0.3764495462407827
-0.0120082366368397,-0.1707201807392832,-1.4724128355850763,-2.0311515150726027,0.2002500931668341,0.4688511698932923,1.2208583206477437,0.8305780104472111,-0.6482807758522028,-0.9149742751419916,-0.6117020747295147,0.8950964627412832,0.3328892293637407,1.069144864013238,1.1127388030572325,-1.7272594909389078,1.3507701305538724,0.9508609577657172,-0.3692248831854975,0.3497927665296289,-0.123669571582704,0.6160556786311759,-0.3713963807048763,0.4789272411691076,0.067305304659352,-0.4321939034953052,0.1901362449020588,2.7064695734887576,-0.6855366298256818,-0.2499435912615692,-0.6681123996330307,-0.5632163855275838,0.8157743533853581,0.7158824596360679,-0.0058635033213097,1.026296585269112,0.7934432954943101,-0.1623341860262142,-1.533864741794206,0.8297830079490026,0.1696646210019749,0.022223463700592,-0.4660480200097154,0.744648949116316,0.3484962524285009,-0.2368280428022967,-1.2254545472189116,1.0679291018800765,0.604905223155877,0.2554028999455957,79.63118678387828,-1.2073958316463744,-1.6853109387619405,-0.735858449322835,0.189092493839052,1.2903681221946703,-0.4303854763970162,1.9511420482977946,-0.4540335803194438,2.1484828491487757,-0.31916991460259436,1.6012983317775875,-0.4732761521782438,1.1116221515087088,-0.5122951462609718,1.4146426674953478,-0.08825146273128724,-1.0869752536506059,-0.954457012652753,-1.1032507054703398,-0.17198649540817798,0.0687968783396897,-0.16676763087448562,0.07776746897252963,-0.0788922219149961,1.7389918103268525,0.33052817290541564,0.037198196936267684,0.3575758908293014,-0.38867839345363986,-0.28437585908066076,-1.5296924370016545,0.011132592717344245,-0.9434615786943489,0.36096088772505125,0.6375801377818118,-0.35138946791479164,-0.8902193420638422,1.119866629935746,-0.9805463271163027,0.525719805887057,0.07477684662155416,-0.39743790888032404,-0.576838243669509,-0.4503654144104354,-0.48984742313183643,0.21065569003151208,0.28601615539704284,0.07917846297497264,1.4193462322275132,0.07337293133466874
-0.7380570836613916,-0.8157963817379078,0.4602716249823038,0.0817349811797326,-1.0196953197088567,-1.1060818280124916,1.4621959387176369,1.0595945254368544,0.961987189071841,1.2953614128358877,0.7499002394237105,0.2792678382165259,-0.950910729687232,0.3185210047988744,-0.9916966634403104,-0.6328802748847919,0.1893283072923741,0.297244273380124,-1.189232465077129,1.0539857711828762,0.5720062783004729,-0.7047284356108838,-1.5375847964491751,-0.1449045790814313,-0.4459437138611601,0.1131404570530228,-0.3631166611555665,-2.00745686074501,-0.3883469383011584,-0.3056191110683129,0.6336610247740587,-0.6981996746110497,1.6786746733725662,-1.911640550651757,1.3111674978026244,-0.2243189708781048,0.8595848723435562,0.0798014840587331,1.1395555360254692,-0.3873619645528112,-1.0986204251778122,1.4205042872710631,-0.1134806458821411,0.2215584736242106,1.2347519140447951,-1.031955242094435,0.5954908976392573,-0.5898947564628909,-0.1321693556443718,0.0722789653842888,46.53686040445322,-1.0705780796771673,0.3143834940548472,0.08334707099324289,-1.1053533175527916,0.8075309998188095,0.3803814482163112,-0.7730834555704812,0.9902384537051827,1.6209759662493883,-1.2737174007254495,-0.19848445851506097,0.5314896881466579,0.35140666884228294,0.151231072166842,0.9566228117354912,2.979054963801388,-1.6237683520495778,1.0974298314165813,0.9142595447941229,1.7616702321368773,-1.011781175722834,-1.0660383628853936,0.6937519207067695,-0.20521300622596286,0.41083196312415055,-0.971717179276927,-0.21559775133984035,-0.5769892665921663,1.4961645267668793,-2.267724568135045,-0.3202812299610218,0.5295254443280599,-0.7804042777105111,1.5065848461335742,0.14926551039329786,0.8236922388427681,0.4633561570182974,0.35623312286764025,-1.1046309924184885,-0.8051319883859205,-0.3825774540460087,1.3762960778127988,0.21283260712534693,-0.7351735618733791,2.6381026760084905,-0.6044277679644929,-1.8201492150456389,0.5871134486556414,0.11792507680331835,-0.4081128456889421
0.1235174623658303,-0.0354086582472697,0.7565146031514791,0.9249756942979148,-0.0054164231096553,0.417802017628318,0.601701989470563,0.5162314729386845,-0.2197862509378595,0.1829064173870887,1.4622389865751582,0.9771804785810942,-0.8139173388487111,0.6188755164948907,0.2785923348370157,-0.6859529254992673,0.1243270086284703,0.8583846974345173,0.9399195274635568,2.3319836960691767,0.0942891531717656,-0.2377889341113095,0.5621402638778371,-0.1829625390676784,-0.5849044402828787,-0.9257832358664522,-3.427655528304998,0.734839430207506,-1.637973732071693,-0.8798534432943514,0.292443591195025,-0.3215067945773522,2.14929724917826,-1.5092399730805282,2.2387210959000208,1.380584609050579,0.9090963850983036,1.439312176477542,0.4046119987160403,-1.7032529972148642,0.5148516811159259,-1.480675391857008,-0.5283622790157917,-0.0780820977157382,-0.9110625179043068,0.9460444703644726,-0.2137575769991719,0.4093082310044664,-0.0094131623603639,0.1261791596734715,64.07370570823784,0.6826232364571462,-0.002083797420183821,0.8812847814327686,0.7821826079557601,-0.9732423133725336,-0.19084131864335074,0.0005000650336295328,-0.5869656870923221,-0.11308033588623528,0.3350212958021024,-0.8818966215431343,1.8348201445867027,-0.47007149958870037,1.9630858846815047,-1.3962118143750324,-0.11129290760530697,-1.6601112599137606,0.6694380133932271,1.1604018292673417,-0.1712833244641871,-0.3280652041944946,0.8424887372351394,0.6998157231050156,-0.2279045472268739,0.5355953968440476,-0.8952171441525554,0.93567437925074,1.2204711231867227,1.037716615671117,1.9470448084720289,-1.2060939462781195,0.8562414122965504,0.713597488557311,0.1417047166539316,1.5952280459034476,-0.01749734565510574,0.17949336279124653,0.05616725646711806,0.6675089224817384,-0.25981653389290366,-1.7068795676073696,0.30305042362014967,-0.5696328035424871,-0.15520391286675808,0.2584706853722215,-0.5389869883751089,1.1377530422910016,-1.1095303570559183,1.4129175737918527,-0.6171059308711718
-0.7767362082471486,-0.6963507438865256,1.172863523008714,1.1400511809115246,1.680499960177274,1.5959205200622817,-0.3486325207623062,-0.2228936154252389,0.8472052523664336,1.2451093126261283,1.001753433784197,0.8121964425068829,-0.6821146593125106,0.3149284684444221,0.7036132840768452,-0.6105347675728249,1.6943254502691631,-0.8353619466176428,0.1440928832945122,-1.249777316419508,0.1033601986625602,-1.067073216070822,-0.2941291413292626,-1.5865975613210967,0.7998134003257217,0.3562800497416076,1.0874105536366991,-0.3478051646398359,1.1338473668809983,0.0392796453948357,0.1131674594287368,2.1140533253519385,-0.4846759649386037,1.22745903115485,0.4796849405476133,-0.571904892245483,-1.315690890463473,-1.0330850504554905,1.130674797854511,1.7343995268369568,0.0914399032102259,0.1438817626211231,0.7764534331564866,0.073302029353185,1.0997000379703223,0.2916222506631849,0.1355413136524426,-0.6992128474941184,-0.9452670794732824,-3.159088013545243,55.03207637644194,-0.1657230531466151,0.4145418143797882,-0.9734467413994762,0.8433726221570585,0.35918304919208,0.06749368124727499,0.19630441692435538,-0.3773420769478101,-0.9635834445300414,-0.4917378487907272,0.18685970223206844,-0.7350729836273578,0.2046684378900604,-0.6159561935134189,-0.9742905608266295,1.7662398602994058,2.026802368936906,2.4388567065792515,-2.3384282002430976,-1.144589275339776,0.9689506522521703,-0.7308749265135105,1.4216958832848487,0.15828602939857542,0.17055515394610585,0.7262398732709644,-1.4469767155111604,0.025665237997579016,-0.5799359157154906,-1.9889690677458423,-2.859520038674442,-0.5365572838111947,-2.1956724413257467,-0.6681645907735275,-0.7433592616256149,-0.3317477920999383,-0.2530073476011097,-0.2518927508324297,-0.6243219765982982,-0.29444944702490183,0.5641996880589301,0.540240544084207,0.9240967134422856,0.7863963530491347,0.4934823189718855,-0.7463478933968806,-1.3204577700840827,-1.7651210852192303,-0.7448868587480999,-2.1472017930564586
1.5155323967536716,1.627658792930109,0.4567981098362136,0.9446537265304304,-0.3661849082122145,-0.4971756174253913,1.3329818101775457,1.2791555022542709,-0.5055895399975447,-0.5412122860541899,0.5085322959665433,-1.5692993382289515,0.7159928975840948,0.4084462038419082,1.6550990811095774,-0.2189913171586144,1.377117433508258,-0.0446455413318125,0.1391740886593888,0.2809512488579954,2.0932533254281216,-1.2394905976275907,0.4950751788308681,0.042231437257228,-0.0285351611749723,0.5830107592702893,1.106001071302255,0.5316320865818888,1.2352047009960347,-0.2509611926292074,-0.0485522186910284,-1.0008711524087812,1.9829056900915372,-0.1867124690765579,-0.2972148765351959,0.6066627236268646,1.107079460723044,-0.6920812311179787,1.186687477227967,-0.3033018221993734,1.430619554227438,-0.5409090036835561,0.7354473247283934,0.0427098199144628,-1.1263778436949428,-1.415964452633154,-0.7429528606226071,0.9925568919138316,-1.9431551957661923,0.3339459732259144,39.25667006786625,-0.8255848430174609,-0.7723040253264754,-0.005397376361534414,0.5594490759950371,0.5679417430751318,0.44508647135340157,-0.797813748337336,0.7172835811587757,-1.1548659796745833,-0.48553403863949773,0.5891181787726557,1.667012705357071,-0.11101346213176101,-1.02373085374717,-0.7818468740233404,0.501987657388833,2.059917908414474,0.8348285011924532,-0.615352766761434,-0.4688476040618242,1.265155500436636,-0.3637690213731503,0.16761698552937818,-0.45022355303663136,-0.6129894889335459,-0.9635914050207207,-0.9146648231644132,0.13365550105624702,-0.015742148532632987,0.03042368004247671,-1.2293574806183247,0.20136082868448554,0.014611180300383027,1.2325361550005687,0.5155156340150927,-0.013288947872645994,-0.6074408952832138,1.2678987951708858,0.2697489374919197,0.5506149637757695,0.3112916502664342,-0.07268275320428483,1.2968796713609954,0.6833588234970358,-1.468665526659181,0.8297338809873693,1.0370752932265712,-0.4764778411540553,-0.656171647592537,-0.768181231336283
1.2740635835161491,1.8792533061071368,-0.4023100227527226,-0.9444796955508868,-0.8312878954818901,-0.7794341345104879,1.384871093794044,1.8620993386068725,-0.8331415233289663,-0.585923391349934,0.0178322545297575,0.0375668587072523,-1.202671507771992,-0.9900137139031392,-0.8250972999455244,0.0464612731541895,0.0778857269806748,1.544092663524045,0.3850551679378343,-2.707565693672108,0.2626419878716904,-1.4500163561675328,-0.9659709246115364,-0.8121694717263299,-0.6633383235123018,-1.375149392040303,0.2034820034522876,-1.4108022850909592,0.3566676072498469,2.2369710770616296,-1.3293590589340638,-0.2845103043392221,-2.52345736251247,-0.3009352929701331,0.6427171526314838,0.720639231357267,0.0773637302840967,0.8892634247589758,2.546054535942792,1.7123046874375991,-0.5225209294096369,-1.4511039864667383,-0.4061514165738035,-0.9469827656173482,0.4513475478646326,-1.181193539429498,-0.072822432590342,0.8380140545363104,-0.100695872817177,-0.9463138227477964,62.26060877720499,2.3097227554061868,-1.4356188282134401,1.0383887557346116,0.23658175087619732,-0.6986048355960544,-0.3500184545911409,0.6283820360376229,-0.564981911032076,0.87362850207453,0.12404511842672028,-0.1563631374365723,0.3985640658920072,0.9533975332379796,-0.7144960913030979,-0.43969995093580877,-0.5537089930758496,-1.1208471535655697,-0.6434350670302766,1.4844590928257,-1.228776149049634,-0.4209009385749402,-0.020192102973766283,-1.6607244951100175,-0.40329558191709247,0.33254159045644316,0.2010549873105696,-0.7882151673019151,1.1427752666675521,0.9713898894275428,0.5633730417648825,0.10543922618137079,0.5737354822298656,0.5905023187952785,0.3488818313036715,-1.0033440637460869,1.282847553046021,-1.7428879738170595,-1.7704339025362246,0.029508591268061803,0.30784383291718953,0.16492924878638401,0.9270974788911364,-0.6745280779152143,-0.8386907445435131,-0.0627278789796975,-0.4725339852820247,-0.07280683292011868,-1.425793870746916,1.0341529977218715,0.25114235331670126
1.1728942786314784,1.3749251474550213,0.79668416009162,0.9804488606047996,0.5390414967527589,-0.0125169502390739,0.1720589223662588,-0.0060158940086904,0.0128143045664949,-0.1415558963249626,-0.7906239912729525,-0.2823120419249295,-0.943705431430076,-0.5050172707451764,-0.1639259767555159,0.4022623446643774,0.9492573018529092,-0.4637843713781079,1.3351046172686238,0.9386110786254932,0.5040938319439419,0.1536491292966189,0.3191208418685413,1.187051150666382,1.2235796597592736,1.3349467283836431,0.0413268318770031,0.554967164998613,1.343546506622051,-0.6237160349163927,-0.3184168537183037,0.0160366630134783,0.8995987379794065,0.9151721507186228,-0.2308641111979353,-1.50860945437971,0.2461839442959672,-0.9183161373284012,-1.4899362046402225,-1.2638715607337163,0.3263810078455604,1.361037360932807,0.0388945162362438,0.2113806546459647,1.1828949388779253,-1.5444549090835542,0.5201764216002716,-0.0115897843188212,0.5660574588320672,-0.483483908403816,57.22734213609773,-0.6638969135466657,-1.913106425179025,0.5054240932166992,1.3697087779697807,-0.8705171058476889,-0.9960497860017741,-0.2395073687649446,0.42321237445701776,-0.030402766530498528,-0.6258845309014845,1.4035353319541772,-0.8694327480368637,0.8262314899624682,0.15334476760211485,-0.5954232028760423,-0.7207339871754307,-0.008734975897599313,-0.9057893786017872,-1.3147734507194535,-0.2092647116644092,-1.5604195304769135,1.123176946601683,0.8579485996243433,1.0728514906209918,-1.5302141458225098,-0.34554274141749064,-1.057936662008909,-0.342621129847713,0.4434056875422199,-0.7197869743492218,0.5803191772595504,-0.18177923278010719,1.3108827266886962,0.15359460673551137,-0.11003342425971001,-0.24470165672857286,-2.1753814320391736,0.29407296281894457,-1.1801416044618,-0.17659369379737352,0.6104853015107121,-0.8650769226341175,0.5463388555557811,0.15180971381551212,0.9360986445775823,-1.1929104792665814,-1.6067183342213327,-2.116981760848309,-0.29637267569760684,0.8751159565444877
-0.6893290680800719,-0.8348905920651929,-1.2977283756812326,-1.5285083946836726,1.0095859678911938,1.1792728743140417,0.2740388406493032,1.0021739319081475,-0.1026485734506316,-0.3629558657124196,-0.4384273672152734,0.6116015615496833,0.0375633513811117,-0.1520189056326978,2.299969124386473,-1.4413417457153697,1.2891318354374448,0.6564065654899721,-0.479524994631784,1.629318517441612,-1.8481101123885368,-0.5217666572990717,-1.2084822042690762,0.4120834648714601,-1.1130641011871776,0.4330639467413191,-0.186436415821554,-0.4793539426560843,0.3886472460333105,-0.2686216239380641,-1.088634843059039,2.8013729896349786,-0.4871671830291446,-2.2176090801520147,-0.8420986897213886,-1.2672766883727302,0.8261456160405156,0.321652659591586,0.3987128017903442,-0.3700224658372443,-0.2793502470569215,-0.3709311036076682,-0.0811931841354697,0.8353334353648353,0.3360754125053464,0.5001128296208667,0.4995589082492027,0.8844424373817379,0.2881500415402546,0.3588480726789188,82.89442776767112,1.167102914383636,0.9763839534621028,1.309472896350713,-1.155625481668862,1.70501414720703,-0.5323122659297901,-1.0676348506009778,0.3314852620217588,0.9268668857519582,0.09573583386656329,-0.8123618942875219,2.2123906375910085,-0.2964154436547553,0.5886354597962726,0.03400925486107758,-0.00727259499970656,-1.2847961599318027,-0.4943056012863549,1.1982760366446361,1.7697907328371107,-0.7786738512970465,1.7586928369548633,1.3498244592045914,-0.2935224638814117,-1.605454699039078,-1.072235953355306,0.08592660933240631,0.916240462969932,0.799910952490804,0.639959690661533,-0.3234369531427366,-0.4214622973621976,1.5154796656876108,-1.0177329400894606,-1.6352658859898688,0.07264421304330575,-0.3066876363767765,-0.0666113560055051,0.07608325081486271,-0.36994417856372275,0.3212499236908218,-0.4582739153981058,0.6391569570392404,0.6461510893561248,2.516646555793866,0.9619013805140025,-0.08613257450566396,0.30174768174155014,-1.2409214848171524,0.07615901024625008
-0.1916710869722567,0.1450143182751029,0.8912984714285959,0.3109696411291247,0.5010216584844239,0.3364889305337385,0.0279576611153636,0.0789555385203014,-0.3818828668656508,-0.4983943235268938,1.3818938751017622,-0.4300431934813428,1.0626546454737855,-0.0818380112638594,1.243558559582438,0.6767224939729514,0.6091953628513523,0.9788266599955284,0.8331599112859588,1.0638133957038245,2.131763959240565,1.6168947113489285,0.4664242341649626,-0.4417468587036535,0.3664177896908249,-1.9261957256585225,0.8289866125010245,-1.0600331945736106,1.1224812759745062,1.980289033690717,-1.450934342684909,-0.0503043962075871,-1.0644128526674308,-1.7283099639364932,-0.1063216512038768,0.635167037098547,0.7544004293190443,0.1539258125653443,-1.6642320566135629,0.123378762453304,-1.492548016245537,-1.4269882580578632,-0.9968198882565596,1.04981119137842,0.5452553456815439,0.3225906978826006,-0.8626141808368348,-0.387775383551393,-1.3701225061570623,1.3643013268920965,53.12029497240296,1.6211085577877153,1.1040491364833538,-0.5681423298343345,0.06526819534255347,-0.30080331221692885,1.1951391798334359,-0.2795683042665431,0.1417658589610795,2.2042289692956403,-0.5933248896299341,-0.28696963651236274,0.39164023988893254,-1.4619937798268778,0.7283452130695429,0.7357213110188878,-1.1264731247465576,-0.015238046500086614,-0.6666286156786452,-0.01786658140108544,1.2484680394227587,1.852697094852882,1.827441941113795,2.4616950171848235,0.3835524037071247,-0.7352747193775556,0.8322695885742079,0.5054195590744918,0.844928641765585,0.5341281187946741,-1.0081774793848166,1.3741253925021604,0.7125794466100616,-0.13028624928391652,0.36376990672783033,1.356046346631442,1.5193945969413418,1.4889450601163348,-1.2525161922076724,0.2370049658786637,0.3149101318319002,-0.7378983351183096,-2.6482371713466084,0.12620050557729662,-0.9397883083349045,-0.6842979794038673,-0.27640248323800076,-1.500234043503258,-1.7693614013366434,0.5614719778717568,1.0594488394260166
1.140962932365408,0.6076601081711928,-0.319512449919035,-0.2864663946667838,-0.359976173580901,-0.2727854878928885,1.3964657004557333,1.6550511228688634,0.7972522985400334,0.4114775155301414,1.2283277105444614,-0.6370256098728607,-1.217671377606484,0.6952692270887474,0.3641700631424107,-0.999186902961658,-1.2529997571683935,-0.1874814874912822,-1.2040869501711966,-1.0614729729236276,0.1156207904214335,-0.9658716342550968,0.4265392900265429,1.4901435958834768,-0.1485554149005823,0.1301510619855845,2.018096732835487,-1.1876011173773469,1.1912351951807418,1.070857597912482,0.8543173391737832,1.2917478507326312,0.2805749659586189,-0.5829294955992674,1.0945732912205677,1.132842211712895,1.1053139014932878,0.0445020823192364,-0.7161945136133265,0.1913622541116111,0.9422300175678358,1.0243517898599654,-0.4296761270745949,0.31537289612739,-1.308778304485956,0.9849501030058512,-0.7833087567250635,0.7852553595715474,-1.1493045773901618,1.0314159064340078,50.81904319577998,-1.569960337657343,0.30268534899598587,-1.830768448394866,-0.7388028687302217,1.6149768189111484,0.11617308407654969,-0.9976745727406487,-1.1343963827064898,-0.7703829387161236,-0.538461460622542,0.29598790484296195,0.6764786687730411,1.3333873002204246,0.8277079982342662,0.9026602893824857,-0.8638659663957002,1.6393038833690963,0.10878336385396588,-0.06109732956768189,2.041190503194086,-0.7191444899872259,-1.2817956203514085,1.4517058807768237,-0.889491740488447,0.19216423603326513,0.7067703870618957,-1.9625304945209214,-0.1455449736397707,0.21541140273012366,0.17110140193267767,1.0294399127439522,-0.17771586627014554,0.7702665284831038,-0.6847161543480678,1.0526493886477606,-0.22832189135444766,0.03690533855301416,1.6166411789888955,1.062631673678995,0.19771537465791925,0.7229828113771894,-0.6275716804230591,1.525591152789017,0.14141697257100241,-1.8155792897895147,-1.3598998531241966,1.107982511053644,0.9494956552807335,-1.5923727788616056,-0.0785693474887933
-0.4832833942975867,-0.2654279062413516,-0.1366186914775723,-0.2759830687666539,-1.5117465380881645,-1.1736404665121485,-0.2233343694341023,-0.1676080080527943,-0.7713772263396093,-0.7918898328504647,1.459329651601532,-0.6522631837437548,0.4585867799485826,-1.405746275890388,2.022866118366792,0.2685359302445748,-0.4127938443522919,-0.2978741232861638,-0.5100381745143354,-0.4589051641234932,-2.44749514234966,-0.0979657320967555,-0.1398786806057122,0.4886615372604771,-0.5231437464415264,-0.7710363141410225,-0.0077749444529751,-1.612368118090484,0.1434231875345842,-1.861819259521721,1.1208186488307958,0.684269955660775,-0.9261858764240132,0.6611380133380368,0.1115142242538811,-1.00901023108486,-2.022876157229089,0.3164356834264522,-0.7942818471350348,1.0949695696960795,0.0140337338818512,-0.699582696497317,1.7978387330904717,0.5764464926030052,-3.655086515104106,-0.4863917687908664,-1.3840889920124233,-0.7997979377203086,-0.1447323989185361,0.3540485085875462,41.98064855632777,0.07396296407356806,-0.5341483496880968,0.20065180395568705,0.8899163325651686,0.9970937554945338,-0.8448984534104736,1.0366468294192557,1.229774224521937,-1.230138243758088,0.992929769295528,0.39296375261782707,-0.26935210472675786,0.581873956823205,0.9692305876119747,-0.3267973428992907,-0.42306060102577947,1.0787190508030151,-1.5387973771589998,0.0694916127196336,0.4792500958967251,-0.0972036702597796,-0.3731404762049969,-0.49029841026058163,-0.44469002715287254,-1.5696731250284734,-1.3556493032680186,-0.47405307303580635,-1.3961933160458857,-0.16589268284638348,-2.180546822491492,-0.1252776371125806,-1.1970856815502995,-0.8043501578320993,0.3114420846290003,-0.4726843884369919,-1.6365231763997656,1.0213997688818381,-2.6906063880179767,1.4943366208944862,0.12892331254997774,0.8942375132116674,0.9315796230032862,1.518026291570467,1.2136458541964776,-0.7753675845865745,1.7128217198660913,-0.5157374727634082,1.4411855668059204,1.4421342627087936,-0.877727335322902
-1.3412597272367377,-1.412617744403156,1.554282441611026,1.5413525933776986,0.7344258528096671,0.8823261020398483,0.0533842724790217,-0.1144150209367668,-0.6807755663251802,-0.902569042258939,1.3295342439705244,-0.589423411486891,-0.8614434294642864,0.0974889390236968,-0.2266622037239995,0.6491477210704204,-0.4532595259470423,1.718439615602714,-1.2896760979610558,1.2537347862197346,-0.7648492283081031,-1.7959827345840234,0.2378751563488673,-0.2546079860138835,-1.1096093679030308,-1.681376891715264,-0.0083607872714567,0.9758368916238178,0.5849534930864443,0.0567066488392654,0.4788475732177351,-0.027214132377857,-1.4297242430303712,-1.4208939852234432,-0.2031685289846788,-0.1606532863660744,0.8509826785067651,0.7573042237747472,0.6051330157589494,-0.2802827130771807,-1.3806521701101395,0.4120711370660239,0.5251693132621684,-2.388531462477686,-0.8343381865826627,-0.691054377393896,0.1183502011234362,-0.8033604327656939,-0.0381345688246403,-0.2105349403529919,48.35070191057856,-0.5175336509082241,-1.6230458934657455,0.36257081502648514,-1.8333411645064328,0.40787678237532143,0.4015606083877186,1.9015592551136702,2.220683796583114,0.19256023453262594,1.0946716363802766,0.04722809229816076,-0.7963266453295174,-0.319490070572669,-0.27888363747316974,-1.634693518754396,0.2933435419272292,0.8086627654972872,0.6472865640460312,0.34257183153145665,0.1431002076430992,1.415912362019825,-0.5633864504523027,0.1871840274885842,-1.2325605624906806,0.12704269201489998,0.4814434623118279,-0.32166358054911637,0.012691764112708524,-1.1951085602602058,1.173229091293498,-0.2526026876211592,1.3730423293848015,-0.4434864390182549,0.04853913982263525,0.2618353205715371,1.3684080185586749,-1.1766874215550533,0.12125475009869426,-1.0194778316576736,1.969340336819593,-1.0858074135065343,0.04641633623479096,-0.8526449096356515,-0.24489006504943875,-0.7713261415573625,0.610546936630688,-1.0411847851742946,-1.4429897287624562,0.18420844265114247,-0.47400925790323173
1.1511433720607098,1.2430592737185733,-1.2861273396193522,-1.1097079593253178,1.0843440303282166,1.822118167254448,-1.172634678932752,-0.8832933107567016,1.1963150153043356,1.34100057310983,-0.0188797326534344,-0.1304131173572577,1.0798771903631417,1.014667689745749,-1.4011783869301009,0.9399281556396816,0.5164228042166285,1.592985832676025,-0.0691314965449453,1.1352327177895265,0.4689329766780183,-1.113897648345064,1.0205976606308642,0.8094212757396516,-0.6499264153067887,0.2895119065655148,2.1077540908911505,-0.4830388677614745,0.7261685805542936,-1.094879970274581,-0.5703088552444631,0.8105633914334438,0.2566812002901623,-0.2012375767076892,1.7024965610999865,-0.9218125835221108,-0.1459792172553116,0.491772516492752,-0.871507591670486,0.509230232571057,1.0746754475278533,-0.1146020390841721,-0.6852594680466909,-0.3124401400410548,-2.6784081102034896,1.0061236640518514,0.2645903320316428,-0.1764263135479886,-1.66679024606911,1.1090393254528488,50.67771071220584,-0.5989243965593357,0.5633454625050239,1.3684219544726752,-0.028083865592979814,0.4525314363594847,0.4683155849391383,0.2448193738945395,0.008828138267394708,1.1447596114522973,-1.708654247142625,-1.2784199223571482,0.16781324467578934,0.5428733481036709,2.0531401837412075,-1.0404099418717416,1.8259972117410466,-0.19417973726286455,0.09119636937142765,-0.9556381846942431,-0.9982930583210694,-0.5268960053371092,0.370309127725609,-0.27062674654025753,1.8544334333618275,-0.9945592463314714,0.3352599949493718,-0.2858559561574305,1.1372532466416827,0.6922348854682576,0.000875586240620727,0.3827396187084526,-1.0862916569979282,1.3676605136511624,1.0841165459049067,0.038485528340927076,1.0155948097511047,0.2831494955184188,0.5284618918237096,0.354826829520639,0.5519363398830722,0.8805145741964782,-0.9239183911032677,1.208658108376434,-2.017902276462043,-0.7619772317066479,0.04624906206550146,0.6608481338784317,0.2886656165459601,-0.889656483546141,0.49901369211312363
0.3674306034327861,0.7601672161086558,1.511452172101831,0.9235816245865356,-0.0946313202022432,-0.3059839597900193,-1.998737919873374,-2.326700783144473,-0.6291892696051745,-0.8830176845326736,-0.160188139113713,-0.1881402835433118,-0.3151676727745332,0.0506688830811539,-1.6459666066037992,0.907149317665678,0.3485320869999536,1.157770606094284,-0.6396018510840769,0.3451872650738352,-1.95365060399267,-0.918415109449874,-1.4571458261086447,0.1748787588060488,-1.1894356297167576,-0.5223577309720151,-0.0889561039464363,-0.4924486467024807,-1.401155092737511,1.561107295575107,0.0303947357860606,1.5701006427519622,-1.116804126084232,-0.460696382126617,0.0020812749058503,1.4474909154599351,1.5630329621983847,-0.5190675566211265,-0.8145583466492806,-0.0903647978512049,1.1154019885569977,0.0508740007904185,0.2332958726116427,1.1061278708083708,0.944819198649736,0.9834757526562103,0.622042268748309,1.3520966601375903,-1.2150490210561118,2.249262666325244,42.76046770947764,0.5553768168069081,-1.100779282836685,1.188145734706984,0.33523868706994847,-1.4004195603307676,0.5199990757978105,0.11127676805327562,-1.0463548733703751,-0.9404602897857572,0.7470728438465525,2.3380114042063296,1.5814637234833284,0.07486130625002908,-0.35476852115876417,-0.5197747896300302,-0.48495442679826284,1.2619671159963644,0.5324643077886954,-0.26041953315253874,0.2696677889872804,-0.1655353896476764,0.30928260321359313,-0.4065269251031607,1.375459677668053,-0.8598254707878951,0.8374572023585122,-1.285087969866526,0.8197680694754877,-0.22175201800740965,-1.5947124045428194,-0.01784640979348933,-0.09450654226908063,-0.039904311589052395,-0.5760059204952394,-0.6123937847213143,-2.2166655160135096,-0.7036867654919974,-0.9750607254204126,-2.2173089054711967,1.9240334998004929,-0.28353987807492004,1.4294647090765544,0.5066156599231009,-2.5172303766303354,0.9075070629706259,-0.2118460555387638,-0.04235015603246924,1.8579341453614433,1.1451880569815647,-0.268081108885498
-1.120034057469062,-1.1342575850614625,-1.4668259699385695,-1.4679284517631448,-0.2984314163607569,-0.8003998785555613,-0.482274797757228,-0.430797970416384,-0.7468835055312297,-0.9224482633067206,-0.6664137106614183,0.5484544952248727,-1.0146457866943706,-0.0241138431714181,1.3220915901608283,0.1150052001417412,1.183077181117648,-0.0262744799274174,-0.5050492603101437,0.1719824945624504,0.618396655883302,-1.9055398876681573,0.522285044358679,-0.9398351728279992,-1.1884377829607005,0.538576666828435,1.3385029274794715,0.2164061848128183,-1.3554073518530985,-0.6705605102890292,-0.4182671748591159,0.1960969402287357,-0.0718798483362937,0.4952298034435057,0.9999728306429334,0.3447445781909548,0.8980806925781035,-0.2697103110247102,3.295904459927551,0.5531805938362537,0.6840486314536397,1.7576808103878363,0.0881788028587756,-0.6455083114002861,1.306434045918939,1.365142966601261,0.1535063050579147,1.759627537844203,-0.083285809245123,0.9322829491231478,59.425815719420626,-0.6228704964232837,-0.7112986247605377,0.5367436230124615,-0.9474921349737745,0.20677477983441644,-0.9778372003712856,0.1524347668741858,0.029102708325022607,0.03462473875924609,1.3985910046261056,-0.23596991504609993,-0.30965981218568894,1.3186179262194737,0.10934057634090907,-1.2450344592513576,0.4615180463781131,0.646668746583331,-1.144146477027523,0.3705984139802113,-0.13036128097934865,0.7944982907563105,-0.5830018483659962,-0.11348539083663012,0.5954589932786869,1.2995884776652062,0.1667819386556424,-0.31332087282762977,1.710250391117314,-1.6478868938568443,0.6287543145278464,-1.4256840815724963,0.32176355946390134,0.1596777618308206,-0.1493467286627817,0.12319366136479747,-0.13018518848216945,-0.742279685508737,0.27726029436616295,0.8512333705208499,-0.06950594997902164,0.6128210444429151,0.13851058301773517,0.2440076296495193,0.3108127360499551,0.3427840438239591,-0.28033970734258046,0.5201670887293468,-0.4719794377973724,1.1627853918188706,-0.6424973548592735
0.3039018020950834,-0.0680323602928228,-0.0398867523671015,-0.0798605287496884,0.2082268621535634,0.3340442043481995,-1.195256799383643,-0.8853223589191297,0.7995188490735968,1.057145572916471,0.3002868915875051,-0.2830155277044124,-1.0595975050106248,-0.2386297148718228,-1.0224559007493514,-1.0862891736035514,1.2056366088694097,-0.4200860049342164,-0.7414847254600336,1.6179596843809054,0.8149850354042416,-0.3715092255018381,0.4276363255523683,-0.2357883182607027,-0.6926796792795997,0.4746912244850044,-0.3243018853202029,0.0754980089994032,1.0213632348996715,0.9112131037953766,-0.5500932918560765,0.486031602287086,-1.127856246145756,0.4504141613157049,0.1484953058011056,0.3789793623634307,-0.2974447546442326,2.08407127365249,-0.9012997076203142,0.9715517109684616,-1.0316983197683316,0.5043441746293211,0.5757899772517827,0.0549758715622852,-0.4953244105437042,0.1411348907452987,0.2670103334301744,1.7899364863062823,-0.8723402853002961,-0.5559134963140018,40.50012024271682,-0.49596904632647065,-0.5865640795627187,0.7653902141704337,-0.6261900322215666,1.4170204129816264,-0.682390994285895,1.182234028938315,0.9898601405859991,1.37004366117099,1.5573768174035763,0.11026751858465678,-0.02675124557413819,-1.9297802318050268,1.2958270717726919,1.140858986701614,-1.6278978465820517,0.40391558131571953,0.24668877033605638,0.17688583943000827,0.7786273646421575,1.711806867529505,-0.6619364087633757,1.2857431021330643,2.151102720289829,0.03729407982066181,1.4268361417556514,-0.9111228918701051,-0.4904002065731625,-0.5456589932114322,1.6321522438452944,-0.2953819846892018,0.4552082481016471,-1.0331362400785684,0.7983132369011378,-0.4427715566861966,-0.022162684630854367,0.7445896031071664,-0.22448215446342795,1.0973012889525897,-0.04841325921206709,0.15195187794363502,1.693750624214755,-0.23219199489833087,0.10651657632390796,-1.1284187576530538,-0.300738659533365,-0.11389685872120985,0.6108464558758292,0.0037324092913725926,-1.5575389048162822
-0.7481579372985909,-0.8924140638873671,0.3881822927241515,0.315163370021082,0.0169197991667501,-0.1643295710035962,1.402362653450225,1.480047776809824,-0.3592790349537154,-0.7542281486711866,0.1168769699185664,-0.2054293294932049,1.9713506490012904,1.6665893433755423,0.8653749705965644,-0.5866940812126582,0.6777665661808034,0.265006359068304,0.2413232032993907,-1.5582298485678705,1.0617953384536465,0.1078083283112351,-0.100841347544575,-0.6001564950088275,-0.7936164996533775,0.3172585812789819,-1.749162801858082,0.7894987596500425,-1.0541054369956857,-2.058680686205292,1.8218953159260207,-0.8580870493455784,-0.7221591615216957,1.1345383310080746,1.8544309005166413,-1.53300157860343,-0.9561680602506696,-0.8826788221605966,0.9348016626956543,1.6391321279295334,-1.080252561578079,1.41474533796822,-0.7090341115287021,0.3361229029455722,-1.2714536994278176,-0.1219304135819979,-0.1111127140727161,-0.3151583063152736,0.3849709813196971,-1.007030864852526,59.8728088672961,-0.16811489562529364,-0.19753522569696805,-0.1918214582066392,0.015378981372105674,0.681339503185609,-0.6768292163870117,1.1606990035971831,-0.6151876757156072,-1.6328778384903724,0.5203797258851188,0.6167610931729804,1.456328471979585,-0.39719096651343244,0.5664250279877657,-1.179541058580728,1.060288640887317,-0.11540933819978547,1.299176580869636,0.3492255625444667,-1.1222549787929021,-0.6455518646949786,-0.9974337387517476,-1.5891712845113304,0.7702860513831254,-0.9038053784355482,-0.12666088153077432,-0.33437710670132015,0.7793004727322356,0.8522896894528121,-0.926410464593819,0.665567197875302,0.1696168067176415,0.42256716467424005,-0.23603757155354116,0.9803386702177634,1.3686507868999138,-0.12044699536116532,0.9880493146133418,-2.6717142433836316,-0.5054200350549426,-0.17202404701473895,0.8566877893186128,-1.4822918233240703,0.18773481527053326,1.4162033220839674,-0.2735735435110236,1.1566532095497886,2.392903508064368,2.2754087236928893,-0.8931757809925622
-0.9065077809327704,-1.0441540954670063,1.3449596661741487,1.2222140496638518,0.9546668160293869,0.728065761176468,-0.7334620911689643,-0.9861484131085158,-0.2761320864811651,-0.613880273454641,0.1210338785027424,-0.2056519118533864,0.3605800158863015,1.3969434562328211,0.8174849807703192,0.4892397754123562,-1.966048412967918,0.4433759821023751,1.7226276607045492,-3.0105225163135167,0.6893825429756253,-0.1593585747564642,-0.8497950030229446,0.8011285839119535,1.7097059006073303,0.7752307288377537,-0.3711919512615264,-0.9434698244081564,0.1446276337895437,0.8731692923815881,-0.3870530262337276,-0.2903829916507967,2.8220002498383985,1.078651945959726,1.1501286783936322,-1.460285906058812,-0.7071886792934604,0.074681639454239,-1.0011375578851496,1.6003972988892945,1.410312306590645,-0.5335453373840537,1.7839186066074848,-0.0042520967199421,2.5893897173890488,0.1446861305250364,0.576192750328422,1.3999034411695583,1.2776333498078092,0.5107320661358935,63.48766365317835,-0.3733992683765694,-0.7590404472086483,-1.2191146113192166,0.9550963794414762,0.1543366870644103,-0.3606479120661918,-0.11565356854823089,-0.12889918411818965,0.2353179614390995,-1.0573978577438974,-0.6365053626495294,-0.3003268458042407,1.5990545154786884,-2.2408467440227384,0.6170630447352031,-1.721682574926956,0.3183729395146662,-0.8605072511002159,-0.7186870441488834,0.05268245431008198,1.392095244121183,-2.654162345709856,-1.002545632389522,-0.17197574364882165,0.18683347276095172,-0.2720943974841667,-1.7196275186655354,-1.006287753837945,-1.9161643812659455,-0.21021194189649736,1.314740264821312,-2.9421258106806167,0.7540542848457129,-0.021526145688816417,-0.21080832450621106,-0.014381681509604524,-1.385534197789162,3.513676313065459,-0.33921311906995527,0.3019073715335394,0.5392101339846195,0.18820208842281722,0.2830216194483871,0.4892874738498093,1.8930361454035207,-0.5897052945112294,-0.40151313290290563,-1.6771488774994348,2.252344795981425,-0.3970794402094839
0.3377603199353107,0.0509216130603194,0.4300133800235846,0.4707628545700506,-0.9869193832323312,-1.114625804000554,0.5116430634695749,0.6538458334849466,-0.2196218407316043,-0.3907482751018753,0.7317184758621317,-0.5296301127017028,-0.8520531376425,-1.261918976837642,0.033454120201485,-1.4231602771485647,0.099428458229034,1.2168367914244391,-0.3534597702862842,-0.5362042805401637,1.997844773627145,1.509701819187646,-0.7645978705554142,0.1390131810589751,0.3286782423480826,0.2036604227261782,1.814673447712788,0.0872298924194203,0.2372348756310168,0.6886622951464159,1.189919716047667,0.9368991943041058,0.5380847863116393,-1.5586998053939085,-0.488137724058426,0.8194212072052708,0.2503986972793056,0.8261286338229519,1.887166061671248,-1.1769632050593244,1.1379101748045837,-0.3303634624936311,0.9353498192747322,-0.0412207433681174,2.1270045388929955,0.130086936261738,-0.6405142243559804,0.4198746227917677,0.3239427807182699,1.1380970941104478,25.688972721646433,-1.1735702070121252,0.033458770992302565,0.11772121738091015,-1.0328692285870538,1.71193719581703,0.5389191851437345,0.25258992737909125,0.3406541364121413,-0.5401030935987847,0.6299808403475345,0.05692642087077602,0.5102763111691208,0.5631984034673122,0.005635830296852785,-1.681880355022538,0.7983864721014345,0.2882515778693265,-0.8878557074772063,0.6322992097833006,-1.5734971240144306,-0.2815287098643214,-1.2981645335327363,1.2194930225666292,0.37251966709167095,-1.4696183040062905,-0.9747908775978406,-0.3275594233689797,0.20158396064036266,-1.029524515195794,-0.5148238963607281,0.9601638968056067,-0.7025136898233378,0.723022903730172,-0.40673138151517996,2.3905354771458587,0.1659181710960416,0.09802958244366852,0.3385937497892153,-0.8970953004816778,-0.3256632213160001,-0.33313433015792104,1.8350049552611885,0.3078675874772428,-1.4794533330897426,-1.7050087727384593,-0.103349777083527,-1.5758885285575106,-1.0192841150098697,0.3233486563033481,-0.5813064019537125
-0.7288816455038859,-0.4329275708654684,1.3289720912464893,1.093794352934813,-0.2133278716860672,-1.0641965871237729,-0.3577150371383784,-0.8323135196193564,0.8810825786274639,0.90922889759672,0.3589351074693598,-0.5622084220483275,0.3305279590123126,-1.285169644171519,2.478542012033887,1.3502663956647487,0.9565367094814,0.4083373789066503,0.4091820168287804,-1.690121207614631,-1.2586115330972405,-1.133969741760784,0.0583507126993336,-0.2815208581375611,0.8113283525272112,-0.9655476864798668,1.026613389680285,-0.8203802840966445,-0.4179636369745988,0.8954447564586847,0.5046545869049275,-1.2514559887608645,1.064060623127044,0.0889862993201011,-2.142206574196117,-0.8426819081801472,-0.4096265227533928,-1.169338427307976,1.342712643385247,-0.3747588489392057,0.4601829811451112,0.2065876631924733,0.7057453801697587,1.6730506415650022,0.6757005504053284,1.742614176185563,0.702251919230705,0.1315319439378082,0.321456104173861,-2.6253685376743703,25.46487036568238,0.795906504847474,-0.6218183005063913,0.9825734636277772,-0.8584499403746859,-0.18504072266080399,0.2961848047310136,0.6526464071770783,1.2030478522059247,0.12415659097130305,-0.8692523552159166,-0.6771902376532944,0.8773505067396974,1.772606668314208,0.8619647560864865,0.6572011012960537,-0.0809249532818035,-0.5414316450742607,0.7119574667172651,0.1264756754883747,0.3376125925551852,-0.8859287054649382,0.8667746651846128,1.4536681740739517,1.3607863554791413,0.3823303277998872,-0.9339419074180088,-0.719033595962493,1.1054124052149825,0.1371334013192164,-0.7702169147313244,0.3343026976252587,0.296290348483435,-1.211361133949532,-0.16364583881502875,-0.07784778154432369,0.19698604998941163,-0.7161685164733763,0.6040476593785556,-0.34178037492148444,-0.4681576748475779,1.0802927581214419,-0.374661562507252,1.9947339527082228,-0.8068119536816358,1.1776479844929932,-0.609478192509407,-1.0943038805934107,0.5640910993814007,1.0654061017940906,-0.9745993055540371
0.1210092431988116,0.0351001073646136,0.1463409237491798,-0.097091223615101,-0.6324441920639787,-1.020612638605238,0.2274212679377154,0.3959677715991481,1.2769830590630524,1.61940233811961,1.017421669808901,0.1149127263714801,1.633584832409058,-1.0413790885215242,-1.08475880151045,-0.9056955910043086,0.1332955505143741,1.5414683957782052,1.5930936181652504,-2.30996860043844,0.2497071612225387,-3.2129536105150227,0.7950317937850347,1.118169414895207,-0.0402442746921856,0.0839815774947546,0.0736388929402397,-0.7844419187412465,0.4317057853214802,-0.2314080016532572,0.9302917092896184,-0.1136269345192297,-0.8610231064882589,-1.5358646708655104,-1.864064825055712,1.3125093439544353,-0.4577893528590192,0.3385741900816487,1.7832298917445188,-0.5628043312978913,-0.6274774843811537,-0.1321617523553239,0.0294327004199928,1.8875513502558463,1.5658205940941132,0.6208754159067472,1.449413768996868,-0.178219012567856,0.2991645671884785,-0.3015136445386949,35.84808630426357,1.0485309385076005,0.7013730648392228,0.6563608698285485,1.125587771040344,-0.6195556750216844,0.3752169571571625,-1.137687456550734,0.7754237330893744,0.709784290583688,-0.3429651661566541,0.4155507414742308,-0.19678094887698314,-1.2218070931634644,-1.343470279529558,-0.13926870666758576,-0.12065294273978963,-0.7749165337272664,-0.9690510515375831,-1.5807000516739227,0.6757518815092038,0.24955643030755706,1.464704483741246,-0.6594957083176173,-0.8803161750079682,1.1073181865159336,-1.0244849990154385,-0.2624810477468882,0.9064245874010424,1.4057186433942654,-0.8755621004332629,1.4573716424645666,-0.10909320827625384,0.9999443433110298,0.670957572095812,0.11277074508506787,-0.46609040423510983,-1.4443302334227175,-0.9751559462030559,-0.5399295668892661,-1.9003008344173675,1.244731167430424,-1.0948903856770922,-0.6741189790132863,0.42306344112465016,-0.17011807523122538,0.2234542861390162,0.4351880749310681,2.172438621558828,1.308805224450165,1.557376998764244
0.3109075655980046,0.3485290074397449,0.8576596232020194,1.3529381990359777,-0.0190162079026888,-0.1835341087908319,-0.0185131359923899,0.4030337000875577,0.3227185603380895,0.2080280628391279,0.5193465142411723,1.5327389130025777,-0.1087601484568576,0.4017117220989414,0.6901439917111125,-0.4012204718858362,0.2240924818104167,0.0125924007817948,0.0976760985488317,-0.7730097838554665,0.0245101742589427,0.4979982912454497,1.4511436077950417,0.9592708260852068,2.1531824575115563,-0.7673475628880495,0.8723206367206782,0.1833420057383517,2.1898029332176723,-0.8082982853551515,-0.8397218421807761,-0.5993926454440222,-2.123895724309807,-0.525755021680761,-0.759132661553698,0.1503937864762076,0.3417559757771594,1.8761708392158865,0.9504238381860504,-0.5769036556624031,-0.898414671348358,0.4919191715065057,-1.3202332070206422,1.8314587658543535,1.179440120721287,-0.4691756521047048,-1.7131345290908775,1.3538723741654128,-0.1145398452526178,1.2378163119734618,43.40838580998197,0.34361858953521734,1.0310629139880534,0.8338073391593647,-0.2729753999198351,0.153831916078257,1.354019142371523,1.2126082374204565,0.8168679695322622,0.22080850788809125,0.3830821570448189,-0.2760226485555694,0.30983759319992266,1.0721967159384873,0.7506927951289866,1.5125307023025507,-0.3002647179188309,-0.9969069603303903,-0.2332839831572693,-0.5313715169669784,-1.6215100915888327,-1.157568057768597,1.3478575872624903,1.650748344305217,-1.1728177872665615,0.661728735021597,0.21839964541077247,0.3007927103144743,0.10307304192408763,0.99997606893382,-0.6464582095203093,0.4239516680632088,0.5116663001659018,-0.9981006602355318,1.8359124002008285,0.5281585217116831,1.2972303535117882,-0.9953495843461563,0.2147990149793038,-0.04362647082574351,1.4658451589835841,-0.5470738565215975,1.5993508708140063,-1.6072712038057224,0.7358637437619352,-0.942013330118567,-0.023477077188779297,-0.657796769596215,-0.7112168334479686,-1.1349234521737372,0.6004009492911057
0.0218888211648347,0.6225695496571586,0.8100272385061165,0.6820813892055582,0.0540516628460009,-0.0432263786781484,-0.9560585516833944,-0.6765249664377184,-1.4072934434924025,-1.5563593729220648,1.3142265757035791,0.7132662507965424,-1.0259648174807778,0.6072890151016929,1.4678504449973098,-0.0302630575969857,2.598822900074582,-1.7240618108680354,0.6938234538591022,1.1665283362210033,0.8913439016052467,-0.2043557266456483,-0.2904414820111494,0.4441451710872574,0.8157544866520694,0.6024734362823633,1.0400578907933893,-1.0188699570667352,-0.2277709791236346,-0.940015932123754,-0.3861127760861416,1.0152208918143053,0.1079839207252288,2.6068591631497697,0.1934063671897169,0.0596918805797362,0.1061829194402162,-0.6378086928599359,-0.0578366123775937,1.1277880271116458,0.1139706681277723,-0.7934597298834714,-0.9250846204786352,-0.4502018916658434,0.0738634344108803,1.193586535476262,-1.3404886413664368,-0.3198262778887562,0.1443100194350788,-1.8337057676294344,54.552192747725925,-0.3765526510222658,0.10854267602843841,-0.427755687046752,-0.7775390398449775,0.766467368111596,0.6888909324916298,1.7348318912272276,-0.4262685566764252,-1.010222402111855,-0.8047593466187392,0.2687185273046684,0.6611027776811732,1.012224423453833,0.39015394001345316,-1.13156260654633,-1.3012526243920979,-0.9328631117935932,1.475732678992345,-0.8955045203086053,-1.339752253686006,0.4720114314628812,0.9092339421829703,0.9758820833077517,0.40607916662993754,2.1577143044379676,-0.2690993186764677,-0.04473506041522046,-0.2680521625612906,1.5016346186299734,-0.5923804604873747,-0.08855005154301071,1.0214949864074392,-0.026414999087045726,-1.6785011885482375,0.8370510042355225,-0.7922679859637135,2.045893295523032,-0.37301165148314186,0.9873207116256772,-0.3832646883357892,-0.16722796934892703,0.6045303061799301,-1.1791732187363086,-0.25688522910376554,-1.4551949957935235,-0.7004744397347292,1.2833859762413429,2.4357318594418893,0.28671626455601884,2.1921357102521886
0.0123419506382569,0.3531643398169126,-0.3797257893254545,-0.6802023303974538,-1.4991797179007504,-1.2565836487369295,-1.0692089250694312,-0.7120830089614968,1.1965267866828837,1.287398628636609,-0.5961257790468361,-0.4142050011578987,-1.1081871079384624,-1.288741895619678,-1.6455544528933372,-1.3295209583181735,1.6319910071126291,-0.6904210353634581,-2.941628471763763,-0.5870569384810068,-1.5904145367608216,0.0594849399971629,-0.0483536552370048,0.0558856376920545,-0.0407260787451847,-0.3727103046197492,-1.4558961215399864,-0.0746540719714238,1.018924589135694,1.813673083795204,-0.2379913273060063,-0.1296099452836853,0.5004271790888933,1.4932415594721045,-0.4862966105045472,0.6926513169503377,-0.8228192655243886,0.3298489902655027,0.9706041766183706,-1.2908606065477966,-0.5251447220182178,0.9547830966950016,0.6161612305147948,1.035946140314855,0.8484396464540668,-0.3411035279167056,2.199190148394691,0.1369099907533947,-3.0557089491442007,-0.2823463723772995,25.163605851852836,-0.7052107363297812,0.4626263353811024,-0.2655468380184237,0.7286847972169158,-1.717794095808261,-0.1418016249960874,1.1650321048394572,0.40191895517392295,-0.5012461382334787,-1.1464003067177844,-1.0465373464856016,-0.4009151935441269,-1.681728535328834,1.183920483851373,-0.5641148006115946,-1.248270509868803,-0.18810287554505153,-0.873668891922626,-0.9083780929706866,-1.2959800206477685,3.1496480111345417,-1.011941946514925,-0.26776113604559193,-0.5868497335487376,-1.9383910612622153,0.3306932266568553,0.7933952017755574,-0.994830991369274,0.20778184872621697,-0.3564634138030431,1.4787115680334728,0.5066873795191851,-1.6181191703935376,-1.2650189283134636,0.077974461818732,-0.4854481339801763,1.2123844528897523,0.7788107685278894,-0.3137418348982358,1.474971431581151,-0.3741446410079085,1.393802351143269,1.5912231997682411,-1.4322774857320153,-0.45278495163698707,-0.08682070928795677,-1.170679283503695,0.131956147396246,-0.6818358775564558,-1.605207117877063
-1.357632444948907,-0.8765719225664099,1.1537685390885666,1.2248024181064707,0.9390889436311304,0.6077401050320481,-0.8099168567891817,-0.6348659983718514,0.3692655346561898,0.6830841251084776,-0.800840916162789,1.5645812410574145,-0.924555219469316,0.9343287467259976,-0.4781866972336996,-0.0031758567671313,0.2945926209433722,-2.100981210499598,-1.462717335427299,0.0863330187871626,-0.7243075637838803,0.9965812952746222,-1.6061208808681249,0.565255056257987,-1.3762212204043265,-0.3521049941444286,-1.064377764237964,1.9024298804711977,-1.3394921629700358,-0.1220596953690234,-1.726836148020152,1.5995701220705898,0.4012824161772051,0.1369730895986678,1.4743129392917256,0.1474224414226123,0.2195713561410768,0.1317252880651515,0.5636343254431193,-0.4924413839212625,-0.2142873073633323,0.810334628457446,0.2773729515578819,-0.1142439141021256,-1.4005223910307123,1.4980502845365953,-0.6614541099507707,0.9872372384192568,0.1757536516880854,-1.2934505227298705,36.13919513875479,-0.7036200629264463,2.11785594962589,0.48342548811460334,-0.48819699723224685,0.2848686434904174,-1.1838851760524995,-1.245593911614555,-0.7219633271251292,1.4265929803244661,0.46577331849082326,-0.8289164340062056,0.8157651649899931,-0.29550228953308394,-0.691931322338641,-0.3704326014104395,0.8365201560389821,-0.35268489899558153,1.5444420988742655,-0.4764801304514311,-0.17762495864332084,1.1056008152536936,-1.1812224476083824,-2.4352655719912657,-2.2599013674584763,0.12696908007978747,-1.2092487544616037,-0.36076641319634223,-0.22577327271580225,-0.20918043446703338,-0.4290766509704263,0.7202586588327751,-0.7290157224810525,-0.17946835767597058,-0.14147620346559694,0.506379498694662,-0.005936426468805091,-2.0145375914856953,-1.4260393293170577,-0.9874439340698364,-0.09624754594503522,0.375255256743957,0.8813644317524277,-0.4477896183634996,0.33996379075691296,-0.5218554578971543,0.542939262004888,1.0182204292344588,-1.96725566380081,-0.8229015570243284,0.3131437255376883
-0.2381695423759716,-0.2517410814125863,-1.206795886422005,-1.0872965899161158,0.19418090559442,-0.0370132321462136,-0.357492847271728,0.1750806345273484,-0.4134028982901112,-0.4643411632397448,0.3446389394715425,-0.2069968704846174,0.2120930441760968,-0.0178607009749177,1.596106515312923,0.2454376225787891,-0.0016126723945084,-0.2384908570507993,0.843184219245011,0.7079133390535047,-0.2738416303126281,-1.1556415146228087,-0.9019681383783535,-0.184162539542196,1.348927506119083,-0.2501766292469138,-0.5941236099655645,-1.7607193132486465,1.5135414356022965,0.56902814598146,0.7960099700058577,0.9616880519293748,-0.1647302287589632,0.0845906337475353,1.4886019419519942,0.1795808893191369,0.5875252900639945,0.8705507172005115,0.6429313324226437,-0.1281691702664937,-0.0338838428139195,0.7776404379759422,0.7760028599347263,1.1682325990194615,0.5510969833098386,0.5966056135920548,-0.4462333667844468,-0.5811495110719016,0.7806306743514945,-0.574185068016375,64.45425142388046,2.3573763650327084,-1.172603256861316,-0.5465073945087545,1.027421535338774,0.8103450155363101,-0.7145470084708703,-1.9700004554188741,0.8455260998852114,0.3289328939240983,1.867224204312315,-1.365140676856802,-0.5469860834554389,-0.10652910519408315,0.9958934155892449,-0.15250007015031203,0.011936780181387968,-0.6207337466025565,-0.33578174195413085,0.6134719366917788,-1.3974846128304432,-0.10489963779012249,-1.8110231428819916,-1.6680151436677062,-1.2429333469105683,-1.3435007298245198,-0.8556922001737279,0.618884817865093,-1.3102038415387305,0.8433066744329553,0.7611710130736653,1.3020030937586895,-0.5385026522226634,-1.0035864681614417,0.04964376356751898,0.1828039641701267,-1.3380529005349184,-0.1883658466196552,-1.0735110468966247,-0.19763800625307526,0.6445848930713157,1.3100562153731727,1.6434762709769233,1.3638251736003766,0.05113416662288371,0.14749362751133432,-2.256413898350012,-0.4330493147383709,1.5904816260728583,0.12160681456946391,-0.43460890905432703
-0.6846297971775508,-0.5480019080183134,-0.4293438504947142,-0.5885398156706061,1.9251131239369192,1.4306940580936212,1.215470542079787,0.8013867942183779,0.1809378270039994,0.0485258145949775,0.2707565235498433,-1.160373451068,1.0755000211306371,0.1215500827851543,-0.9549640356430028,-1.8552505395526635,0.60666651348988,2.4504557341315008,-1.0152542733462817,0.1704470504129659,1.1104972790915768,-1.2696522661013012,-0.4799567690850245,-0.8601587792614019,0.984676694824546,1.325522569354059,0.159036264731735,-0.841734068994101,-0.4427909379278477,-0.6304985142467532,-0.9772688616230066,-0.1020382008184647,0.5748264844618621,0.4902574444285194,-0.0082323645695107,0.0570538368253638,-0.0815507950897787,-1.2972115391662733,0.1601348969828725,-0.5836255854546498,-1.3473432191594377,0.3707055671155837,-0.611730036418545,0.2277539212588357,0.8476378150694273,-0.950238721145232,0.0921212820729715,-1.8104228817303611,1.5325330906092762,-1.359066496888782,79.20613226362465,0.937838301566644,-1.2334681012801056,-0.5157170699330023,-0.6637203769797122,-0.2696416252968609,-0.26170506767822693,0.7087186735179315,1.1512196407856137,0.8403191275848484,1.2432343304794637,-0.7105300793262077,-0.675087578960491,-1.6195560287674056,0.1596082474008315,-0.34598083090249077,-0.3075567351812621,-0.6947814747351655,-1.1212013268388503,-0.6267922495600579,1.3784902221527295,1.0522019076744333,-0.5831971578837205,-0.6581766876096433,-0.3114243493535451,-0.1732214313517653,-0.8725433767755096,1.124987106380164,-0.34319404826442146,-0.8993672798372561,0.6718763164925986,-1.1876068675257494,1.6314404017982647,-0.44885715967470863,-0.21765189078506683,-0.778582645746157,1.7654092134731805,-0.1154828963916312,1.1800193126959724,-0.2532459471742025,0.07429896277471433,-1.6675689759482688,-0.5115211683758064,0.00625654097073757,-1.0582486265279207,2.1460426806736215,0.5781983077870861,1.3075338803175378,-0.4636238546099987,0.19674126045260296,0.019653001848540623
0.3233842382545518,0.4300251856984307,1.901155976197045,2.3530792399420544,-1.1079321269556317,-0.8532261416934365,0.5370947919412994,0.8487465617732837,-0.8133202285268744,-0.3293096702611899,1.2591800292817978,-1.6479573488464625,-0.8770269538606338,-0.1594276466325318,-0.5309256971590914,0.5259545831479395,1.839477207121173,-0.3809135095061791,1.5767222011039963,-1.4683328563073126,0.4558148125182458,-0.5947114867543952,0.4773899306542641,-1.7568098454570265,-1.2853904794030626,0.4753125145101255,-0.6300009056631399,-0.3231176059461702,1.836285174827357,0.1375714691688551,0.9015165142816336,-0.7592721496044921,-1.3412036929023254,-0.0807353210418764,-1.4904694033346533,-0.6985896032416745,0.2377542184980647,-0.1112608970617507,0.3345193854951219,0.6003183960020816,-1.1957247158061055,-0.9419342714304336,-2.178584195362189,-0.37052330764288,0.7367559576172307,1.4912768636064866,0.1904818690831705,1.3732288635426904,0.3838270237759844,0.1074494205010182,37.96978393158556,-0.8401100785833383,0.6949979007768748,0.29798223637745164,-0.15959456182499593,1.1069647663026416,0.8291298273361137,-0.7601894489620864,0.5533635687726227,0.2502953101830424,0.7071861850500949,-2.57352424369814,-1.527041060820457,-0.27460232652043887,1.7660503040522877,-0.3266785659089869,0.44339795063605675,0.29188002611631647,0.6037041551226275,0.22505788525793918,0.4361529815080361,-0.9315217286172649,0.08710621930597107,0.7599369819598278,0.04818875474790214,0.0015439684122525292,2.1692707351256835,0.2737597054639536,-1.8062232153398967,-0.9773832502346362,-1.5335006108119764,-0.8602686289293175,-0.1791091508538055,0.059910439684482286,-0.5532785728680706,-1.0481502997801369,-0.0008555995700376844,-0.26603725114374654,0.20998819408049657,-0.08659437663819446,0.4147005139839453,-1.4183029081738565,-0.18863466385217598,-0.9746863187175773,-1.9836340926863736,-0.5079213264530645,-1.226380271756487,0.5056310512531128,0.44852527859203944,-1.6120096035916003,1.8507736460120157
0.0829173897511967,-0.1801512240771467,1.055700820396321,1.9387951284686,-1.500737881718778,-1.4342643392782592,0.5781732293132317,0.8150132888431045,1.279020726071556,1.49217892161671,1.3067900823319631,-0.3683423508834967,0.2593746708929642,0.2372617827636912,1.6626267007909863,0.7409970334294391,-0.4576453008368647,-0.2722546133443472,-0.2761692401401048,0.0184974203391543,-0.9445510888782676,-0.0813315689884394,1.3680747353783769,1.323650064374868,-1.564850637587621,-1.7231952305910865,-0.5931315558395736,-1.7791046780916322,-1.2633875386749556,0.3512089146671412,-0.0378830281336788,-1.720938401019003,1.1700329680137205,-0.421960988969643,-0.5182778003541364,1.0165558161967856,0.4108792811712566,-0.0424207518259328,-0.4945879875327588,0.5696207857831017,-0.4328125359944355,-0.2283677397259777,-1.1764957255859607,1.1425603342719686,1.5525957478997554,0.2118932214251581,-0.4861483083810907,0.9354497436204966,0.5886509259362527,-0.4437695630578487,22.440211139770454,0.16469782743714056,1.9465428375147655,0.7609047431569078,0.9449716653887317,0.6411866624110701,-0.02733193410609337,0.2871333541229858,-0.3674105867948155,0.8091160682419203,0.9791854355897333,-0.3071002056878268,-0.5034623439010585,0.8731831407786059,2.786049937813325,-0.34306254338566294,0.10131028322125178,1.3776074471743054,0.1077481346260674,0.061162567850915076,0.5990395797343382,-0.76367463600217,-1.0077842719176842,0.7631000245479146,0.07796909938329855,2.2798454829745136,-0.1656813289113687,-0.020797830532211254,-1.3186672280286587,-1.155089775168019,-0.5935903593905646,-0.8174050744048971,-0.095408181766648,0.8272248068737484,-1.2323575043213433,0.6992476221520606,0.8246072919220278,-0.6638895056131665,1.3238246127209083,-0.6279767328966177,-1.0090361636684972,-0.08352567618569602,-0.1991701900603925,2.0013179568661594,0.5712516986466183,-1.4065642432797338,-0.45888347590577067,0.19250493701867427,-1.659169687533271,0.3437152742537163,-1.7394928664515845
1.5839364409634833,1.6492281601991865,0.9051191831693894,0.8533701975270476,-0.8856523977532653,-0.7545878114885834,1.0511217477579984,1.3696045027967996,0.4425624290228071,0.4203411083332219,-1.071019562531488,-0.142285692445148,0.3009683766424111,-0.7961315055429548,-0.8791531990935461,-0.1350446018627742,0.801639716903692,0.6437340011921098,-0.8614127291863422,0.6521678851156861,-0.8359397761665085,-1.6101697979934344,-0.3671435710472313,1.1229693715857356,0.6559605521413735,-0.0015718073731942,-0.4167054835910575,-0.3897621361164312,0.1087849058607961,-1.0684374858458288,-0.3481073452012972,-0.2155694613597688,-1.3510744584514975,-0.8384482508975749,0.4105067914863815,0.0095118399409942,-0.308761791193383,-0.9114274375379638,1.576849825589217,-0.8379792146793185,0.2515928072617374,-0.4878690880737953,0.0362792926383351,0.4576097419403723,-1.370256589207886,-0.006616244153488,1.1907286489798454,1.761501893492003,-0.130013973255131,0.0416812072169087,61.52084465488861,-0.36253502509936236,-0.2604985619387227,-0.19952867332940877,-0.22626087117375152,2.141383118511077,-0.6561959548884432,1.5351487200075487,-0.20372712804159823,-0.3961460899373217,0.6377194971819162,-0.5342402719629263,-0.8155027018702209,-0.39092305952474016,1.5383304390525525,-2.0711798825804664,-0.7929315499398801,-0.010915681073449155,0.01318026088668942,-0.7790524043066904,-1.5890478856133363,-0.0771647752112645,0.4310880736371018,-0.46644919190686945,2.0051963402354454,-0.059777110392333035,-0.06636632177105291,0.4143620841787884,0.8528059005567749,1.0888846209650607,1.2505572465103996,0.1817766247947565,0.5098759829067596,0.7929034666922938,-0.610764907132292,1.5172310250102452,-0.9574868582445993,0.7470673189738315,0.36374464416026897,0.3626279925145258,1.1823501319889367,0.18593029505716607,-0.18568449612864546,1.3177766977259247,-0.6174524110056049,-0.33017857477018797,-2.8296823039074646,0.6644002490290501,-0.7532515846590415,-0.2509477943413519,-0.5727141635652003
-1.2079888228111733,-1.0056886395282163,0.3791219044693724,0.0409383050438655,1.0371413599141257,0.8125740933980797,0.9893114319002247,1.388422322982273,-0.2028844170100391,-0.0893388666213134,-2.0788050130416518,2.092856924085462,1.3266951829766158,0.647003972360589,-0.9650282075649214,-0.0681036245771328,0.7904201697630219,-1.122661566999814,-0.1804742312380172,0.9103838498109822,-1.49459500177305,0.332424711020455,-1.7547696296211803,-0.9438467555786536,-0.5045926056760943,0.5135556127187786,-0.7007891025062037,0.125548391329151,-0.6872281378082329,-0.5306167721151521,1.250661507786149,-1.1502281782422386,0.7591539739471846,-0.0010638854749819,-0.5755536889079905,-1.217522832410118,-1.1462363070990913,-0.7386450247579466,-0.1500544072211421,0.6035096361564014,-0.3002392599223624,-0.2333108518822189,-0.0839902233223049,0.4767776914387287,0.6448028191965103,-1.386965475571848,-0.2820747097433118,1.2274040173479217,-1.3161199537199544,0.0743128904489589,58.57860004183271,0.5838003761562907,1.7268338422187606,-1.1631894610536389,0.7560533220786464,-0.7506028975812151,-0.7328928857272259,-0.65695517639841,1.8065162106620096,-0.7675116467674356,0.4499002294093929,0.15091096362506948,-0.4008739562549743,0.24213315567402635,0.4805186781082244,0.993334501607768,2.4609962258425813,-0.07633080004076884,-0.7687182605183653,-0.34481513066729513,1.2931780855282224,0.08778119984983719,0.6518577695156011,-0.2312742653625762,-0.20762525670109364,-0.07843022028465019,-0.077453007266273,0.30908361745445717,0.7413940915019883,-0.8345805774771595,0.29402495961091474,1.8243495331622963,1.2372216428843834,-2.337296287244784,0.8172366189978882,-1.6309532132923052,0.7117343679998122,0.942695667499274,0.5097791306937841,1.293426818020839,-0.36684031774047227,-0.9412931361365815,-1.5670465728060061,-0.17951678623153824,0.18669796459422633,1.0420069943602674,0.5656617105651747,1.2266538650824201,-1.4968719232406782,1.3979189145917652,-0.7481288786064559
0.8627054772549474,0.7471050162359862,1.808854215041456,1.7120210840164145,-1.772151372186271,-1.705964936432114,-0.3608378246316899,-0.3430926902991141,1.478026409548902,1.6153273497250291,0.9041958140762484,-0.6226473516777409,-0.7251446492704843,-0.3653731837870042,0.6703666080328651,0.0509000887899487,0.4679609748999105,-2.603232522495672,-1.8819683265925324,-2.153679232368571,-0.3792938542859959,-1.3976598745262194,1.6896547635169814,-0.0213849663208259,0.2166884529023424,-1.0897921163939,-1.1209880907601657,1.5512386368761766,1.7824123245947168,0.415822012491502,-2.031747836930879,-0.4254781306237845,0.3132674864923491,-0.2279662700537921,-2.1201660905908137,1.8495155760421207,-0.8354939530448533,-1.3411491273491123,-0.0308761959818812,1.184253464560505,0.5130164578787142,-1.315640653178425,-1.4805936088851637,-2.191578730452411,-0.2916046113206761,-0.4730909343932033,0.513870604646475,-0.6855102427793475,0.9737074943561306,0.6546841886257846,17.642310027118725,0.5434991027893419,0.09643371879348994,-0.7358039150428299,-0.06554760678100492,0.8307098504960894,-0.06957820892122617,-0.3775546564089599,-0.35071044462349615,0.7636977158480469,0.8986178395986469,0.044607724434289384,0.6119926319144883,0.24937028272765205,2.3210039960618047,2.861136567633684,0.7407563785031073,-0.9348866927133695,0.10045295045211468,0.8648492232989141,0.649609440098562,-1.293302819209767,-0.47449044474837226,-0.032481349941885077,0.2781254895361048,1.0051591066900896,1.5528293201988428,1.0012430080932584,-0.28884783873196923,1.0006034085162683,0.3344707050584852,-1.138946872057132,-0.9012642255798817,0.6783182731341613,0.09306677628155917,-1.4345623784678974,0.7965943027229403,1.0490007010654008,-0.3095033827597953,-1.2689930591075735,0.9256766356107624,0.18074021532834086,0.16343732221414242,0.9967977661275882,0.14955959763717236,-0.24768145809650083,-0.7402360104949621,-0.05080359788240608,-1.6029935627107097,1.1627105936059665,-0.5700439924170096
-0.3613353866915454,0.0041295366730648,2.17920511190877,1.6794832506990802,-0.9335752517003892,-0.1889957587470672,0.3324369111549408,0.8403885992927493,0.7591366223425597,1.0350046009516485,-1.5109457673400708,0.0761335538397783,-0.0821558594903552,-0.0010219022026946,-0.7646446176627878,-0.6251126178710411,1.128446660369111,0.4410856150007483,-0.9567460765772848,-1.9506968944201075,-0.91441640211221,0.1572990721601904,-0.6319317183544417,-0.7096502051768208,-0.5891604389306629,-0.0727075627362879,0.7846279129583488,-0.0004192039456929,0.0619370215176507,-0.2248603638828204,-0.499356832154739,0.8942408713199297,0.7424020678441962,2.04527991766605,0.6105642983892529,-0.4984143218074631,-0.9046513091101898,0.9529452607116164,-0.81498688431011,0.8097366865220711,-0.7599139938926139,0.3491583837872805,-1.059751214866362,0.7798853543320813,-1.233671655509249,0.2729573295067017,-0.1978399342270118,0.1018064372262598,-0.3958038341616338,-0.4192599473709911,33.14785666170248,1.083609653905471,-0.6808872820390818,0.20367208489309827,1.981691806400029,-1.0173239077974048,0.8899875622171,0.2767229725883162,1.0499941674505682,1.127374010445556,-1.3683630920540222,1.2570797684810704,-1.7256742533751028,-0.012143411138766203,0.6034780416679837,0.29827110460098805,0.1270685733595555,-0.2230698117907077,-2.06763055408835,0.14980630694108532,-0.6823456398792657,-0.30647749211043135,-1.3400177279235521,-0.21873801295081943,-1.6258920273744961,-0.05282173952757766,-1.6133394017494636,0.7937994595098654,0.0647687896196319,0.1484502836510538,0.23897841806376185,0.9053650058030519,-0.49611677818152405,0.20627640584490153,0.6755618979049025,-1.4442213202567409,0.9408692382732966,0.33010801011515206,-0.1936273596236468,0.4507156200324405,-1.4606703825179908,-0.7409566670561635,0.7910754438725505,0.12306236652628441,-1.1469285123354318,0.651477246707511,-0.4998103420224061,-1.876997526507554,0.09803959795341746,-0.8560084859461911,-2.1106808475884145
0.2854068907532169,0.0248303076241984,-0.0637357205666516,0.1045490704093893,0.2256134674585539,0.0620328045634041,0.8117183992815746,0.7293534322281541,-0.2502712250047079,-0.6351324501276228,-0.927273418395512,-1.9664630623052528,-0.3830466776975072,-1.4310974925837,0.7123109326704704,-1.153503572542126,1.4851555637091622,-0.0057928892352251,0.0591741945942292,-1.980631328544664,0.1448626288505232,-0.0801799168732532,-1.2990890349254696,0.0872683387968085,-0.3979230108074238,-0.2167878178953596,0.0258817621940462,-0.4714542131582016,0.246456626948868,-0.0865554823509634,0.4727684683865754,-0.5286745939719916,-1.0649197529339594,-0.7088685284381386,1.4426567688517786,0.9559665262067464,1.2133791325991092,1.2827139581702196,-0.4663180571732023,0.2958119354084627,0.0758390028479622,0.6595385255914219,-0.2891682452309674,0.0929741570910041,0.0722714776196856,0.5322623999156977,0.655717221071599,0.0936710323402001,0.123990784065808,0.2258980207487043,69.21426822065501,-0.8505564586621955,-0.9906923886377034,0.19152096386596482,1.5687786041028489,-1.615366451276726,1.5910193057751172,-1.2975096399822306,0.3388915982185217,-0.9142813107966419,0.19948529944291313,2.5943101847741112,-1.974670894587108,-0.7051820240254287,-0.9079457135226163,-1.1357508478582938,-0.5136113022139397,1.1903363406093688,0.21876473678477085,0.5488278614010552,-1.5417679247047975,-0.14458871698605452,1.3809265638012977,0.16363376366879356,-0.03113553831527568,1.8311470752546317,-0.05989952431426344,0.8058272104247736,0.1988956723491754,1.1017396495445941,-0.2616610860424581,-1.2025685442481686,-1.6039617514266094,-0.5602026923402286,-1.2034140699711293,0.7751445506114306,1.9049998404102473,0.6086563386341333,0.9644174581203495,0.9597296602772671,-0.7545091468138538,-0.4467774296361395,-0.6805180722834149,0.4375876145863273,0.4178640261994408,0.16999604147217434,0.09066013311417374,1.2000455531706102,0.5667774688155444,1.3127283711385471,1.2853701610377257
-2.0593542797751767,-1.7403395127027703,-2.171124377556448,-1.893447558449344,0.8540702507119534,0.7668114799963262,0.938109358970598,1.3488750310002413,-0.1435384372620087,-0.0725297284169423,0.2126699561701546,0.9491650626903592,-0.6110627145650674,1.619313979630682,1.0417101985426294,1.4714513025679976,0.0545044217739547,-1.2554175643832894,0.4603974396254061,-1.6970198133235157,-0.336185803621952,0.1910804366322505,2.377224292510768,0.3185486119419406,0.1395374690830392,-0.0630324240352927,-1.3420909047650176,0.0858258400130076,0.1028826761367724,-0.9686084954537172,-1.1867456144283648,-0.4815706827677333,0.0649329785726931,-0.4575541813814581,-1.0508754496515214,0.2892722520043055,0.5388668241692289,0.121297709222235,-0.5629827138769333,0.5948410212322582,-0.1905372897269811,-1.1890837073451497,1.0362443550013984,0.3535080192664899,-0.119290305695739,-1.571052204834725,-0.7448602791352117,2.018565712382927,-1.508342061880697,-0.2513492796416924,58.96934846926768,0.10473529863813051,0.6294135848867876,0.24123813765534804,-1.328096262433748,-2.035530842817873,-0.20576859802966765,-0.7578561960058762,-0.3341364484598427,-0.575944811423728,-0.08094820624384338,1.1375390131506349,-0.7490792166512826,0.6588139748838979,-0.03927330695157529,-1.0345386308482871,0.9527596891941905,1.0374611035089725,1.2972492001860536,1.2724965439077798,-0.07612722306890851,1.5419723478386336,0.035142224620872076,-0.030041156748162053,0.33419894317176624,0.6696844893165048,-1.6227140503458455,0.04402595756180984,0.460328390011182,-1.1053821813650617,-0.04104779063976698,2.1175194017310353,-0.29637189375324985,-0.8804073025864007,1.4441433207128669,0.8586029566244989,-0.5582369335841517,-0.34448676495407904,-0.14323554191355994,-0.43395549707247744,0.3717821000782752,1.2696292205834045,-0.9136686974462381,1.76232165216181,-0.8597876419714956,0.06116488315665739,-1.9708008160932078,-0.27124473751674977,-0.5467581480120538,0.5359553424434758,1.3250960561048197
0.2446720343469383,0.4445277641919635,-1.3937595359168644,-1.2853375975652837,1.0918135336544557,0.721135787604033,0.2421524073225103,0.130653992990814,-0.7695025565184669,-0.8835128958361705,-0.9968741191528924,0.6224273795277628,0.2936811899596176,0.1831013918828793,-1.5681185898807923,-0.3569582022263248,-1.4581577913576127,-0.5882474013167657,0.9171386615205124,1.231057903355565,0.2139486494908853,-0.5703405124339853,1.5880993323604182,-0.58359063375618,-1.1356864918090044,0.6964829679167834,0.4577340425697067,-0.5425759109258408,0.1002252295695672,0.4421599888517731,0.2036788410518163,0.4589389549645806,-0.5057148615599742,0.526245044239599,0.0175578375832819,-0.4718105215363534,-0.2458847622332747,-0.0979018359244179,-1.445378337061279,-0.6366592465699283,0.0649055155927859,-1.3509910353888523,-0.6199236618145806,2.384644978371872,-1.129258364821194,-0.3838139126504293,-0.8337172785287311,-0.1168700039533368,-0.8149183431349799,-0.2432431232924328,88.50358100929009,-1.7485469849575264,-0.9149590677826966,0.5212952905957563,0.5222436812480098,0.5383240223969266,-0.044743180762598096,0.024857503751269192,-1.3446490274694252,-0.16322642823090652,0.07890283114456365,-0.45310758937508794,0.461230493586657,-1.5870337615259915,0.7616721862950018,0.6131740018915679,-0.7875678697260957,0.9679737442743352,-1.7654286975257067,0.4349370541780767,-0.46643141236127256,-1.2933455163348309,1.941206008265922,-1.6742271490919693,-1.3752594809811896,0.8285030798200165,-2.379814282430362,0.3412266326924841,0.3533167072516935,-0.6255156566820088,-0.4038989108644139,-1.5966516602507685,0.5675933646089623,-0.06242813747513088,-0.5618846512624851,-0.9763393192547702,-0.186647937741589,-1.5764391935210893,1.183535444768603,1.2522006555545784,-0.16363299564993505,-0.34313311305969985,-0.1359479580576741,-1.519634186517625,-1.4953821824487257,1.587225753825556,0.06205826470539632,2.559899259768538,-1.43715378981121,-0.2182809861481987,0.5818812995760403
-1.6233169223424844,-1.278790973487676,-0.4958797237393189,-1.179128154962532,0.7165772397413153,0.9528863671265532,0.6033888432648137,0.3434182001710103,0.0745751909381243,-0.2741974440831129,0.1321437571913281,-0.0208772809219007,-1.1029294886061451,-1.3584113413477443,0.7506385840969886,-0.4530004526783817,1.0120309622323458,-0.5433937298246726,1.30217973561921,-0.9483895549878306,1.4727465575112082,0.1743718630580621,0.3997967407687113,-1.004024613444427,0.7292151829307869,0.7639281324111726,-0.3244348575252138,-2.133995392000717,-1.1133285659133674,-1.1134806613919588,0.4493528175413475,-0.465032339520143,-0.4456097162722504,-0.5663122698614174,1.4692902778219583,0.0453519608298476,0.1977403355832969,-0.6193895114379888,-0.0296386570071963,-0.9756893427052143,0.3437246775579295,-1.1465535779730305,0.7442198455991583,-0.7349522727717606,0.9483928129882035,1.9072942576819765,0.0011011115251588,1.3116151221428891,0.7514489489854189,-1.4327820390357926,67.62878164528479,-1.2573403004288446,0.0812768427670279,0.005810558542450015,-0.8164039861010418,0.18424791394410256,-1.213941706157383,-0.30045486881775135,0.21160038058850683,1.6198246049826486,-0.4613722147467896,-0.49339074970988994,0.2888649470196864,0.008588138508182646,0.825954155620064,0.3854694758482433,-0.8717747409692631,0.9358688292198426,-0.40677521629388924,-1.9206888668853224,-0.4249268355569598,-1.386048540585573,0.09237914939206851,-0.20756156621926944,-0.9339919596369565,-1.8675639364387564,-0.7342399476916422,0.32252626325596734,-1.3367758782752475,0.4539890643795448,0.8557352519761905,0.740300328761527,-0.3642404820512782,0.2305980188939099,0.475201627947098,2.2057863526773978,-0.8452490036570655,-1.602750887498892,-0.10985363780509941,-0.060576940251455685,0.45686325636846165,-0.36072481995861383,0.7845448725745642,-0.3586388907881295,-1.6234784747561903,-0.9681310092523677,0.6482465433674083,-0.6026916869903975,-1.276105673706229,-0.5121789855063287,-1.3383765348357681
1.279175777348191,1.5308429201264298,0.8693971750787908,0.7046055282073033,1.5124557258472144,1.7453928939585472,-0.509438944220231,-0.2098784825534473,0.9469371819552072,0.7728002489754552,0.4817410325876257,0.0759010228843681,-0.0950420036929205,-0.9467840637461964,1.8121405873077656,-1.4633936285052291,0.4122539740346844,0.3766565921072789,1.1543562861524257,1.3880900323792782,-0.1373885994167757,0.5303943059247528,1.7648737104525094,-0.0651767669222522,-1.0664334750651765,-0.3844681126994213,-1.3046459986144672,0.3718168109947226,1.0644562081406352,-0.1210414920675384,-1.6209600494536405,1.0216508350576774,-1.7762989615657787,-1.5459547779230411,-0.1783383874947187,0.2517852456754991,0.4222474987583541,-0.0661395520464733,1.7600437651348573,0.0651683410832018,1.0346681017529358,0.786954564094698,-1.2928737322045296,-0.1697304872855214,2.123320513281019,-0.5043508539402574,-0.6746205243566907,0.1705755814770222,-0.4685199292600519,-0.7937045795022385,49.28259592384966,0.8841008365591795,1.5834650253840938,0.2650560448403119,0.19150693879273067,-0.4790510573617538,1.9391925690994662,0.6084077537992262,0.09110086660612234,0.5631354551682595,0.5204878447742322,0.8686630423557151,-0.7650623329109258,1.3854863405180886,-1.1252648898076596,-0.28429011055333836,1.6933256357403823,0.4367325555648351,-0.8746398141480543,0.2705977161156537,-0.7054319960782337,0.17570894260456668,0.16221291724622397,-0.022597833044902496,0.4891686338368702,1.9852128188365519,0.4121638465035031,-1.2073794021077044,-2.443083621848954,-0.4309599067001535,-0.3947782567536824,0.8803754230545769,1.7598129231736774,0.37788228228123144,-0.12508053197001676,-0.38496652880844884,-0.09622822848319072,-0.8516928244212486,-1.1796394343446839,-1.1259776634723684,0.20758361209537735,0.13176187600038997,-1.0756904249224142,0.029211015710739783,-0.003236870733649335,-1.0406595794171818,0.17420134235907095,-0.3807958538356352,0.37162963803304055,-1.1476463988654357,0.27764132753442305
1.2577384675036598,1.2603989192947649,-0.3744549147013793,0.2819682499716983,-1.3334321454495686,-1.2746574136334463,0.9811495194007848,1.319052551448858,0.2730888585298889,0.1133646327648685,0.1007032140339776,-2.3038449694880216,0.8428026912605329,0.2585749007371417,-1.3452324520998302,1.61642555749004,-1.7961646591685814,0.5303061822496024,0.5551717689786619,-1.239670439352481,-0.0378506908101168,-1.636827842152863,-2.8463743163268136,-1.0678762269316586,-0.6166249422619968,0.6442561808107916,0.0674080850608197,0.0935454593861461,-1.014421623283585,-0.5300113040413865,-0.9299266098691612,-1.2249740070298083,-0.5936994269872572,0.0745123850963338,-0.5726385194242033,-0.3235026694249729,0.6949148109113903,-0.5007544186907036,-1.3339666309878917,0.5634535216012392,0.2658496485082844,0.3286594981723144,0.6258386575357097,0.4566415273079452,0.028728692471304,2.391452662852093,-1.2849687463019543,-0.5864172784885583,0.9673343646781668,0.1425862920955743,32.681242252722036,-0.950683791405327,-0.3067803928713705,-0.04502682282886669,0.06837062931026103,-1.773504333949613,-1.401002838156084,2.765979614439267,1.8065346714593336,-1.3240868298658868,-0.817928009687607,-1.6833446945728323,1.1694082321564618,-0.4473732498412154,-1.0935322864596726,0.7534043708791854,0.030675176070709104,0.40120716348299545,-1.5110540339128657,-0.6181114316735742,0.7214359073440844,1.1508766027273922,-0.9644968199896022,0.989799345927511,-0.5463262643119116,-0.6564589203020619,-0.7977807260741908,1.0689160184253121,-1.016888549129112,-2.4933500484826845,-0.1129564652291107,0.6200049889007526,0.11620171909580941,-0.1972900891200689,-0.5400143385700622,1.4356447200992184,0.6641168537444525,-0.2005728328917318,-1.2707564549216974,-1.2715590702992374,1.8279434714648592,1.0922907020247334,2.335277786576755,0.3344932083453429,1.594102320009313,-0.908793467195573,-0.39385053612312304,0.7444454732331406,0.11069057054688558,-1.2179978405563514,0.865985332962196
-0.1591494715377279,-0.4407643955247601,-0.6389850540666776,-0.2982205431025782,0.380067440573832,0.1942644137657105,-0.7706179501253388,-0.8632837181329949,-0.3146014474420489,-0.3072506963333491,-0.6421271738316033,-2.0265777765994355,0.4021978249123513,0.2485451051189872,0.034393795307583,-0.6422324784439893,-0.034572225485819,-0.5112594578695273,-0.3023495663317506,0.841632255765075,0.1842172295300934,0.6099513873319773,-0.2318685066257899,-0.342017345804775,-1.1534825308886436,-0.370036612568197,-3.321114555589139,-0.5902219663056348,-0.081874177190839,0.563673654270156,-0.2686778775249567,0.3476735422449994,-2.179788661390245,-0.0568368522069497,-1.6795027929134034,-1.2083035156593327,-0.1871655478638609,1.2762639878735544,0.3712067634700587,0.0182309971371171,-0.0195303894671022,-0.7136288932044673,-0.5439834133726836,0.4273760454707971,-1.3853605184444944,0.5930540502830212,-0.3885070671188527,0.8255570748695653,0.9610934572320832,-1.67308401250574,54.064780094126746,-0.840908798047855,1.3140094746438993,1.1487334829294389,-1.0553870170924875,-0.6903866261386762,1.1716623117805505,0.09913833941812458,-0.8601926954224983,-0.09298279158950128,-0.5338549293920343,-0.31520292616347895,-0.6584099351183408,-0.7273212215022773,-0.3413098462098483,-2.0638850467544914,-0.7633491867151124,0.24475032668477378,-2.052874420349235,1.8103026100041621,-2.600575019529331,0.5515930140405155,-0.4235433333907801,-0.8313061316402847,-0.10254177150997427,-0.00973016750834365,0.3957651515251236,-1.6692905299444687,-0.15433037587971055,-1.372259452409794,0.7353374532525071,-0.8772495699787377,-0.10226574498399026,-2.524221680321121,0.4328185412653227,0.808540758322193,0.6102360060046633,-1.2831490454166905,-0.17173600889506777,0.7848093094573921,0.5403449145364171,-0.043022322964259174,-1.299145941755694,-1.2486863901571623,0.041021756243463325,0.3453222574703249,0.041153126403164396,0.7615828521273778,0.3880746732863844,-1.827128939574133,0.3883821769051948
0.0021184210174724,-0.0514386643762331,-1.2561552745073867,-1.4517688485273437,-2.626684755998612,-2.578777899337908,0.063183668807756,-0.1680031269661407,-1.56410176347928,-0.9478030426802388,-1.0414312698645425,-0.8124698322923339,0.7179313858226648,2.014113723359744,0.05135875880268,-0.8170954586402323,0.1886704475099985,0.9390291574991456,0.6209975658727354,2.7431128724637457,-0.7153375690946667,0.252231479919298,1.5489179534182032,1.486159237018532,-1.9500779265243808,-0.0033576200399812,1.4845207658486996,2.890642990399137,0.7037958837508185,-0.3678632936964837,-1.00920315243739,2.2187433575308493,0.7287415864657592,-0.8480669268854175,-0.2031563663337811,0.310186516828704,0.5438066538881178,-0.89961865754579,-0.6141904181254927,-1.65293456237296,1.0397622896047818,-0.3416184667703161,0.4663216491832921,1.4222585085763269,0.2198701423739456,-0.112970475949068,0.1939214768839341,0.0631936038502268,1.2461649978779448,0.3108383975387898,18.015427815211243,-0.008278074550049355,-1.2145434897264067,1.4323420312175017,1.0584845435303247,0.004093007675456265,-0.3653359530124707,-0.8417119460380091,2.2947685915477845,-0.24587875575043416,-0.6538799136521003,-0.23815293504385798,0.46245398612712674,0.7255161387753777,0.5345436134561904,0.7540621272311238,0.005685698039677293,-0.4168852800525142,-1.1808359169921354,0.3992694076141758,1.429927790332089,0.30267689342297366,-1.5588027694179176,0.2039053513449041,0.5407775189589796,-0.6527039051353473,0.10647630450482724,0.7121866576270373,0.960183669374349,-1.1132566940209931,-0.32779200392716895,-1.0563434720992264,-0.3521362158210421,-0.4953032426034153,0.6005097972271872,-0.9581008136621948,1.6407522582727576,-1.1298710165326669,0.9157398191575445,0.692857874596972,-0.4326804985026243,-0.5582410564333905,-0.5707074527238175,0.9169294538718386,1.7831584515836283,0.05343175265543497,-0.07549237144633661,0.4226237175671739,1.5584052226061689,0.02088172952146569,-0.04936066670984474
-0.4287240810805829,-0.6540516698834535,0.6951285715453335,0.7683359784288024,-0.1049014229197664,-0.0801073903459486,-0.3647065850221144,-0.542861628396855,2.4647019843221645,2.557074440430007,-1.285965486629445,-1.0920609349254446,1.7890227409090098,-0.6446133060420489,0.2402088748456703,-0.4740782029223237,0.6032003423308876,-0.0127135477114935,0.2530991961995718,1.2872463713031803,0.4402696468489651,-0.7350673774562619,0.3120670490885751,2.4186527483478866,0.5649704690037578,0.1519096549790021,-1.3705529527607008,0.7244185306649547,0.8722268801817192,0.3127231467873003,0.1140941190937979,2.8325396811739347,0.8554277491244064,1.2400282618429634,0.0668821544218213,-0.1315944180380557,0.6320990777021411,-0.132542862202931,-0.0504339846780978,0.463205681874362,-0.5128098456173313,0.2204092150596172,0.0800841465260509,0.9670256374540332,-0.6113143381520736,-1.99993190527746,-0.3106349201426755,0.3972860227247472,0.9641074571602368,-0.6928430027718153,31.570131502570586,0.6947610308465396,-0.5339091013167999,-1.1890112823800345,0.20330294356907486,0.7931693667930979,-0.599366493840319,1.4182403547575644,0.3788105294965933,-1.1732695560039301,0.8639466372698691,0.5841314848188115,-0.36278632753417206,0.16343176058713194,0.6625625498799194,0.23776116459489285,0.8501865538483758,0.08369939861550929,-0.24237661538640737,-0.5974382974725463,0.9981164887161206,-0.28860803000153085,-1.3436243632847782,0.5628399963216041,2.036872171795816,-1.024251310627874,-0.1390655984692081,0.26699609685770814,0.2343596907289823,-1.0391461303604195,-0.07072004890021252,1.2724006274490574,-1.3598560244719025,-1.1836923420361263,2.688014290491059,-0.4180326946851387,0.4901971418462857,-0.3783926926938018,-0.665091948081787,1.5642902635270133,-0.3932363596671669,0.5791253871425066,1.1340802960689875,-1.153966190889869,1.4488218177872538,0.7101300294384755,0.7585357401050976,-0.559925837513242,0.575349547181206,-2.060054950306531,1.4105803987732242
1.1888062411931566,1.5665536057481797,-0.8557425799515072,-1.2822764083563492,0.1829145636202559,-0.0437693833903045,0.4621540960596773,0.3406244599838041,1.1346396998210568,0.878135335193181,-0.2033182854175067,1.1222033332933687,1.3831356467781524,-0.68015236575182,0.1817812325871601,0.2944189776840481,0.3736534056211483,-0.2625756593156221,1.2813833981236349,-1.8897034836215452,-0.421130234801084,0.4479307327729469,0.4572248119493435,1.352759030614763,1.198225393201287,-0.2855416253072237,1.2998712435306046,-0.7140417437774549,0.9308873827918376,1.8105224784209928,1.2149441068549691,0.1057703835241232,-0.3317787717721222,-1.5285912962592862,0.310539637914204,-1.1152172279709192,-0.7931346636139368,-1.1907458007366716,-0.4603923326566551,-0.0279694144869822,0.2736145811657051,-0.6005066354139633,1.0692837063951832,-0.2082052579899659,-0.7877224332655192,0.2262922672434363,1.963552833543816,0.3351605665351178,-0.3628556273736071,-1.527461356118704,53.88037602981447,-1.0608267958340962,-1.4071440262149164,-0.2552519421022534,-0.2846830356725835,-0.01653575024762565,-1.1100035718859267,-1.5888184753202212,0.3778292212221578,-0.10479191689472767,-0.011723503209193423,0.6138663461407804,-0.8687763509936559,0.7454472820569326,0.1413051241048105,-0.9959479907832324,0.6212544539551925,0.21559968370586682,1.1491370484685344,0.5665119294411894,0.2106851882954789,0.6761049292948319,0.7411650473265385,-0.1483471788078211,-0.22178520107839217,-1.20216836717434,1.2649635597716582,-0.2842882277692054,0.5343765628400474,0.6817831818346294,-0.35819799128777635,1.048406632234971,-0.09033230551015822,2.055220968516346,0.6392699474777953,-0.8724171526193806,0.0005618554692100441,0.8641143920499731,0.7317864863922184,0.6707183224357742,1.2041277404634543,0.8127356647019062,0.9675318526039591,-1.2498039072751423,0.5162858974073742,-0.07604718898391674,1.2550102168635007,-1.1601938689154594,0.4090293980124951,-0.8665159110088873,-0.7091398766342952
0.5152943216244674,0.281176538741014,2.184096733380456,2.2379303502285803,-0.5806483025539511,-0.6096397773562358,-0.0929442066135882,-0.4381877599203047,1.1168337755299542,1.364720381929262,-0.7316317389085281,1.890440685155783,0.0493083315202226,0.7688396759688968,-0.6082265074447593,0.3631156277445234,0.3111099911431952,-1.889649292096153,2.01527511046064,1.2906444609225471,-0.3971953161459876,-1.1022697404558557,0.347561613803552,0.0866976994143965,0.3556689485632294,0.1915773961940896,0.5062409893059261,1.4473056993918063,0.5681032051286461,-1.0496554989099411,1.362562852712452,1.6406145634882874,3.152056734512085,-1.123494033239598,0.242882013150275,-2.0820987031889877,0.5531491563792091,-0.5482002981667726,1.9234457948249533,-0.7746149700185819,-1.6891830379672617,-0.4712637407025196,-1.9754877712171373,0.7510994545073101,-2.065083046256321,0.0284575811831588,-2.077811819856197,-0.3202978045366419,1.643378155804534,0.3606478914357949,40.06271319731832,-3.480808828760084,0.07299675597335759,0.03272449154070758,-0.4381098242435948,0.25206034270527783,2.4100486494071336,-1.3889081710291074,-0.5930721344322301,-0.29003743960637235,-0.460832339796763,-0.7445605403930292,-0.6050667881147398,0.038498485695272235,-0.8344287335176476,-1.4333239283806845,0.9742622630864519,0.6331686033160521,-1.5227145097905055,0.0907909029671071,-0.14408557045249443,0.8268892198167086,-0.2825833831169834,-1.754797885371245,1.7691980788774428,0.10324165869908547,-0.596036549847532,0.39119015882625124,-0.8968816214343724,0.33704869084474515,-0.08933492345641343,1.0347608071046908,0.3583866131281748,0.059312765419377855,0.6242691543408252,-1.344319297606588,-1.091749429224336,0.33432825353352447,0.10073524631751796,-0.0994724027795285,-1.528341582162881,1.1446614595996163,0.879987515299927,-0.25078506603645556,1.574491300465195,-0.19560276242776056,-0.4108334265721668,-0.677085423451663,2.3687164651947503,0.6568495243296528,-0.16883219817952008
-0.6301428301423468,-0.3483785894474973,-0.1098641231019356,-0.2755368689537063,-0.7721923878043793,-0.7569025865508124,-0.3755000400755709,0.0008178540743313,-1.8750073874719364,-1.360218684720133,1.0522111559570586,0.097434110297303,-0.2269424661379243,0.4000000056135664,2.2887906608802893,-1.7632366989034851,0.7820273875741276,-0.9116173021539026,-0.0199183962997312,-0.247880119078663,-0.4283182577977557,-0.0104651290527293,-1.1341711452777905,1.029180436127967,-1.7941435111986004,0.539764512828342,-0.3265358525345711,-1.1709248938074537,0.2023833705986952,-1.556951086706478,0.0397138217196346,-1.4228769078115544,0.4612720843178312,-0.9243573336303756,-0.4509940170293094,0.2939493879431622,-0.7725421118422359,-0.0579639996683025,-1.5138305012448536,0.6308756035961556,1.7649138055507714,2.7922088679099613,0.0911681466664391,0.7882041407971867,-1.7806256729074892,1.502734326305588,0.7762285047241061,-0.483933444951233,1.2371808002890092,-0.2544760766453415,50.721453654041575,-0.8702232421435117,0.7800781797165829,-0.266914712014321,0.13977696976623552,-0.3761323809741358,0.2214916232783944,-0.5951034386477235,0.31470630755446866,-0.3616325236171589,-0.3734296950161807,-0.414372661705184,0.734000384813558,-2.3882924507511794,1.7369429430193026,0.12132728274562739,-1.2495559027394803,0.10025648704515945,0.29439275913620677,-1.7179573137198072,1.0830506555535826,-0.2573108661846765,-0.4226580286171217,1.0100690205936125,-1.9587736612955935,-1.9698967934405986,0.3806554213602774,0.4185693262294482,-0.07072889952100804,0.16222461337815983,-0.3243220409101956,1.1559719901158712,-0.11806975592214562,0.7411200128832625,1.14488162369814,-0.2532212766165934,0.866320364823763,-0.8635260630446725,0.6062097760176023,0.48230842425577825,0.5591949907086667,-0.035662653621835405,-0.6854355594395208,1.8955024193925007,1.4613719875076132,0.32915655084322104,0.23152783030047383,-1.5166579287172552,-0.2747844358000674,1.493264821887517,0.6256003295579746
1.4729835776298297,1.5921099306906177,0.917366649477848,0.7295373542967009,0.6012367881516733,0.0572860017860565,-0.2129786565502112,-0.7108887078216176,0.6104399993168492,0.2894856833625882,1.8182787037428212,0.1921922494586957,-0.3201695082207257,-0.5402855278956832,-0.9329484701730206,-0.6277549867574896,-0.3506733936585964,-0.48763907349858,-0.6581752741371039,2.0988412303524395,-1.0300950764894898,0.1466325876461747,0.592521009760872,0.6301079955837326,-0.058607075782472,-0.2407025718473096,0.4515474912395065,0.2665216499782007,-0.2589588347675133,-1.5618785717244308,-0.4679237223332475,-1.1465501637074578,-0.6671595500663265,0.0332232385169594,0.3587361439966162,1.7804527512924062,-0.5374063789038138,0.7746256352751506,0.3059600244378365,1.2959976706397898,0.576228719595626,-1.0084814272863163,-1.7230460292912313,0.3112616996675048,-0.5284509979003907,-0.9803137459505972,-1.2675777045330776,0.1609754975871555,1.507707699313365,-0.4086723457060416,49.546497565439324,1.2056280779528372,0.07518708760618616,1.792922591330873,0.4079250175142854,1.7492242025271545,0.02128043710406337,-0.2828867205196255,0.4730509282332128,-0.407381367381811,0.0038806166804070605,0.44510425483270666,0.3610251451427553,1.179913410425699,-1.0720580618430398,1.4072381367677635,0.9491491616748444,2.105161380972418,0.21964158661701466,0.8630607812527138,-0.04225915609369724,-0.9486245101864299,-0.7404259806871265,0.7471412320266032,0.14836285868198548,-0.24280228731195067,-1.8030867617451225,-1.3077999067530763,0.06548485945721165,2.008669008239167,-0.5358567265693974,-1.5360816755659061,0.23111327104951215,0.6351270937507677,0.5318540204738004,-1.1986001519629408,-0.15649639057169043,0.04638355791654349,-0.2896871727535511,0.07208750410662172,-1.1157803568259743,0.47517515689408685,-0.4956604139187791,2.541641059840153,1.1786959847192626,1.6964582202444303,-0.66758289705895,2.0634455377887395,2.3836753807382025,-1.1484146746365285,0.31784095752490377
-0.6021793504688688,-0.4937172484895908,-0.9223846290616872,-0.9653741762144836,-0.1322327291701942,-0.4225282790435897,-0.6539007570945464,-0.2708981464327216,0.2442085948870853,0.2818370214415396,-0.1205446678506812,-1.8870935241978417,-0.1286359218295392,1.041696557520979,-1.185683791243909,0.747038926743637,-1.7018316692926767,0.0201912382323307,0.5445184501466294,-0.3121125242693922,2.47247154045335,-0.4931904370886025,-0.5784162376782022,0.2044920418550044,-0.7549731358372088,-1.4413375938153117,-1.0976697749222168,0.7579867595478953,-0.3049395588753549,1.7020209505019264,-0.4412362450725351,0.710510354732298,0.5108419794618706,-0.4561508071800212,-0.8788089291659094,-1.7318036989259478,0.5531207796800928,1.1982597325501452,-1.5899306717542343,-0.3704449349966743,-0.6669183301927487,0.5513691503202077,-0.3286526879526677,1.3229805704178166,-0.3843931909668498,-1.2363834595359044,-0.4688053252108123,-0.3586146001587534,0.5260999454946618,-0.3735190553654843,40.628572406907864,0.3431350510168737,1.227050059970152,0.22395527808973467,-0.12497578635826605,-1.0182496443282278,0.8867323595545424,-0.6190727365172086,0.9373272918208769,1.4713935483488034,1.6221749188698538,-0.7989206559187648,0.9681026637765426,2.0700263824782756,1.3023407448537614,-0.2280932319970342,-0.17905877605114642,-1.2098121970579119,1.671962960073275,-0.40553991406707834,-0.2784294845234738,-0.9421220953528093,-0.38552370444361184,0.22877338002468198,-0.334089207095231,1.0577686473022374,0.09877943755105899,1.416126282081506,-0.7556768387288985,1.175224455567833,-0.7079529306359024,-1.5659710486073257,-0.6706762364050985,0.3103284759617465,-0.0387147689465107,-0.17494736099589125,0.8890417717343652,-1.3286435742272604,0.18300995037398718,-0.33257312833496894,1.109227535934208,0.7903916101860035,-0.8564195729613694,0.4885221794282672,-1.884330018952845,-1.1622916482008077,0.41670781964097137,-1.024623458538768,1.4238836901560672,0.6096077271513874,0.5599642402758171
0.7562008106610872,1.2520593606493322,-0.3935495157473804,-0.4161794389659823,1.1144042164012784,1.0297205002891048,-0.6224709567788811,-0.5770401908077935,-0.5251506527596319,-0.3725842467958868,1.4716694130232464,0.0627138089829159,-0.0742454627319104,0.2477081624927064,0.0537619651754816,-0.2209773739096731,-0.7615573364668129,1.565280458096932,-0.5702722628945416,-0.9305120665074942,-0.0805556509200303,2.157515217436302,-0.8215733043450757,0.709615218728623,-0.2463316049168853,0.2448072481269719,0.9221808849615792,-1.7196888081929915,-0.8963411087919169,0.908012794927052,0.097451084081342,0.2118746404544298,0.7113836170455102,-0.8896014909026162,1.055072537827321,0.8197837246405497,0.2383172072583706,0.4681317328674864,1.1649737776570268,-0.5938390587341567,0.6613570184612205,1.7443572357147674,0.6406262494886588,-0.2223932276586798,2.3182056903723653,0.2308145024104937,1.398591599679747,-0.4215314136807319,1.0678024979057037,-0.5464250475410775,50.91885315541871,1.3238748037872132,-0.7491792406291301,-0.8053718270503438,-2.8325195707762085,-0.6992382172851277,-0.6508327256299632,-0.03151232442302292,-0.978322207591943,-0.36370311610051537,-1.236520336346672,1.206118434774283,0.3609860825370816,1.2840410068362866,0.7388232834503655,-0.8526850162328397,0.08910076670387657,0.7544756997706997,0.5710314643971474,1.420618292774008,1.1387180678560977,0.8787342780476652,1.1330634416071725,0.0403304008891439,-0.5324589840683974,0.631942237742184,-0.25721603684469535,0.07213805385166665,-1.069559905877322,0.8018192902010522,-0.17245076202828996,-0.6713238076569781,-1.2447227969187662,-0.416217619899324,0.32572503424362986,1.9329566907526607,-0.4247716341168265,-0.8635221330147131,0.9387431750565721,-0.5493628701120722,-0.43223285233237513,0.1818629132550231,-0.3201930196346475,-0.23819804026761085,-0.2367438476519242,-0.9201563140982175,0.46012429163816976,-0.2940541639195322,-0.29792540895699365,-0.3096849162762836,0.5335366393000435
-0.8250929733350166,-1.0351500682899568,-1.287223180504095,-1.6138308849452745,-1.4051638599397829,-1.542754077118642,0.0933099380609668,-0.4363394220011841,-0.181669569616891,-0.0685445035947375,-0.9874504687235516,0.4982647071958824,0.0296718249774449,-0.6905280258215071,1.3242777631296714,-1.219930899990216,-0.3615904658640628,-0.5056562781784717,0.6150376277610444,0.0481636911371943,-0.1081652465345969,-1.844216703867239,0.8650344806320929,-0.2178258148317369,0.1156610176104199,-0.7485632200938773,-0.9058287628170728,1.499287758475687,-1.7732385782624127,-1.0541990277827715,1.4804921526690804,0.6407463809986538,-0.3254625317424196,1.2465963142886531,0.4468601163960088,0.2326600919744194,0.2255620171024176,0.4652382172144937,0.5056925012974529,2.195973052895957,-0.1948928116726721,-0.1640471881482039,-1.236893187570714,-0.0518973868210181,1.862886899544819,0.9844850024346564,-0.5436677438753278,0.0300413645212849,-1.2964383755849946,-0.9691193442983064,44.00971919147577,-1.1318161421326958,0.22534275368906728,0.596442339560671,0.016890716242483676,-0.49235807399351306,0.0018459552310057436,0.274741902746345,1.4067808557880386,0.04967105630026454,0.6755099976797855,0.609175233440241,-1.6111694631742193,-3.5388577250697595,1.2803323038717285,0.19128826013625272,1.2094944936447791,-0.0412437066390535,0.6285994930303792,-0.12443078414381013,2.0933957250499264,-1.5442733210975552,0.1442217568726688,-1.781424899551631,0.6580675755568536,0.4324353876560606,-1.1822464019884,2.3147323045409203,-0.2266777770960381,-1.4952660600014247,1.0182382110986368,-0.4796414053936284,-0.10620869171899912,-0.543829053927893,0.8548070356513602,0.6966881579538906,1.2007077511836866,-1.6571763603015677,-0.017171438588209225,-1.7230162191325151,0.5262360018519999,1.3194413356711556,0.3827463149482212,0.15631269781593382,-0.6936967170887008,0.041097351910449824,-0.16679395237954375,0.6924495930442146,0.8048388411714839,-0.516206131356464,0.5248666105286669
0.4932541761930318,0.7869893294269013,-1.87405550273122,-1.752266621047444,1.2008008194284512,0.9004571004592394,-0.3451372304765904,0.1389517972999129,1.0788495665089637,1.0324687882500905,-0.4990082644297892,-1.7606364433375037,-0.2850955158283383,-0.4725008930849044,0.0796940673827122,-0.6048743990091834,-0.7510233913905242,0.6196566917631479,0.4546727409425804,0.5513983427782422,-0.1769000904908426,-0.5717385822251894,-0.1188524820207707,0.5011620700684521,-2.1767797009718484,0.394111930370858,0.3091381873347979,0.0621509060857269,-0.1493134218716751,-2.5661193859324136,-0.4398532631004059,1.7894387110773733,0.0129012955683056,-0.3072898386747181,0.0169061955901125,0.3547728686280085,0.6588202446894643,-0.2288801631579418,0.4249196023936837,1.6766508027613596,1.0062507994327152,2.3403002158569794,-0.6567703583517164,1.6761895075020152,-0.7906736399225947,0.3535661467404633,0.7324765292380994,-0.5107771919044725,0.0879642774742757,0.9104611024518412,48.893936963362876,-1.6393962676640563,-0.5274693236138563,0.2709745388461927,-1.4414820616097774,0.542704397976724,0.056336286812120925,1.068959535275138,0.36141552377197955,-0.05876471227672918,0.47186233803100786,0.1715095481948434,2.114414834308793,0.4510882125055664,-0.44443329292291694,1.820871810123474,0.7027256732712895,0.0021462821265419876,0.6993003997179004,1.439293483835469,-0.971006823410639,1.6770591752971125,-1.1800148800942867,0.774656635890075,-0.21462066538522007,-0.8953845421915588,0.39849877872840567,0.7897710286367065,0.6612363481148585,0.05953993623099409,0.6236970675579746,-0.5862022186072832,0.22060692295888165,-2.0205935003323385,1.3907631720334803,-0.557129888598408,0.3863169679584866,0.42883829780528115,-0.5248547799343276,-0.7421464237843225,0.03719327862066938,0.6513841605059241,-0.8612728703928975,0.33490993645994044,1.1711304464147227,2.0324736611373293,0.519016980640679,0.005221415342270941,-0.21520086081834872,0.15466707007445016,-0.36481840567903223
-0.5557204621493641,-0.1760558150673154,-0.6859472539047468,-0.1362797279691562,0.0418014500855125,-0.2387663439654048,-0.0155381587365204,0.3390423985171319,0.6045329441009561,0.4681238043385569,-0.918694360920061,1.0959361476075746,0.639020475468985,-1.4995960965593678,0.5397907333710997,-0.5132741367946773,-1.5458036763256162,0.1297757323276195,0.5390425910626099,0.1516080686445628,-0.1091385848457553,-0.3305853384583319,2.466588009341556,-1.182569388528646,0.8729219823572034,0.0154229708889837,-0.8544665062670321,-0.0483990506285789,-1.3929326375886175,-0.5954904068068536,-0.0469343258356056,-1.5511170585991298,0.5063825384880583,-0.9637610409115324,-1.4517209580135524,-1.0804177358283704,2.1759541618354867,-1.97806414186884,0.4361230887697904,-0.7516362710192865,-0.3501281715175616,0.6039309286803327,0.5548187148389204,-0.6806964191617907,-1.357824006633294,0.6221409737006393,0.5523771930093442,-0.2849695087881883,0.4419443838083782,-0.4458294809755354,39.75113315597267,0.4625485526475405,0.3616765854236551,0.3041929195534216,-0.20945256564907563,-1.0388597897868805,-0.5121457323481332,0.0911882738437822,0.6082288953073121,-0.505016850367336,-0.8829653984467758,0.3909405982809195,0.3751690140584689,-0.46674581057504627,-0.14265419808920418,0.43129981306371623,0.3510524809546788,-0.8125757823108081,-0.9242320153191939,0.42489814990581537,0.4247993134767853,-0.4561256934946034,1.0303846938889931,1.486396043328376,-2.024953334893217,-1.5860951923189113,-0.7389510239018741,0.04939734691538389,-0.9049514889131439,0.29869666232126635,-1.5791816761710757,0.2774979724338658,-0.16869103498212665,0.14219313514130974,-1.5106847034140596,-0.638723320526415,0.9922521257553025,-0.2828072651121267,-1.8177453874985223,-0.01965001220148896,-1.3866957742675619,1.882865749640369,-1.7481878472406622,1.4663987246010093,-0.30725048846738107,-1.0716491536683932,0.0031928483930527213,-0.5913360168023712,-1.43639540914514,-0.6548463529547736,-0.6975055376442856
-0.0755705579049584,-0.0302442159079124,-1.1097220699849228,-1.634218919786825,-0.916035564446368,-0.9780651402207718,-0.533165987293903,-1.1449109771466088,0.297540540517137,0.1820988453825544,0.5085045121653451,0.3414676498338867,-0.3493055153777001,0.2739273075962832,0.4282825128239694,1.4351907123002996,2.500261467980086,-1.0615009876346724,-1.2973474099415438,0.1027496113080153,-2.078918480679373,0.6494152318255041,0.1130807630728572,0.3672865992613769,-0.3035719351199467,0.2550157659684018,0.4722395776438684,0.2000234056665911,-1.3450986154625424,0.1720058272015211,1.853964686049836,0.2408920584798631,0.1370556127681644,1.5600376578908255,-0.7456155577648724,0.8896776400867716,-0.5301573530521742,1.0865833433451362,0.7980481544675636,-0.4122788633272201,-0.265961126332942,0.9778115414182276,-1.8554509012233176,-0.4419291098946981,0.6204174836245168,-0.3081067713949861,0.1348633802069247,-2.0411509456604056,-0.854478095669546,0.6794526721518087,45.42910514348048,0.2400227376850462,0.5037360462124257,1.8078761587991903,-1.4045642570696417,0.13571859054799862,1.199638079185914,-0.5619462476951015,-0.22094226150476054,0.07950473236769778,1.4668732901546866,-0.4668906169407998,0.5146715543882296,-1.084243753611709,0.055042557281043424,0.539401988209408,-1.9839966831469544,1.019343267248685,-0.5728225235804407,0.9741233692959304,-1.0863918778775465,0.3095319303042382,1.725038589798016,-1.1137455204218745,-1.5883692482505825,1.0417941190215945,1.732184577177565,-0.6900392859926178,-0.20819273278073774,-0.415227229260821,-0.42914949366660404,1.1152504932817804,0.20351560371854796,0.30038093695788537,-1.8902406641369962,-0.4011203061709095,0.38581270320864025,-0.15772244506990077,0.5415324964554455,-2.7061569997716033,0.6403199554944988,0.917710524560253,1.1692196043476297,-1.2181484120692732,1.752309969710899,-0.0099953123778403,-0.04806484377381428,-0.14858950995744283,-0.008039255121611723,-0.08417534880653477,0.13713878637758647
0.2572534211115017,-0.2570987662375392,-0.7494159869569733,-0.6414602923330075,-0.5450872299955903,-0.1447383957300048,-1.2692911052431042,-1.135661839421312,-0.1113188487978006,0.3447751946154763,0.8331577666294346,-0.6302492950044363,0.8642483846986365,-2.7075438553811773,-0.7199895332219391,-0.9240628073410654,-1.2535060123717616,-0.2149548380789511,0.3857499681816948,0.7026599984993058,0.2408767572004076,-0.6656934648935469,0.3690164378251671,0.1242856948508507,0.9360561679360162,0.7769367029315166,0.0304764139206288,-0.8972530061612568,-0.6529501558320808,-0.5497893596380333,-0.3152663339162557,0.2680504275897533,0.7151743901280584,-0.0511186930153776,0.0161247879004724,0.1433063050000037,-0.51590531313234,-0.925392257642956,-1.75543789731071,-0.6951493580768724,0.4731454532677869,-0.7029114380395675,-0.2378070374259397,0.4664312874123169,0.5206894964226687,-1.079532852166039,0.9970593564536414,1.1273500893554853,-1.1298498572185598,-0.8238368696411541,26.641806887291757,0.30555432037725844,0.5823959599840627,0.3507851757548093,-1.4164976350794674,0.16491014342655733,-0.21865441149590414,1.0146453864394118,-0.9281426382790505,0.06535059609776332,0.5392804508806763,-0.6262914221876187,-0.3768376794965605,0.122732161638273,-0.4763977606015151,1.222798635970556,-0.045501855380286525,0.6528415343211572,1.1168681622707382,-0.4918194904828303,0.5016396822608584,0.7017100579770927,0.49470466805022306,1.3450186562715805,0.7220269583564439,-0.44895981594017376,-2.4338165053449266,-0.11083953719272857,1.3549896343416075,1.7063797807824088,-0.6383385688598876,-0.29399520860356854,0.7766424893377897,-0.04782984619791361,1.3483754483380468,2.071132593760768,-0.9253363714385271,0.8059371244868503,-0.7716545938719451,-0.5148659103564028,-0.7208662498331265,-1.9267095965809427,-0.18016619384139337,1.1944648053276665,0.10156233219140404,-0.8774020159860154,-0.8803647133665949,-0.6085894659501591,-1.4671263296585115,0.07093603807778562,1.5111887071014398
-1.843051026465278,-1.8046154572544888,-1.369530489384829,-1.2911663557498014,-1.0716305127955148,-1.0064928807943283,0.5354259563028727,0.5731609682140533,0.6999533570192012,0.1823459245138329,-0.7879509566025552,-0.0275587060805475,-1.2169305069601424,0.3963663646674839,0.8772985198697556,0.5529966399924376,0.6432808713782545,-1.9248552199653333,-0.4616477458590575,-0.2270651656437123,1.4544526717955992,-0.5813073883399602,-2.301734492790162,-1.003969506996826,-0.66119321738779,-2.156482133927654,0.9687025207058748,-1.5695800321850586,0.4460215482320883,-1.0923967256965348,1.5069843673050771,-0.2761536977781553,-0.4791116545854274,0.5282544466566584,-1.0073004845207418,0.5755464738942011,-0.4816686248364924,-0.594601846610061,-0.087568710283947,-1.089670435986672,-0.1908916845866682,0.3394850471226064,-2.3087413987177623,1.0913075295376,0.815978130127899,-1.8545771745663715,-2.010432295688648,0.8419066256011948,0.7645189085160549,0.6230347539913936,48.11372752794626,0.932996642650568,-1.070594338235602,-0.3036615238739961,1.235121821948528,-0.69435797073338,-1.5531320533688295,-0.8177154757301307,0.07272462740328739,0.07975652689921599,-0.5077333032297566,-0.42472221613872096,1.1131782933007082,-0.14894729489972075,0.22525845349509843,0.47255739938382246,-0.7846753875705005,0.8336373968036918,-2.050799855994148,0.3530061805464952,-0.7781814783754998,-0.6836857150290852,0.8912902117888275,1.1314577963453558,-1.6372279069240634,-0.08307844096388375,0.2482585417616836,0.14983072858266513,-0.5193413108811302,0.05120391057396452,-1.5623231616000273,-0.8153172366678603,0.7728340492664013,0.14342186871507598,-0.7974605228064238,-1.088354451073005,-0.36537743585665683,-0.9972512344570928,-0.5205491170534167,0.9205737054833188,0.8018504822507189,-0.39837213707773766,0.7480869472432111,-1.4267375640444053,-0.027952130248583073,0.3981787880153095,0.17196282285843462,-0.2544568596749418,0.23296475174492035,1.1605811769046714,-0.024860702277161358
-1.757423370402755,-1.589080234071408,-2.8562754133411574,-3.323329750426902,0.9191861536769532,1.0069648414601893,0.7164302036574001,0.780885356079616,-3.3078999524973884,-3.1821455064973643,-2.875773427628275,-0.118208445570946,-0.0071712109813268,-2.4825439859108385,1.9248383620798653,0.2860158076346249,-0.8490234320820353,1.4653794274985183,-1.7956132206423168,-1.2291710335183172,-2.2994555236698986,1.801045196539334,0.3323463714720034,0.659401789848495,0.3010012339184757,0.5737677611445846,0.0780777138959894,0.2709213427074413,0.1076034362229507,-0.6085918055692785,-0.0466247652146691,0.2735945732616776,0.1105491195521307,-1.477772107753317,-1.344986668608409,1.0828414339163912,-0.3069940458834018,0.5847253470359405,-1.0921199097223964,-1.47314587664653,-0.843596612531713,-0.2225650707714132,-0.6651402992844123,1.293933523105714,0.1795233015374615,1.8489386185618584,0.4044081540714172,-2.412550817919811,1.0560416064585545,-1.5095516224699548,92.37672971754361,0.42168492391225987,-0.8897461017865688,-1.955276426310101,-0.3200919809443903,0.3299794609568569,-0.30149736352087375,-1.632602745687323,0.18729554982321833,-0.8592331420964212,-1.85941332594626,0.4999666922598495,-1.0931075606001215,0.5086578042798411,1.5790894560712077,-0.7809697071601542,0.711045304397363,0.16924540481896463,-0.6823110722071305,-1.7262347840120666,1.2115482569117613,-0.4598978426552452,1.220782917368932,-1.143195323350039,0.7488211811807782,-0.19759456872235912,0.04269727445844389,1.4654301543277208,0.007282987050419192,-1.2283487652379041,0.27527852910081746,0.8129231008899449,0.8573713651756364,-1.2064103339541288,-1.657932993720959,-0.0017690228592416313,-1.280415803416591,0.4667492341202872,-1.07085729555163,1.3432289012964824,-1.0019998181759349,-1.6178451497568869,-0.3091434841489421,-0.4808957088136235,-0.3786476669000349,-2.0642622724454216,-0.5779155259724277,0.3905465704266527,0.8004798391920516,1.377495904468828,0.5993984109262183
-0.7624441819389206,-0.9255324339419022,-0.7150477977968192,-0.9490274737647596,0.1206810364579267,-0.2587863409064306,-0.2213229345215707,-0.1598681911693795,-0.2292089249254466,0.3036959197284107,-0.1765602710261061,1.5432877329512689,-0.4912146248257469,0.5962961069415348,-0.7483776939374609,0.3499448314252626,0.5462331917883374,1.0842592868027388,-0.3842681692925648,-1.1139625648251814,-0.7839853232605749,0.9645415731366714,2.0817516124866726,0.8344534120127188,-1.2621394297883517,0.8006528811128376,-0.9437910910215416,-0.3491426171312394,0.187231076865294,0.3553688554709645,0.0654420946712166,-0.601112147049588,1.0599582646743342,-0.5275664048972599,1.254512745361989,-1.3593798907896668,0.2155303419444229,-1.226150963231532,-0.8340826319926368,-0.513012208933418,1.5206054547309742,1.308024666102327,0.8742487625571962,0.0332857502168655,0.188058949371343,1.2664791618313562,0.7013052862067984,0.0180084233707566,1.4866715800162802,0.8145295361635145,47.16482440538064,0.4056175931403788,-0.7042877081911889,-0.1653990181435119,-0.3966621598219177,-1.0078138987374312,0.24917867171389732,1.205956017904542,-1.3854282681144907,-0.20612450725264117,0.22914683449911255,0.20101498070865345,0.6098290776634929,0.05658018930545408,-1.296833847167973,-1.7445649518980362,0.9909581870356614,-0.32489481464022496,-1.3308092618619995,-0.1270369028750425,-0.10011940196124765,0.13197000194557526,-1.6566049184843923,-0.39414359935289583,0.12477348791115626,0.672392969880875,-0.2808637555749642,1.2266598343105293,-0.105708080975688,-0.9973773707490861,-0.0960912191687334,-0.28196448842920624,1.005326025666313,-0.2940473139662285,-1.7519635347055817,0.46536292373182886,0.18464585699325556,1.9849209941538246,-0.23008476161135608,-0.5274444556279309,0.2420656213543121,-0.6388206348223144,0.5427958505501123,-0.002570863685376058,-0.18461480150574489,-1.0361717215877837,0.8696817644204146,-1.0366873137998296,-0.21690649479446159,-0.5985461518916502,0.1124373261121793
0.4400965134003775,0.2883577112910088,-0.2946766797946561,0.2609913091195352,-0.8466415896761382,-0.9709909458423468,-0.7151295714592688,-0.5192002900779249,1.0446044599494295,1.0832482783121564,1.6412072166615346,0.4828018645041781,-0.6003993896860579,2.0571446489558998,0.5820807445552683,-0.1546953388016661,0.05746554970052,0.1792815794507147,-0.2368118747893247,-1.3758556019171673,1.6267210522465816,-0.0218340761747706,0.1834965127026432,2.0781440593944795,-0.6832852632175852,0.6554853247141043,-0.7922986835699833,0.3210211625454386,0.201505746251358,0.7906010971403166,1.2081687176903333,-0.5795210911996718,1.4166748407239182,1.4874809385613124,-0.2499853846935096,-0.0065825814031294,-0.494350119949439,-0.3054412138436379,-1.203475655250068,0.7775357723291906,-2.050293892524772,-0.6970948507626862,-0.0461620510695674,1.299797330427939,-0.5452445693019066,0.427851671102578,-0.0809841144502307,0.945118900472334,0.3755857489573709,0.8302093880397223,45.39268457726066,0.7150070138011407,-0.23888074786659733,1.3059699173271888,0.48252404882859146,-1.117074142461746,-0.8934932338876084,1.1418532448109715,0.7932854051651251,0.7603218753498576,-0.04474558475598321,-0.42271445969271,-2.0796332822470394,-1.120812106888977,-0.6572117082110901,-0.9216531197782624,-0.3020310227827632,-0.06656154854445688,0.23424404203927096,-1.4845315419310572,0.04647866920478809,-0.8537208192156075,1.864270367885672,-1.39543764310967,-0.1702845318258011,1.843316046125959,-0.5292357005230119,0.4514884824749464,-0.18779162815613853,2.2823423382265653,2.0229420763065855,0.10732488313411907,0.4970819410032019,-0.6498537937817882,1.8018480256358902,1.2154887216247832,-1.4626339528990246,-0.9821138759143679,2.097543915047065,-0.5649990232431683,0.03906451073402389,-0.37136212933189056,2.326189058863616,0.4111456975296016,0.2687447194320087,1.27834420165593,-0.8432002642886639,1.080440696112888,0.23095745105544835,-0.269940227621031,2.033725188216292
0.4967141530112327,0.5261759967149497,0.6476885381006925,0.6228279115598823,-0.2341533747233359,0.2515693595197561,1.5792128155073917,1.9820332031797872,-0.4694743859349521,-0.2622517578011946,-0.4634176928124622,-0.4657297535702568,0.2419622715660341,-1.913280244657798,-1.7249178325130328,-0.5622875292409727,-1.0128311203344238,0.3142473325952739,-0.9080240755212108,-1.4123037013352917,1.465648768921554,-0.2257763004865356,0.0675282046879238,-1.4247481862134568,-0.5443827245251827,0.110922589709866,-1.1509935774223028,0.3756980183456719,-0.600638689918805,-0.2916937497932768,-0.6017066122293969,1.8522781845089376,-0.0134972247379339,-1.0577109289559004,0.822544912103189,-1.2208436499710222,0.2088635950047554,-1.959670123879776,-1.3281860488984305,0.1968612358691235,0.7384665799954104,0.1713682811899705,-0.1156482823882405,-0.3011036955892888,-1.4785219903674274,-0.7198442083947086,-0.4606387709597875,1.0571222262189155,0.3436182895684614,-1.763040155362734,57.323414333537805,0.5024166321870274,0.08718640420643022,-0.09116911955618714,-0.37059052307245194,0.09960575652144064,-0.8145947931704389,-0.7922983922041061,0.9965246338965807,-0.1798166313800403,-1.0307129312661192,0.7495817433076553,0.6772085213501834,-0.576601776742971,-0.7657453187062563,-1.1047263050976748,-0.6670414757886871,0.43346565005563986,-0.4216085853111196,-1.1429771408530993,1.6311150974555833,-1.0676417633325754,1.0988140706772018,-0.06513833572888815,-0.08147417319827278,1.4623741514234287,0.06862819993275557,1.7691911692366638,1.6684781643340088,-0.4201229772718935,-0.33402033423760474,-0.33247325251159277,0.3563258295730599,0.6650059156350103,0.8776128145279906,-0.3326707985128008,0.29387621185014656,-1.5630189012964497,0.35203911000761784,-0.7199817377150125,-0.6025838131807076,0.8687260250438161,-1.1432864667343514,-0.003604518113449724,-0.0660784330903093,0.00932133779606678,0.26883972355844793,0.07268672728206203,0.21439164828688503,0.8042110316696448,-0.13791604105950458
-1.4762304803093984,-1.4067148388173327,0.6421210038765839,0.5000841327505148,-1.0237344452778183,-1.304307379664357,-0.9908607540167148,-0.3651501280617758,0.8873089624597463,0.6851840400043466,-1.7971436676291046,1.7470591445535142,-0.530010758779966,-0.4027572899064173,0.2557842523263653,0.6250767970040728,1.961104291291467,-1.6600681494056964,0.8259522089259458,0.743009694050077,-0.1371649108741167,0.7872736948162223,0.9342740176365468,-1.3819627849870044,1.7497665058808305,-1.5587622531381418,-1.1353162812387732,-0.2617876736240963,1.9249405131870565,-0.3082566297533864,-0.0319338900508106,1.4320786039045634,-0.3003181425654727,-1.1784367129306756,-0.4172348352383145,1.3707918338057774,0.0708649970551364,1.93065825905626,0.7379349262621552,-0.6448089363934834,0.0510763044650783,-0.8532181181418795,-0.66843303064877,4.479084251025757,1.018624510033811,0.8610979890066731,-0.623180315308064,1.569584066281079,1.099415601792937,1.8816212893577708,27.410393523523645,0.8574459317174058,0.7080891218566765,-2.240049898519503,2.1038060921274098,-1.6597555854780628,-0.5462590381260406,-0.3990988538209255,-0.7296646238211267,0.16178191260125813,-1.0436144101356368,-0.17394642233615382,-1.0795504116394294,-0.7379585563250161,-0.09441826213604765,0.6593081195113274,1.556300795515933,-2.0055761729197408,0.6259704749887176,-0.8908042657446247,-0.7330029191123658,-0.9777822446797456,0.4888547009129279,0.448317562430157,0.5147580201800833,-2.3322385151963227,1.0621913076271912,-2.016181129600552,0.30575330903406023,-2.078528943200621,-0.776175564897887,0.3399703595692396,1.9429614348444821,0.04098432823524924,-0.7950928146383525,-0.962675694089487,-3.619537169968412,-1.2578405560053199,-0.6441381578535159,-0.5583904374523014,1.3797500638776827,-0.4396558551334833,-0.7779230308329358,0.175065046793389,-0.46486996957351817,-0.7453442950497876,-0.2606231311382364,-0.5834879624313636,0.8443495872916004,-0.18096352391090428,0.6028369859445081
0.4711430813988678,0.5111236835561959,-0.3280905650077003,0.0410634703745356,0.3724407128108276,0.487171299101095,-0.7483982739469809,-1.0031336468479122,0.3396160831299601,0.5151961436534744,0.0681264560959011,0.0100083468085389,0.4283986104600037,-0.9494023626628588,-1.725509601035492,-0.3121020917208219,1.0720990979777407,1.233551713168691,-1.8793847057314776,0.6660794804934665,-2.18479800182766,0.4591805548325859,0.3993593128966557,-1.7239800295155434,1.0000461431316872,1.7438359012909188,-0.0624803310024762,0.1409998749769633,1.4791162029869056,-1.12633203408798,-1.1010774576228928,-0.8393835039192011,0.0370821043109925,0.0344158442624802,-0.5532902752802538,-0.3004804114575383,-0.5395682349507531,-0.4918000113806116,-0.7685214602785865,-0.760439738474185,-2.0009438349276003,-0.2236750943779838,-1.955579322217269,0.7505591187074215,-0.5599178441451599,-0.1194095787163273,-0.3732096327519564,-0.2441137753482273,1.263374815596718,-1.3514964119272816,48.03587366253962,1.0085208247785817,-0.8480986993392317,-0.49836239219244655,-0.2730197607260194,-2.144802702550238,1.2212356600669605,-0.9169275453299295,-1.0225853502720914,0.16703700072635513,0.8685098671195047,-0.693310745589168,0.2769945204271254,-1.7164831767444462,-0.13552626897887088,0.7983480513491078,-0.6031475670136943,0.8729328675754577,-0.10899516071138146,0.6604209359413116,0.684842194105591,1.2091462860902118,-0.12546053915217067,-1.3204681310202717,-1.1774859736064411,-0.30853897128903923,-1.6721855090761322,0.46278738652830775,-1.5701820997373575,-0.5993444805665006,-0.8729382946572608,-1.0139041329929706,0.7836198305408291,-0.6398126391918693,-0.7537543405673636,0.28950072246712927,0.8099330151167708,0.38858528903260314,-0.45630339249623575,1.1426489868487453,0.03354209382480263,1.39420825461489,-0.9007384366187103,0.04043983951099896,-0.4056259646062051,-0.04581104431808029,0.26632157530136463,-0.31563385420893914,0.08947552186419196,0.7143299024856388,-0.7188889862114795
-0.2936071589976261,-0.2038052443059955,0.6008844488414041,1.2190332463343418,-0.9908276498598771,-0.8559946640912572,0.8064772299231251,1.2252148015023074,-1.2734890162346568,-0.8963670509601058,0.0237236266324756,-0.0586114216015435,0.8892947854357107,0.4772112456553969,0.6966348405710594,-1.3898757328043652,0.1448238547993801,-0.3071425092379435,1.4620718816687674,0.1743956373778997,-0.669053934716029,0.85250127595504,0.5632977958646477,-0.8216016726404797,-0.3484897027691749,-0.3314464596083613,1.2274610922795373,0.2032418738784419,0.7267824785601718,-0.4932717211300828,0.3348002911394412,1.3033609029296576,-0.3610767652506475,0.1151548038377762,-1.3633062562376073,-0.7655580899100276,-0.3344428919978231,-1.060839308951721,1.3219736775218467,-0.8380070202415129,0.7867985921172455,0.1868362375314767,0.0308519485104629,1.4861636449651576,-2.26060029692758,-0.1962048968231049,-1.080380336565442,-1.9614204091330376,-1.1947317337576917,0.0172375350030708,37.79170845277757,1.531688801240915,-1.6010192977017523,0.9926885389127922,0.36512541198301046,0.5328333007968004,-0.4871580226457061,0.326624217565134,-0.302961376874301,0.41739513073391704,-1.955694907320995,0.2543415092985207,1.3573404667461746,-1.3716446439538834,0.7723145844407059,0.17557206171548811,-1.194537507036252,2.4261928146830667,-1.5460923203036725,-0.14736013475628804,-0.6334534418836993,0.397924846715333,-1.3372424159188452,0.38580277512469857,0.04229109399772563,-1.346743518518539,-0.8059868968101835,1.2556519185204347,1.5284198465730907,-1.8266194934838311,-0.4515906532470789,0.7262722258771492,-0.8451669978400385,-0.15995088456830253,0.05486328715614163,1.3146637309753773,-1.1036692709671903,1.7462922006600914,-1.4387297499463698,1.6292081188074055,-0.4216547671935536,-0.6685311764253546,2.1041792751167683,-1.5207475248088895,1.8210197732551878,-0.06329525886579862,-0.05830046226307204,1.167450417876661,-0.31472630753852054,0.9021997058040736,-1.120439970124733
1.419578908421003,1.0861326336484785,-0.1817865221089609,-0.0592398311193113,1.6612700122551969,2.295701145249033,-1.4388192975266572,-0.9834559100418604,0.1124416593605801,0.319151748583142,-0.9169707681837792,-1.5144368208512182,-1.963088896052824,-0.759330071178843,-0.3627480549433682,0.6917712354296518,-0.1303339589502051,1.0639872285115697,0.6050714960106854,0.5132300608432764,0.9792486442999724,-1.386694564496144,-0.5362438508044911,2.401414527348319,-1.90622709164314,-0.2977925380653792,0.4761486624137339,-1.8769369758266785,-0.7526803316894867,1.995996323318372,0.170440487667487,-0.5744524016847867,0.2104701623606457,-0.5763586601396682,1.712521584688931,-0.9910270131750296,-0.5227921702426667,-1.4922217293812792,-0.2954451747198853,-0.1745657874593428,1.195640663895099,-1.016731169875682,0.4836285079685815,0.0867271293179055,-1.8925048721760849,-0.7253006995189046,-0.7650618980701405,1.683039410409491,0.5457268756510927,0.1446703735414844,66.23208295076799,-0.6491913249036794,2.15574316320679,0.5458171745620152,0.970941331376861,1.0489699425911703,1.429117018551031,1.7320492913680818,0.023895096986299567,0.5586509150138106,0.3142827550730362,-1.0130295116228378,0.8227173745004389,-0.2110686698851942,0.03372310292137513,-1.268691976843173,-0.8326711530189439,0.4803350469534765,-1.499867639262517,0.0314270093538459,1.1962975438431387,-0.793167058876348,-0.33140110369626374,0.639125763478494,-1.1395027940812656,0.9384288575801846,-1.0503171343221405,0.5474377714155506,0.2748134611974878,0.9173107984708001,0.5903266244416787,-0.03277670195769679,-1.8630468568224754,-1.039524675720976,0.8593904978198513,-0.2728833027596277,-0.9539161419959209,1.7053290328976094,-1.1306119239505787,-1.6884768330888253,0.2987552795742291,-0.2884782028839011,-0.01807591335572484,0.5751351036511284,1.9975117034922045,0.5608080651609907,-0.818002250319816,0.8184087934315182,0.7989403953983882,1.0191848538616466,-0.006901727599153482
0.0337038122575084,-0.0183051509158459,-0.9913457476925386,-1.2217904969801927,0.4234624916014198,0.2247418108214095,0.6523733807597761,-0.0066875904647359,-0.1011767122774249,-0.0664432879170654,0.5235476578713052,0.7884710400131903,0.0628999174066403,1.1201894604068467,0.6585259624305833,-1.788463949726815,-1.4048966975421424,1.1822352190216612,-0.2467731314708977,0.1641758227974739,1.1392905176591448,-0.006411217371841,0.0372676095893488,-0.868729232791729,0.3699945072275205,0.5865122189668235,-0.5778818370028561,-0.9220213783058668,2.6262892551952284,-0.0929084698482829,-0.6836923396092914,0.7065864452922617,-0.0507940352278919,-1.085766323262103,0.4830535716514451,-0.8531209690758187,1.5764580021556338,0.4945046297524024,-0.2768804245260839,0.109347018022113,0.9032881210981932,0.1859612535607985,2.1221094572335484,1.1358675163955243,0.4876073675611219,-0.936985873508484,-0.146888103901991,0.4788749700524526,-0.8228614157581384,1.2934268749629496,67.04976704178719,0.48056210741074734,-1.13145302065243,-0.8398808965107355,1.6022532256069097,-0.4668031186925292,-0.6149504381483357,0.702881798595122,-0.2641710099153342,-0.1741506097492205,-0.1874369753108615,-1.6872237499357012,1.2243816701175614,1.423754075307279,0.3028832767193024,1.786597023926696,-0.5549993881142102,-0.280926624207774,-0.006048518639085177,-0.17458772422775815,1.7867554488303223,0.8727594562340973,0.44839701652961467,0.6534786562187336,0.16364477600286786,0.0039834816240835865,-1.0972922697226934,-1.3328079788234986,-0.37357436365296853,-1.954852079131145,0.7048680817970705,-0.7643162302278239,-0.241152492261653,-0.3281751268411529,-0.29400776113237803,-0.8394178106597178,1.3718725864957029,0.8449059226217087,-1.289516719300908,-0.8114652006233829,-1.4556817265935151,-1.2397101999703488,0.8874775606097598,0.8113055056977589,-0.4707974897078709,-2.075784765046595,1.0937852635274434,0.2399715905526778,0.15855818572933547,0.08777675152119907,1.1810979272050781
-2.031823556322141,-2.290150707496618,0.4632803417903879,0.5086294678017367,0.3191273430690384,0.6317495688846377,0.028906593325794,-0.2548189175784581,-0.6463676703459691,-0.5634791653389356,-1.2127150757988507,0.9008644405489944,-0.1204428626411764,0.357821062519898,-0.3133686312850737,0.5864285016590159,0.3974339738557521,-0.9946514299712064,-0.9367674325830104,-0.0277687303413517,0.6595739574066574,1.862895553113848,0.302990856665729,1.0075314024885402,-1.6128509347641686,2.0129558494339825,0.6056862111291927,-0.0496045111587797,-0.1646960474579254,-1.1071997978589982,-0.8212867957201709,1.910435632133414,-0.9890044382860126,-1.008267757866345,-0.7022204860755791,-1.198180752961273,0.01530657484551,1.0889105126652388,-0.6104923262720335,-1.3733242797608214,0.2918613130146538,-0.055774337679813,1.0027245500816246,-0.4545082993022704,-0.2601567796266751,-0.1495303645432689,0.0890041105534821,-0.3925616773575898,-0.5546441080460088,-1.8503776848818412,49.501262440045245,-0.3703233685972966,0.8363237229955514,-0.5652847763990818,-0.7420061356576401,-0.6680706520977705,0.3250141362565419,1.0357246425830327,-0.060917832770783234,-0.9113353030920964,0.4971548283534393,-0.005104575565263934,1.1208484436478086,-0.5355570796987947,0.39844804551200075,-0.4162102138395885,-0.8613630529495482,-0.16123525467926955,-0.7711349672336278,1.0807204988869865,-0.262907197874966,-0.7377552468328822,-1.1043583790396148,0.45450257208562816,0.6464767861983517,0.6061518715353611,0.3427490054354261,1.389443133517794,1.3494425056388255,-1.4022050903368122,2.926157338518293,0.5309329863493768,0.624742026481505,0.582686961681618,-0.786028274403234,0.11020687923412407,0.31978354055967184,0.8792965256794323,0.2703320831613331,-1.863472815908306,2.4516986759010893,1.4445480754794222,-2.643825437963495,1.3426532450114794,0.848970296135283,-1.036667316152543,-0.8871688489050034,-0.6004698164031986,-2.135556828532329,-1.163478928827099,0.6335889411275479
-0.3871172735798044,-0.5386101127261638,-0.1734865907139527,0.3440624059619476,0.6734588757272225,0.1553490094813823,0.0471202718109237,0.2769572074754789,-2.079697035146007,-1.9295804316226697,0.3597657041660195,0.0317697126976349,-0.2101636475560075,-0.3685769067401366,2.011721575442747,-0.8229035909764744,0.9278194561160588,0.0019129360209939,-0.0609395117859969,1.176637548616744,1.4625303826914446,-0.2395494568848382,0.7992027192421421,0.3638913621500538,0.0074371388099146,0.2042549426570258,-0.6880088148448377,-0.3060993933310847,-0.5806352797527063,0.9013767164289196,-0.0952011155410625,-1.2977140246150385,-0.7234372231630879,-3.1992646452121782,-0.4944926018821485,0.0376450650971495,-0.1361358488669737,1.9801543515313924,0.5749060409150368,0.5304518530891508,-1.6432690345702778,-0.3646420541171327,-0.4866628073236956,-0.7860811988080079,-0.7998806655133466,-1.808122953941624,-1.2758532046813285,0.8740934027649491,-0.1429146919931822,-0.506402418274334,71.92179573261275,-0.8335589872792668,0.03126687724867452,-0.4107086591024168,-0.41796350383864467,1.0055352259745598,-0.44624267421975117,0.8197283316910118,0.2214776976759162,-1.2187153286748758,-0.29430500986020125,-0.6574137937108836,-0.5242827429098788,-0.7574307747527896,0.24540406120581154,0.6034810103015367,0.8453913832780725,0.7075423509341688,-0.532633852777348,0.004041957823160769,-2.1940903997612478,-1.9504122016574068,-0.06974726738073497,-1.2284906763809074,0.16594586281231494,-0.394124470557792,0.5893372847338489,0.7613485633734344,-0.7786899631250612,0.003988560511122636,-1.2065815287074781,-0.7652711290778673,0.9589501074502397,-1.3322948735215885,1.135046561869691,-1.6235870856348384,0.8463352179958841,0.4645569014871503,0.4467118992709157,-0.028634524995832824,-1.085695731996642,1.5783366953387015,0.3744588071991203,1.8470672178884158,-0.8278088794581001,-0.9548742310505617,0.642574289154662,0.56824371113879,-0.35028653939402,-0.1679160596677682,-2.0864004336303914
-0.3841816657069755,-0.5227421422675406,2.585975175683896,2.3753720233310154,0.6132655446611438,0.542181174382414,-1.4213499453185472,-1.5632535540470047,-2.508957178495076,-2.60188627072488,-0.4590316731789003,0.5817233649705059,0.2187182661414877,-0.1668147406983932,-0.0119973446277238,-0.9780230235225682,-1.4972323944841732,0.7265116223360603,0.6937061125361853,1.5844943751570586,-0.790017096815208,0.6928152103009226,-0.2837067283647317,1.1904749851934822,1.0219627766781416,0.2112093992244567,-0.3395301566659865,0.9609321786082614,0.6469045232565658,-0.6844404020861826,-1.327798673479431,-0.2885329006817962,1.515413815348209,1.1464871587330383,-1.1123274696705807,-1.167757415899921,1.2746838496794863,-1.135635904757829,0.5092953236420079,-0.6160712153363237,1.6170449245216825,-0.7704247991378789,1.1433615302058282,0.1848586540603646,0.2521948542342867,-1.970308581351401,-2.2029133532057186,-0.2205659402673139,0.2469060634166117,-1.1251978277377233,54.90980402272073,-0.6895403210803661,0.2513056408063804,-0.6627137718629301,1.2745918752935148,-1.14553821799892,0.7540831702904721,-0.0001191485590934855,-1.368268938725629,1.017686412736359,0.29327496526031455,-0.25415435266984954,0.5983301738078541,-1.181286806672826,0.7033130614575919,0.049324836699559206,-2.197913445574011,-0.25828866331511835,0.9384154217891143,0.24883707875137878,-0.6881370621515897,0.6968089911603528,-1.183541370810924,-0.12147401855004489,0.6086021639305891,-1.0393716059309797,1.0651028687320374,0.34301196021346014,1.7157000928806039,1.1093801670164412,0.08623487529719638,-0.7210725979957165,-1.250474143603487,-0.06115660284555901,-0.025838144716133032,-0.21865885725176532,-1.0053349058597516,0.72509972869941,0.07759846984107813,-0.4883670868558086,0.5517911190550536,-0.13212487511416424,-0.36081014917830184,0.4108338077809825,-0.32682934551661674,0.6294212470834306,-1.6983798596450652,0.01415947951850353,-0.5171712769561332,-0.5072841646663382,0.7328592825468382
-0.5696989629257314,-0.4696760402683981,2.6378817522602,2.8041949320774258,-0.3863224754471755,-0.4922071436232512,1.3897641339463556,1.5655084487529995,-1.0034389034995037,-0.7782905830236505,1.4164117917002923,0.7732399866657592,-0.1578375098402599,0.308292063638821,-0.6003856928711058,0.1396536895653508,0.0733367447781366,0.9687698956813532,0.9671781224389496,0.4939773822056448,-0.3623475575461022,0.7418222943901266,-0.0919684662030466,-1.081914368713133,-0.4032877919109386,0.0845269837843245,0.9102157836647452,-0.183528172157153,-1.209198711239606,0.0567416832968194,0.1134560400565523,0.185837628902753,0.9198715159544302,1.0189232400898984,-0.5942108723816666,-0.6161434580489434,-1.0401987109554731,0.6988156702804763,1.4488201083377157,-0.3150819279089234,-0.2414305647249931,1.466782556898976,0.5055578532150077,0.436235704801055,-1.1909165059737268,0.678728069279419,-0.9291363405097582,-1.134020185934958,-0.3467715767667121,-0.5857927234486902,28.150080014606104,0.49495551756152545,-0.0015505058359027444,-2.0296738677395822,0.8100623040526913,-1.3633726247211584,-1.1182741545652792,1.0833404379113156,-1.253295627303265,0.7702504479710663,-0.7427748445287092,-0.9667329181444497,-1.7249168959418097,0.03053649499535071,-0.12232338213274517,0.20866348324991468,-0.8825604114455291,0.8686752713391771,0.7590326768672186,-0.5702531928280898,2.432636324021755,1.6462309518099063,-0.3846241760641808,0.3523521103140539,-0.7000148350932873,-0.8682807317999605,0.6050978326295844,0.08835799115607225,0.09330264256756057,-0.0694340684793298,-0.684281536425708,-1.2012768987579148,0.7294219383503361,-0.7499349137782523,-0.19162591565741793,1.1780256831922882,0.9618958986902391,0.3037579491009266,0.36984069075304565,0.35892050887264293,0.06111730269761683,-1.480665778696691,1.3886097868929361,1.4115117885397617,-1.0875140136176797,-0.006310363664730578,-0.28892201256274863,1.7456690286729868,0.14745924039754665,0.7771389479869385,-1.5313504028128033
0.0352253063478108,0.3223360655343589,-0.4984640825408434,-0.4559800557328395,0.1180277139438188,0.3000245795247482,0.0737407862065449,-0.1551321239784548,0.1865062168834001,0.6464425896850132,-0.7053283309426673,1.968858851204876,-0.648356370322501,-1.6677834605474775,0.8601841202180764,-0.1148170396484259,-0.3030418209470751,-0.5455537804115271,1.871714624315838,0.3545902786046827,0.5497512216450848,0.1626156235822673,0.2700496134451962,1.3986246105594142,-0.250854661227695,-1.4569375455207298,0.8680546542277768,0.496701612242392,0.1079798128850426,0.4707532415477864,-0.3707442202941741,0.0206925828542596,-0.1317002538599099,-0.5914882570709169,1.1891727831050023,-1.4122586274178004,2.3608821718129667,0.8773622092064753,-1.777975534702351,-0.2241663294909295,-0.1685459159035578,0.3918866289421122,-0.9893782707397202,0.0320253433682173,-0.1211193981226469,-0.7376183625734388,-0.8767522314712319,0.9188046467023572,-1.6965825400425936,0.4778789360960513,58.34546022609444,0.4182525547860004,-0.3848418819471256,0.7635911006198558,1.0751759356684585,0.7076364237084876,0.7428594795772315,0.7450305629127996,-2.7222777409231447,0.6493646843375265,-0.049204916173368494,1.20893213970257,-0.686936417944251,1.179259334610126,1.6463683960749977,0.5681840033403978,-0.04749744545486307,-0.17414071713024398,1.797733840577358,1.1494092936662468,-0.5921141931896984,0.5580396715190163,-1.3526273662573858,1.4610256223390974,-0.06218005432057701,-1.5330126672577307,0.6861419242417663,1.9937020681487547,1.0055588470061783,-1.257645437799047,0.35049977179139785,-1.7035821602729582,1.1346860199275617,-1.3315816613576672,0.5921246247453483,0.8748468271196571,-0.13746376973901273,-0.7997641277878986,-0.7662030903453688,0.6632184207404347,1.1804283572479357,-0.20818714378121492,0.6587608578241063,0.018099964323894817,1.0198338123847552,1.440599892079389,1.5291861234707007,-0.037544957923991595,0.039990647464107375,1.5254704216932449,0.8399921663703858
2.5111325476900084,2.117465231859537,-0.3125670580213269,-0.5379371589262306,0.3763670371991087,0.4546431142123917,0.9506278731265124,0.7109312145538733,-0.3124948781412611,-0.3673135242023142,0.2245906332499918,-0.1725243733267464,-0.9416177655837016,0.5059343058207516,1.031018217042444,0.8745876458098074,-0.2588008636089167,0.3612522833635362,1.6716594366486115,1.070882292171469,-0.7841627421933196,-2.5460050646214696,0.2967725070842349,0.7985681267484328,-1.0892244918732623,-0.0087895221227777,-0.2636990658730787,0.1042863222321988,-0.5446962871197124,1.2905109976279934,0.1479688806327626,-0.8790168861647499,0.9174621535937204,-1.264187595991705,1.2844943775351327,0.9910594242225638,1.389775295320786,-0.1582463724416158,-0.4961139797833766,0.0840217609330931,-0.0844367863555313,-0.6527362855635124,-0.5536233141256425,-0.3663728472664642,-1.1700036864398626,0.6779632895993344,-0.0522971375710065,-0.3083784692336468,-1.1103541609416774,-1.160372977667465,64.85350459038254,0.4004120292384369,0.46397228292345905,1.257059956689093,-1.3687045435596683,0.0090381865123073,0.11386940030968377,1.4394457151531361,0.9425452284534718,0.8112035278626736,0.4890838781507426,-0.6614927439281383,1.3926548882840513,2.0026827664085918,2.5416198467187923,-0.6960201616009518,0.21024622000229307,1.7141834666243372,-0.3163355447400646,1.224389286802904,1.7710211503980606,-1.8873369514350844,-1.457776087797201,0.002465829487519671,-0.237975813124896,-1.26363406950157,-1.4118082207413227,0.44451754373295177,3.0675021115866503,0.18256299069534276,1.3831571691334672,0.5342853792078425,0.6087368960918721,1.8652935992889785,-2.1363317116359837,-0.1438642738914198,0.11762398407484267,1.7134380090505723,-1.148276834394577,0.5522618258130304,0.1779210100791577,0.2321547681635336,-0.4197113365134019,-1.450418241232103,0.4845230229456296,0.8291414805583857,-0.27544846536480916,1.683817763331205,-1.9503589928936267,1.5536337286320647,0.5444097308576138
1.5525490651467972,1.537299669811365,-0.9131615563266586,-0.5515024057091042,0.9943133817081246,0.9469342398111976,-0.5313598815768662,0.0822650546297487,0.4116673282159038,0.9347462789847296,-1.1590465425293566,0.6566445245371783,-1.4195415457708802,-1.979821365600685,0.726823960180868,1.434445169634489,-0.2537860757491678,-0.5465506818544583,1.7108486562463705,-0.1947833691146077,-0.0657687235572596,1.6939572264403355,-0.35358481302821,-0.654027609344866,0.8155082241370877,-0.7118561543791159,-0.1446015381221821,-1.3191586017121992,0.1853970883765129,0.0680974872030928,0.968020274723144,0.8572565366617309,0.551518008469582,0.3942556927810128,-0.0732541137523414,0.6095559689958032,-1.112332173668987,-2.348966071854309,1.1619176712128934,0.6741604622479136,-0.1269864342799147,1.0745586084459862,-0.7314974169465273,-0.7054925320831504,-0.8441377236941674,0.5676219751158847,-1.582958077214753,-0.7669616067820413,0.2897150232361355,-1.204151075922611,49.83883764561258,-0.22571364756933313,-0.43858720625729564,-1.5184489439647402,1.5479997539240187,1.0648767392902379,-0.6399918167774491,-0.4595489411617563,0.015227020617449225,-0.1615559836258885,0.15087187127547017,-0.4319993781708099,-0.3850368024262208,0.2853993767216869,0.7062309747670698,1.3054024262651662,1.6918348375245835,1.686596136022188,-0.641146634452866,-0.03688895306890407,-0.6062859901292459,-0.023555400220754228,0.34008941146390376,0.42554129427578086,-0.3034393871369916,-1.474293055508531,1.4835632416259588,-0.2419196587371638,0.18009153881108567,-0.467797463976134,0.8621113790337348,1.1656166491111606,0.41572550997978686,1.2537740179980934,0.4741348011830975,1.6593293931145676,1.4902968916692982,1.3354317289695847,-1.154616824354365,-1.6459388977685612,-0.6382929251113144,-0.634862376641585,1.579819244832888,0.961085968241973,0.6754472964345897,-0.34590472220400376,0.09647282113420927,0.19483095711623527,-1.4917216884536304,0.8855252043009731,-0.14980544584183836
1.4268355402306323,1.533965121452774,-1.0582744977585603,-1.025396700113908,-1.346230816362386,-1.118703539718519,-0.1396216472524977,-0.1702004290071295,-1.616241472565046,-2.0186507689992084,1.2144808653157992,0.5722294454446308,-1.89553587573679,-0.0117089564811453,-0.7327749604523491,0.0128618854076094,-0.3806531722355606,1.7392964090893754,0.0857131827220793,0.3167587144937709,-0.0440636089692948,0.4744506159508581,-0.2168853358449111,0.7735178126692621,-0.3919254828169029,1.3764533733274915,0.4964470966472009,-0.1525572829767656,0.8420918310885884,0.4930300475490407,0.8273151511948265,0.0857438787465764,-0.2411877677453281,0.1352761824732199,-0.5003766085517818,0.9793286445289388,1.4691868144340534,0.5790375182526376,1.4181576101664644,1.126864546109264,-0.268251746371844,0.8357925003707587,-1.282965894453141,0.1860687796681528,-1.1823543569788926,-0.1096559042409698,-1.4396947961521671,1.0943040527060504,-0.3948841326637924,0.9063225533659856,41.47387168054355,0.003414751178410458,1.1663027472367895,1.2438529325863146,-0.761407543284805,-2.140265878777979,-0.1662214847101506,-1.7381116395453866,1.0478511314651566,-0.6248764177655501,0.3803068424015443,0.37788326758323426,-1.8680018866707437,0.13999374263643455,0.22799116370906097,-1.5795054170872729,1.545237712763686,-0.3301696679409411,0.41818896442890974,-0.5842950296804812,-0.6309993558939682,-0.27457799975296243,-0.5797575584004494,-0.9320268136452012,-0.8006411644518884,-1.0357026778131113,-0.20975753075451017,-0.8113785008955597,-0.09683190004017382,1.1327021732161113,-1.207604507566461,-0.45059972468403203,-0.13281060880247617,-0.5980633236488281,0.4109161335930336,1.9098748679089967,-1.162895316247801,-0.7769898342505827,-1.198926071463697,-0.025702232509186518,-1.8579760248927368,2.3508520262346253,1.6716284579131035,0.7395234840549056,0.8882573990374616,-0.04954601779552097,1.602610771879153,-1.036845096146613,-0.9528604968058533,-0.9347817066872002,0.7272526063920683
-0.9587784561867748,-1.1784844661434215,-1.58358838978758,-2.029462772588339,-0.2140676977278613,-0.5937435099272995,0.690472686121513,0.3637016848159306,0.6577631761503737,0.1228032596467191,-1.1869933883057446,1.057814180820796,-0.589112132781127,-0.935596298762426,-0.1779178758043981,-0.912810919296513,-0.4174303819894322,0.3440539215634665,0.3483417392461269,-0.8978300664256293,-0.4877053729487446,1.0743330047702435,0.4964001177339411,2.0750650393485417,1.1801281737415277,1.144293068559939,-1.387868550455802,0.7638603516334226,-0.0531068016969106,-0.5509818035382495,0.1680153405325285,0.9452115346114836,0.5008315910042116,-0.87847380134206,0.7424589135926203,-0.6375875420759639,0.2166831189642862,-0.3033500674771342,-0.2188662517356257,0.7662429750405095,-1.040193719815898,1.945195074276933,-1.8210860692944963,-0.5976676832548571,0.370211889941741,0.5843141664353099,-0.1004757205717051,-0.0573907030015424,0.4105500853276165,-0.2310694774576803,51.76364162428538,0.8177526958760498,0.5684410062561545,-0.10302320139721578,0.19229297814189597,-1.400673991118563,1.533854941032175,1.0452510148730776,-1.1377379958113922,-0.980407409798038,-0.9279212994516468,-1.376614298322683,2.0136989173313573,-0.5434731072535431,0.6245823093172438,-1.0385563060358844,-1.6007371559445422,-0.0810238367387997,-0.5607944692399751,-1.6159763337170558,0.7791875770008039,0.37821216264389274,-0.48579059640847966,-1.1548940361658717,-0.4318225494249425,-1.0922781640311832,1.0329960790963895,0.7575291392086145,-1.0670296045940793,0.8547880014130469,0.6846575410030471,-0.798472511187592,-0.46000206411180583,-0.28976909672896906,-1.3789165487173327,0.664086228770222,0.9130359846462619,0.648479326697246,0.3586747060511434,-1.6957194907004491,-1.780103237122918,1.8253414656306106,1.5056888493420801,0.0006268318364188177,-0.8696103367439861,1.2938846414336787,-0.14282304795941597,3.296717537444139,0.06445508322799433,1.403154849034468,-0.26413299751087016
0.2849256816273636,0.6556021611905369,0.3893147230893153,0.3610117981445736,-0.7515597829028895,-0.938759644083295,1.0703154269865682,1.0892722764473808,3.1834339182751634,3.192865778982123,-0.788429126734895,-0.4788900804919513,-0.1575021702570164,1.5062486229596213,0.7329388177985934,-1.346808606664201,-0.0568435788154599,-1.4714765319452094,0.5924779469548925,-0.7068077944638022,-0.61123408219872,-1.8787313213257184,0.7568184050789574,1.208666715382928,-0.6929422624880038,-0.1620149558729919,-0.4793069285362946,-0.2182598864098362,-0.8196553832159195,-1.1002512999769851,1.368619712525166,-2.639715499958423,0.5041142690147961,0.2833322246339481,1.653918940690598,-0.2363858695183747,-0.3713029086602225,-0.8084610870666614,0.3555636891734328,-0.7082315592955188,-1.1287854269395403,-0.7370839097750576,-0.9468131656341756,-1.0059566925677472,0.0853088646419383,-0.1945365956122112,0.5495926935056342,0.1472298763813605,-1.202721715777354,-2.1225507721809027,19.023453239924088,-1.4893930596493061,0.5995941132814938,1.2251323481678744,-0.14822287759177039,0.0143320598441565,0.13784450488078345,0.3497695206060582,0.024407339533162126,-1.0893499965854994,-0.590674561884852,-1.4505497732487043,0.5622502831697198,-0.37656662149101117,-1.1010330858836441,1.2924293743370827,-1.9080479405695796,-0.022368861878339998,-0.5280611130257374,-0.8685964306357081,0.6593409950691119,-0.8472692768687942,-0.6334436347708801,-1.2830719897303882,-1.112704595006501,0.39409310502821954,-1.3761670164179343,0.9862333952756013,-0.1205704567692146,-0.5371594624806632,-2.113350793238269,-1.8122947792484574,0.7855463198980283,-2.0222458092034,-1.9413731289826768,-1.467771340655257,0.3854101769320479,1.461242227246194,2.013698349534853,1.7368727731524258,-0.23801962011695701,-1.7488212394787468,0.7624929335478066,-0.06228182390564911,-0.32441790215599525,1.433214850447274,0.259006159256651,-1.4469585215458134,1.0738418279516018,0.42652289832243134,0.14936369615132886
0.4223247974498746,0.415070041538776,-0.0709053625273688,-0.5066545716601119,-1.744532888606054,-1.3689652477699406,-0.1835403220164655,-0.3555267614054948,-1.4822314236773086,-1.4265194362111469,-0.1021030588914389,0.0375530766605629,0.4006416383398367,-0.7880762539036712,0.4563559731326962,-0.367074646018183,-0.8965855406471915,0.5734474933553989,1.4916738588018077,0.7248293734858318,0.9229775651404308,-0.520630606562299,-1.5976197291684564,1.4901375220998412,2.05451488940476,1.542806773769682,-0.3357859389797497,-1.1546343387288442,-1.0656826978195666,-1.6837325676140489,-0.1073786184100453,1.6056779580824545,-0.1416626318722432,0.3023229003482749,1.3755969643042083,-0.4040953118323996,2.035531456719595,1.9920944074974531,-0.1311113386804826,-0.5775342640192128,0.697238046390313,-0.347524942518858,-1.1565552170673363,1.2812386535229805,1.21644738727708,0.1555116037635608,-1.262864753728178,-1.229526251217386,0.1072292884191527,-0.4998710345050322,43.576614422432755,0.02464209842858423,-0.5071230600565902,0.03795043629044597,-0.8784828365480701,0.41767369848378655,-0.7027280159126388,-0.2960461003212362,0.21482650611660128,1.212158688550331,-0.5733398392159452,0.3809528356934129,0.7644782203057904,0.6291750910507029,0.18010546746541492,0.5900047611044712,0.02497126237099896,-0.00896632576373965,-0.20210159393183622,-2.1670900615257573,0.852174181321905,-0.3334772500935388,2.7231179876264315,-0.42026827411085543,-1.6941546618245804,0.35486164465499803,-0.24141983551822463,0.0565155544836897,-1.0361717752673318,0.779772810403127,-2.3799193621810226,-2.173351079895689,0.5833469497415206,-1.5924872056449197,-0.5643615535611595,-1.8799117053720003,-0.21309040193366116,0.4186801288643035,-1.0472740400910394,-0.3546774435728737,1.3703428095107595,-1.1538036932359073,-0.27728332263761374,0.4779993874469378,0.4452323628985012,-0.09567949575639233,0.6046388845495557,-1.9767240766805607,-1.6036437308725953,-0.8247780263739947,-1.438230413137147
-0.6855545714835052,-0.6657951528327963,-0.9287363155327848,-1.0178266717687423,0.5215951603525072,0.5682770046300837,-1.4732066298752666,-1.2576713902423766,-1.1766981857709065,-1.3078360154119562,-0.6227305810037479,-1.0513290180232788,0.7996645153475748,-0.5869226054450949,-0.3159639513526983,-2.2199890875563764,0.9465513614234736,0.8209085211691072,0.0054578442813139,-1.527580941355759,1.209369178334763,-0.6662633863607912,-0.4533534501005882,2.312044056359531,-0.7036364441092297,0.7422099624265004,0.5620922620826175,0.3901721928800851,0.2820005425545109,0.3763885618891993,0.2719405909405403,-0.0519183587760609,1.5112831241107425,-1.3126605607992785,1.0214581040153763,0.8223422986875516,0.6983991213294012,1.1169794276401286,-0.0925993952683929,-1.8689740758268767,-0.0722926597144858,-0.9911942176245544,-0.7318592098580639,-1.2424196738324118,-0.4773448584438344,-0.5966236939834492,-2.3775698299271024,0.7002219112822892,2.220321858004882,0.6062371934962887,58.180036100059496,0.08995614812678975,-0.23635473708899585,0.13554459215862996,-1.412535763421003,0.8469970876894585,-1.2046932828281127,-0.24015281230749122,-0.561782494830015,-0.49314485575414874,-0.2764897555867528,-0.44494763046216945,-0.9804695349218977,-0.31487533206307944,-0.7313246069486086,2.5403910976814337,-0.673185236463088,-0.9474290450606763,1.6527489558168793,-0.9106425200879945,0.004910558563553437,-1.4200829830227115,0.6073670857057871,2.0620511530068595,-0.7007166605407599,0.3930042068581856,0.9430159085677375,-0.5577784798460769,-0.18696842946794323,0.271225614199156,-0.2490505611996868,0.7267305457153483,-0.32713704663827264,-1.1280284070314834,0.1829733603052616,1.3834901644375224,-1.0941353992037057,-0.20535722387881458,-0.3419458118312522,-1.3664632710364661,-1.6721490355238497,0.4587228452020665,0.23207619650262493,-0.3375665886361984,-0.3455671193606471,-0.985037135661774,-1.3796926479329006,-2.0747358221225483,-0.6721149512375412,0.8619275535967361,-0.2561992803311974
-0.0026630637781874,0.0218188758166667,0.1272874887142569,0.5527753989457966,-2.010875819751927,-2.5746902485062435,-0.3507775745749139,-0.774096081123451,1.329301492879721,1.6935623466613745,0.5350188686960713,1.2456308541934398,-0.1647574438487,0.919015520279408,-1.260485993146582,0.4175242181260292,0.5618167175300794,1.146049907566168,0.7078321285343578,0.2044846845901183,-0.3176097535577833,-0.3287420268310735,-0.3202812617245656,-1.297879070139473,1.7434299129269244,0.9986750701833692,0.2545003559276465,0.814937282693293,0.7530526123633149,-0.9929774960024166,0.6367512660303499,1.269745986393268,-0.6778947060892272,-1.53370067895228,-1.162042502419404,-0.0963425988418188,-1.2197521591429514,-0.1720051515011964,-0.6547149664068813,-0.0007991094349591,-0.5096625644217334,-0.035979988740078,0.6025155602891992,-0.958058796039091,0.2813385520374287,-0.8522526046447781,-0.0057521690968474,-0.0818556372570676,0.3555796887703658,0.1846273060771695,18.513616071689942,0.7533042690776492,-1.187912808642065,0.3724346469822128,-1.7438481166328978,0.17481776880877767,0.5054042734309971,2.5546863259021158,-1.5534277984667928,1.0548590692108868,1.3585828696178281,-0.9014951068941558,0.28405657052987027,-0.16228244716741405,0.50997691724033,0.06835044365313034,-1.1920263419831856,-1.0872606842743522,0.7039658051286266,0.35697009739526736,1.034360098014559,0.22177078244138554,0.7147435391677069,-0.40207625943985037,0.6259596487811641,1.174995362251581,0.027924442679475893,1.33005659821205,2.8946841304733337,1.3668094667202824,0.6106802242124623,-1.9740078022656418,2.54210634866988,-0.03358497517999565,0.28487101741084303,0.24472791816001685,-0.22431846489054252,1.4297307261923515,0.2028933792661254,-0.5442654980966511,1.8493687915666626,-1.0718783600727297,-0.4167152562281471,0.4422573396945423,0.06942513408968863,-2.100863540056221,-0.4855118512994366,2.739682135421516,-0.04847417771047321,-0.22104868266817745,0.9238625711591292
-0.4776455826040052,-0.1376148659517891,-0.1276546815181901,-0.0565237163459668,-2.929448690002268,-3.0329744178197964,1.088769654216672,1.0103433467678735,0.0188190497405984,0.5689775262654297,1.6957228778108653,1.897288694773112,0.1566937282465246,1.023530644185345,0.1752867789339238,-1.3367254388759306,-0.4118233689636573,0.131927966771957,-0.4545477187434442,-0.218653277435036,-0.0913995575091144,-0.0808784978654613,0.0522584904974832,-1.060605066396601,-0.7170161491279362,-1.2845842656999693,0.9778155496862004,-2.1056469418403245,1.1535903433169254,1.3863493972628431,-0.3021805869826214,-2.6031370878272986,-0.3613105619672905,-0.0641841612888192,-1.0105982199289134,-0.5152183938082427,1.530195198863351,0.664927162301741,-0.9245641143781,-1.597599169595432,-0.3270173176097711,-0.2134567793504382,0.4961991873633163,-0.535316712567659,0.5114995753618614,1.9351540400602287,0.8155010224442626,-0.0480885073307725,-0.1831504710532946,-0.3566731341798712,29.38198706890454,-1.350248411942825,-0.35301605672556224,-0.7900663251352782,0.1190184060539747,0.16465515535856898,0.19584524701068554,-0.6421946525342711,1.745871336135157,-0.18688583038065085,-0.35417875553570094,0.6033731729473202,0.2575749708891946,-0.025347274750424368,-0.7263593079771473,1.7004292964590928,0.016120897460654492,1.2497575715479559,0.8088204022778498,-0.0503999505990221,0.9615000943039684,-1.3828959192725379,-0.7754155363065609,0.36462635394205084,0.2340659910556799,-0.07833789137611492,-0.7539698852904088,-0.8874154176968325,0.11959795457485885,0.7371813066985751,0.34819685301797904,-1.1439335705975266,-1.5097989084835268,-0.11472151179391586,1.7040464798219168,1.6355541783488972,-0.8183524620850697,0.25534010009093083,-0.27900802150803067,0.2078824286333278,1.0869379000326989,0.18290515945825367,0.2213048939765561,-0.9221949631142771,-0.7997222554109635,-2.101102840252927,0.12987066726514784,2.123990440317852,-0.9313989990059521,-1.949534351137355,-1.3311593184926405
-0.8179372904264822,-0.8521301100542011,1.6491913233344615,1.7498853134902477,-0.5076927701800915,-0.5291363442575651,-1.6820672836977857,-1.3702235581856197,-0.9550822881358276,-1.0285105960697174,1.3212111260775763,-1.6139014554789917,1.4922645094750588,-0.2536404538925019,-1.1485833152387388,-0.2473509271489131,-0.7225967814014777,0.4408197989057157,-0.6481324338877777,-1.911642210919043,-0.2205625344089894,-1.356545052286539,0.2043198839883197,-1.1871303322833242,-0.4880128031720859,0.1825878042143362,-0.2124587250342695,0.2504302830010448,0.6802871657177568,-1.157933699731306,-0.0643975406247079,-3.329503797508129,0.2473333016825238,-0.3008141303748423,-0.9834497634779712,0.315719422296524,1.1726975771850674,-0.4760177475989431,-0.9448144902417202,0.1650252624387116,-1.3356066666463606,-0.6603813705355391,1.2224021616505023,0.0621792298122876,-1.8794669639461663,-1.796991647279401,0.1620856926467755,0.8623905759176876,-1.61762145862615,0.4497126074965085,38.70572973161146,1.4951337455174116,-1.0365759163562973,1.1946741443280215,-1.5253190902334557,-0.3894015430301985,0.6950206950882235,-0.8533033068263332,1.399283341270051,-0.676241208242424,-1.1435594597655003,-0.811921659107993,-0.8214848566236752,-0.5908281109074761,-0.34477744535889615,-1.8574787826634034,0.23069731833443458,1.089787014204167,1.6078543368082463,2.323266984454728,1.1490280629982936,0.4374244857229345,0.5047506885713305,0.5570979585709954,-1.2566032042472546,-0.7808145970829122,1.309813335192124,1.9694453813319799,-0.553687515924103,0.5469957248776356,1.9057882343626686,0.2834313183720053,-0.23213125280232189,0.3317219466232881,0.18341945902120274,-1.338682741545504,1.1868537905048748,-0.6278775390205247,0.33295020049012247,0.7332484725630033,-1.3487177217748425,0.010704326716246944,-0.5946297082533925,-0.8098259570138625,1.3297307914204186,0.4720825952742088,-1.5958579799665258,0.14401170666942645,0.08738031255296189,-0.9802875507378687,0.8186236834904836
-0.0162231175959412,0.093951801648639,0.3973970234592343,0.27743365779131,-0.2805020534116174,-0.1003767385511669,-0.1081389903914167,0.1990603119732187,0.6852900847109679,0.436282298812902,-0.3028852437989931,1.3460997945142577,-0.1933042264479698,1.471585082569894,-0.0218567474421236,0.7072313738042767,1.4751123643098556,-0.1934276285812056,0.2183889875441741,1.2888634252063025,-0.1330031639300636,-1.320892282506161,2.14300705458491,-0.4697644643371368,0.1587560509375428,1.156006669451127,-0.6084939037312018,-1.0078679132221302,0.2537372967748331,-1.7930763979123896,-0.2879060768679202,0.2450386643154059,-0.2699518968251641,-1.543450943185747,1.594177956204012,0.1035381539491753,1.431152117761741,-0.2600362501804447,-0.8800119816907639,0.2691809202551599,-0.2157871263282196,-1.177761457991358,1.4697842587874956,-0.622270222893996,-1.8402663847955685,1.3281660539573328,-0.5042980158126232,-0.6078238926156243,-1.765387587029974,1.7409414865969908,49.32812938805555,0.2136304244285101,1.313068515588715,-1.1213806380747848,-1.1338155950868831,1.5909049049045176,-1.4622247396898422,0.08528423349335175,-0.38193227172536476,-1.0943647975501434,0.5416456878505924,-0.2745122995489245,-0.1698196855231585,-0.07497925907755129,-1.8719709055230525,-1.4135149731971948,-0.8389684396441776,1.0725207141772715,0.9025329600753249,-0.3710567148003856,-0.6235590552991402,-0.7505471890030484,-0.22772100307808643,-1.0915291090361594,-0.40601135338038663,2.2114035759302024,-1.171414392093989,-0.7345338183480314,-0.2097180768228321,1.327959478670963,0.10932698296244958,0.08970726268500426,-0.7713972154433943,0.6786076590701907,-1.398826660161565,-0.16118523821931702,0.0917583267555199,-1.1501688401667924,-0.5753908793371463,1.300309545788696,-1.0851790521321152,-0.039567825797951574,-0.1696798284682546,-1.3205892995098218,0.9385307351878646,0.4519901009445182,1.3698045451925922,0.4341420240093177,0.6402749485134016,-0.06532352227941156,-2.0187197232791982
-0.143423216458929,-0.3754765311591564,0.0642948785875816,0.2273691078743452,-0.7472173084867436,-1.1309069128231597,1.2366197421429752,1.265467963034492,-1.2630353535770662,-1.3072280500234412,-0.3300527352440008,1.554962727725765,0.9248262123767372,1.1475206166322425,0.819973642346786,0.946243671615314,-0.6880821265803181,-0.1986021553534843,-0.9899153130235488,-0.2104880305370333,0.684104990934741,0.1345832848122468,1.3114808189602951,-1.1414157922272192,0.5002383506982397,-1.248302801869318,0.0941764691736422,0.7403334225564788,-0.2145025668242192,0.5511266040869559,-0.959732334832934,-1.663689978196383,0.5570296224878031,1.7440102340757326,-0.996044940169892,1.2221941801067953,0.043423408816411,-1.335691521693076,-1.1315053013521623,0.01578477336065,-0.4044622879241036,-1.312912976758239,-1.694039281225405,-0.8467193279265061,0.1938090083311182,-0.006400752603138,-0.5012379575000783,0.2018871942914827,1.0400267198626876,0.3941265104341478,44.54252789336344,0.26658054669493636,0.05053581559400609,-0.4020667445166706,-0.2180358781982199,-1.1030234554704978,-1.1722604528915,1.180490877972961,0.5102276451696075,-0.5881543569877504,1.3466434314344815,-0.8961304679725128,-1.5004677127830177,-2.0194061287908016,-1.173245689947668,0.8955255374169739,-0.624084745037494,-0.06937836694032916,-1.1314056101350374,-0.4491317409544426,1.0336292027789111,-3.141414541296546,-0.7834497409003949,-0.43510685061213883,0.6924643413643276,0.9056459033037962,-0.020426742247011312,-1.2782980138486677,-0.4118713992431347,0.015404681557600861,-0.10685870078910822,0.3247023835507225,0.38417588133766406,0.2780092848865,-0.25097144402999827,1.02919059020358,-0.6769702910612971,-2.9310967637125387,-0.6803345111790656,0.06290973059478448,-0.984427920527556,1.0187999801530154,2.1435487613719655,2.244058511936747,1.2370779464988295,-0.6753964869738631,0.7564145480524449,0.250921497770598,-0.7568111256825973,-0.10475954895594994,-1.18959583783011
1.914904504978405,1.6649714264357576,-1.208351949495599,-1.267608461077832,-0.7022972131912357,-0.612597915722874,-0.4217118518435028,-0.1000170582197435,0.8915784566951168,0.7415921092024407,-1.0712182230107092,-1.6227065707438688,0.2071212770708735,0.186047712151212,1.9164543210163527,0.91382665614555,1.4416461833422003,0.2886096512984931,-0.9769318210905636,0.1281076019934963,0.5924210073873067,0.7038073822515748,-0.4724121441083422,0.4887864737823991,-0.9330279708412644,-1.043277594110717,-1.1157847113854849,0.024625988556797,-1.1778363550763036,-0.4247443898710077,0.902916551413958,-1.029129678078305,-0.5043120335043169,0.0716312767761695,0.2468869015322666,-0.499290590805561,0.786860068735157,0.5904523007847245,1.1398566043617029,-0.0816019243470599,-0.5128188094563434,-0.682632022012122,0.3070275179293628,-0.3771557828112729,-0.5691697776807892,-0.4482872642453222,-0.6836904851242519,0.199021112762732,-1.412583182544061,0.3030162924749628,43.541637857107645,-0.40137975733222647,0.17049723504043077,0.5242646776431689,-2.6388085002598998,0.3590201525559389,1.1468791992518994,2.2784019865292278,-0.4847906763568931,1.4182387829062901,-1.2612118518523092,0.3034371862498239,-0.34670953287600176,0.5488358830184623,0.3548738029360466,-1.7403678256144852,-0.7620415273876496,1.8920117699896957,0.8873823641411338,1.0627695995287993,-0.5213361424671525,0.7937581430991331,1.9290914012185698,0.6244151389325242,-0.44849136978710036,0.15231979320455766,0.6401707108826453,-1.1503666973633662,1.0484018731416267,-0.7731004559390707,1.1551928402812521,0.00691944848858827,-1.9489636382185753,-1.0814078479612759,-1.2986433949888831,-0.7297874874885265,-1.4376025361115554,1.9731246657865393,-0.18234036328361974,-0.33383207446018304,0.299287147941539,1.807419379422577,0.3109404457666454,0.07308213092744939,0.6591204741688469,1.3014869442559946,0.6074835600168066,-1.7706561716636915,0.3275834721774964,-1.064953567532012,-0.31478685328559447
-0.1711711952415348,-0.4517788142854415,-0.900811741011364,-1.0822806628453276,-0.4865812463547379,-0.8456606373088396,-0.6695523263758105,-0.459421927428023,2.728499745296607,2.4592114117872854,0.1814590069425389,-1.7720278284240425,-1.997047436617975,0.0978264918522675,0.1743675877683032,1.2614989908023837,0.3995468410157058,-0.1498107187457909,-0.9496002440650042,1.4990120682335486,0.928851246050224,-1.2463294777484246,0.0379637282106352,0.1440522315264967,-0.3456536566056691,0.7718504858067948,0.8317331383481771,-0.1904856978051058,-0.2808692457976584,1.4989584626675316,0.9328388923622372,0.0723603899083844,-1.6292090390800535,0.3440001063050359,0.6980834649176682,-2.754521628398373,0.2518694483180255,-0.4166919867957354,-0.2208542801295515,-0.9073809527633206,-0.1481892904036419,1.3919915761813313,-0.4463984988155156,0.9655735587931836,-0.8063312188796102,0.7587561926560389,0.0016558556219512,0.3520248287892806,0.0071532560974875,0.6416252324412085,29.372188845439798,0.5380223547968438,-0.22514652735002125,-0.5091952404854638,0.7789797120440013,-0.9878088345880198,0.3313416467793406,0.6573649633895711,-0.9954036030247475,-1.0842100797798124,1.97281075471809,1.332076192716774,0.9738462572598192,2.3517718389720548,-0.8688460783184304,-0.19736760700948927,-0.41149124122128045,-0.022468976674567223,1.0142548571152574,-1.9269362882455545,-0.15710122998950854,0.4940400192124002,0.5727913622096251,0.42832741416942294,-1.4177661931289058,0.08287445399233105,2.0956903299603655,-1.1097208282932345,-0.09022459790015883,0.20083973869410499,-0.37413268149103635,-0.35692685379485195,1.269266272924928,0.32402343422206537,-0.17910355363265076,1.0147850596575199,-0.4630462600250518,-0.836851563487394,0.32656143033812945,0.6850693709324386,-0.05621681212847209,0.39607752796858386,-0.4298727342120928,1.2082567326532243,-1.0938758852802368,-0.20694265952511098,1.3199964485196727,1.4588275466785003,-0.11451920329155672,0.7510727195414566,0.15358500003462883
0.1396516742158965,0.059346142929252,0.813280406064593,1.0560983747138717,-1.743672602396536,-1.9608326899684931,0.2812304922186041,0.8598441066631362,-1.2703620463250862,-1.1409868365560591,2.367414364027121,-0.3777648875224771,-1.290942219493224,-0.4069743663733711,0.0140049673713807,0.5637878750069146,-0.5913947298380474,1.555198534147342,-1.1145323150080615,-1.7392051521728,1.1067104242873174,-2.2746210312062,-0.2041297688727161,3.1176811292080475,-0.0120435529599315,-1.1207676506962496,-0.0573974637867937,-0.0508007886195335,0.1606499403531165,0.6622629821596197,-1.0391111683677392,1.6875480552367936,0.2451142843726178,0.7267940464018038,-0.6281493997556425,1.2863821369955335,-0.2570524088130647,0.2775525134935317,-0.9331060771871093,-0.9969316264021268,0.6882053064528827,-0.4436068302073859,-0.8538230875043771,-0.6431833420270304,0.6989530717174212,-0.6290378612036109,-0.117654931602164,0.015027750287097,-1.917348886010299,-1.471126405373518,32.79977991970023,0.04795405028310565,0.19757892205140784,0.7775312408149441,-2.409888167106808,0.5347785458050096,0.5334008512375619,-1.27040874397943,1.8272615049570138,2.1167468214796505,0.4151766023230718,-1.8610399293321147,-0.7468482589920851,-0.5520436151630664,1.0637739837855766,1.1672090836471585,0.5414440993897373,0.8628761738997408,0.6518648526930954,-1.4817672225794876,-0.17762703762329876,1.3529420477706988,0.5223386304721858,-1.9939946266792412,2.2576285464143426,0.28965352090030033,-0.45835559274570603,-0.2365961040368478,1.608888093413138,-0.35541430412854735,0.3887483035904761,-1.1378656746537843,1.0054503350780786,0.6353518112991401,1.4089107574829256,-0.12277952727933832,1.2362351239265392,0.9639448490796676,1.2824920372746025,0.6576356647244124,-0.09362778596860905,-1.212079295109567,-1.1002517228009645,-1.096782829414477,-0.47952703998332624,-0.5883973472357426,0.7232459804171976,1.3278599275082155,-1.149101952596802,0.5197665619892278,-0.5727126798313026
-0.5148196623973748,0.0373552107061923,-0.2345229260809859,-0.4017160588647418,0.7130732322865353,0.910297094236734,-0.6331863393652334,-0.0314207038855587,-0.4354089706180862,-0.5970751551977216,-1.8929710769218069,-0.1814238611180994,1.7839141981831486,-0.8959699672367043,-0.5834935934697638,-1.183617663196396,0.6121619263953538,1.2031973581423765,1.180317839177625,-1.24801058889366,0.4997917304969599,1.4337500342142355,0.5096631077101231,0.4784096833437766,-0.4716425786351585,0.2201098237936636,1.2363181797064051,0.3282089684287639,-1.2482747560297265,-0.4560416742859714,1.2092795388889936,0.3247433203510952,0.1190620782430763,-0.5540155332467,1.188599180534435,1.662412597822257,1.263189123018033,1.442591621445373,-0.3587062407661666,-0.5001690973739038,-0.1563451734991859,0.0385732419762537,1.4310197801252555,1.1658867394684167,0.5384693872544943,-1.431186765846887,-1.688021844596875,0.2404627448017032,0.8802632056007167,-0.0795670489861375,55.57956662100751,1.2089819441064658,2.4648776358576834,1.3758661731839563,-0.07737239133277289,-1.0370175693877663,-0.9626870321079533,1.970864270717799,-1.6553688814058016,-0.8406074274696438,1.0338907890683908,0.1126576887506457,1.9072978364265534,0.3738371450016698,-0.9538890884133123,0.5011712644886682,-1.0779058611515868,-1.3886220145349841,-0.19544187379288433,0.6638413612554662,-0.9981039109477717,-2.090118507169905,-0.9717336207717223,0.5944103539572518,-0.1669588306529502,-0.2021012803542177,-0.2764512536598367,-0.4681725156008433,-0.31609928405105125,0.6041965491497002,0.4489761444216759,-0.6341434452723188,0.2673544374262525,-0.4272725817655366,0.4592428063793111,0.028060806383912448,0.11143233272431184,-0.9203904278356327,0.3766353761798157,0.11877840680279592,-0.5046319891835901,0.14388562665174215,-0.09980671115393072,-0.1816864782254697,-0.7017324838175452,1.1711618481218093,-0.2298904026480623,-1.2310930592657698,-0.14088162250669609,-1.4357626198939757,-0.6000071384546486
0.5947981962610709,0.6130577290565826,3.3545733891663776,3.669441374788057,-0.6259847935034367,-0.3389282328888572,-0.2002638592018631,-0.2804027544308597,0.9575114883231652,1.5638830022385592,-0.8918590703814177,0.7262101547619811,0.3752880080278605,-0.3128465956059764,-0.3603015187600214,-0.9149066049405632,0.7250968551153418,-0.3601078172543748,-0.7698459035736699,-1.2855551671918546,0.392154357908836,-0.5085829789129973,-2.0126753139890714,-1.2032687896440464,-0.2335969356589826,-0.2055376649171677,-0.2435422503706506,-0.3827561115675612,-1.4758537227364112,-0.8745485241490512,1.1837769864841017,1.0362281268530658,0.5779517823440512,0.4895026040406683,0.9047559080654916,-1.1207947374921003,0.0329283667569488,-1.1202671506469604,-1.1029144697652733,0.3680649377469412,0.9467504391358752,-0.193849134422538,1.6490004322095015,0.2117843270455366,-0.7767855324165115,-1.086728551873672,1.0181314841847162,0.128459115739815,0.676047378169482,-2.6579632604532417,10.775733267726142,-1.4414942480636153,-0.3001402843924914,1.0125460010538367,0.015019226594289363,0.7438156985004581,-0.9809871983289186,-0.019468699077097074,-0.2855036969711149,0.7499499706512455,1.467071635043315,0.8565884418863505,-1.4360915125350566,0.8515763202461846,0.45325450128577094,0.011095220319579394,-0.640684993497601,-0.22973533149785047,0.5463317060017511,-0.19542420296937088,-1.7355176103597263,-0.6545495398363831,-1.2702092433869467,-0.5509903908437844,-1.1635788999990166,0.12822454150382243,-0.444691133350475,1.0246398248307156,-0.2515792770268969,0.06194403497818751,-0.9717680577398935,-0.28904787606115256,-0.3103239158053969,-1.8464216590525009,-0.7207847968099884,-1.1836328966144969,-0.1801911896639009,0.16695961439579357,-0.25215685083557865,0.8096224271269085,0.17818927202181611,-0.5841510598010923,0.7453589747902679,0.5514985299957588,-0.25727489014295285,1.0385605581135338,-1.6322435893953684,0.32568309383772637,0.4566659726899563,2.63338996572831,1.1071603794356628
0.8942327745009349,0.6872651576956313,-0.2645458987047221,-0.1169560450042249,-1.9415678006202213,-1.94525027070388,0.3461173287977227,0.2389870891650418,2.0642201348524107,2.259701191075443,0.8197397172580948,-0.1954726435859738,0.2972272215850863,1.667256841749534,-2.123992818125636,0.4136162575716805,2.135586730077366,0.2820342192093425,1.650572963232848,-0.6292121495294424,-0.0320474941637135,0.0335247023885875,-2.2175910793587708,-1.1681778278502002,-1.096875079383986,0.8220660780325274,0.872153105684055,0.3240364427065333,0.8241028968557058,-0.1641494127217739,1.2019316695395432,0.0087884426320718,0.0578640474267564,-0.2655926332624114,0.6844504776364279,-0.4211988166129132,0.9764313771980682,-1.1321491407160067,-1.098916254728194,0.6874267551265042,-0.0885442145830127,-0.4538914161531283,0.8900577324754597,-0.6072614140860845,-0.2002012543003698,1.3992279500711593,1.5391423458106503,1.5723982102703271,-0.2821257769339113,1.2307029049844702,23.567155521057437,0.17554582989050802,-0.6504130347099937,-1.9361153136786216,0.538061720181809,0.11210494682451708,0.9912586581920886,-0.8377094318949696,0.08432382724223389,-0.14525129425498856,0.9726176427077422,-0.4214777473057731,-0.2601753497955941,1.2802152727174614,-0.7618756289717585,-0.4491074688293152,-0.3992821430855018,-0.15582105557381679,-0.020239721297646392,-0.17249603439745634,1.2237240425047213,0.13159296056186615,-0.05755147023815961,-0.5248171962928653,0.17126352582019327,0.49937966061579625,0.23847015891454734,0.8820748152894805,-0.8967843857224138,0.40293687242053067,0.3874667927634213,-1.8903418022670535,0.716309850566015,1.1840690584438738,0.5923407698213905,0.25138603885751637,1.6986881537835914,0.4497284755061113,0.8307939231033094,-0.610248829249581,0.8371330799185732,1.9922734717416066,0.13670532275726222,1.4712621252058147,1.057763695670583,-0.051595886695763676,-0.6812119016710646,-0.07341422739246924,1.4137430047628436,-1.2145879833884012,1.1886901750625483
0.2613657421135737,0.1076209466467144,0.6365983775086668,0.7092879089584812,0.2014923231332743,0.2517097046256517,-0.3162765431909174,-0.2115168249895329,-1.9055733529725305,-2.2000080175464225,-0.0769257557791545,2.9336057061712726,-0.4055326917624579,0.0885781294167352,0.5465049536084137,-1.101899972988713,0.3585477138792277,0.0346614320571853,-0.3036881896768376,1.1726039587430066,-0.9037487179106556,0.2749021130822215,1.4546642913850458,-0.7066217559562984,-0.296885982692299,2.3453045634718284,0.474391065156057,-0.5061974766426176,0.802624760078478,-0.5680935515910258,-1.564915924160071,1.37236394526517,-1.1030592641310144,2.451712624997291,-0.4893323754622055,2.1332646815618554,-1.3686710685200578,1.0254935862662529,0.4997262729846501,0.8377462255551519,0.9680227066762608,-0.4977451422811719,-1.3088438420029984,-0.0509177303392178,0.2230302575851341,-0.4718446211555048,0.2775539701598618,0.3296255311747403,-0.910026446543866,0.3949712816904657,64.09794195201212,0.40851234837742617,0.5296931329054426,0.12584696961935726,-0.04168080238989361,1.7446391732586815,1.0383776547651489,-1.079392457099354,1.6512365786872862,-0.32055958252618555,-0.11053559700768201,-1.1310423742958853,-0.6564299636141254,-0.26432148874017936,0.3854697750335259,0.20222587459196467,-0.006752405155139963,-0.06548753802161475,-0.9780883762484497,-0.9371511578343226,-0.7022495423631435,0.5717058930363165,-0.5735140205204284,0.4048656929636095,-0.0856033323127354,-0.7265362139655445,0.5879282679978648,-0.22351105901568988,-0.38338190226126884,-1.2041147328955137,2.1850269286444295,-0.7863361038772816,0.32870639862509166,0.08831454946524162,-0.7777821637043991,2.1927896822643738,-0.4145461142877869,-1.2391280239022682,1.0001008972055816,-0.024023127365470052,-0.12819824085215326,0.6931615178029368,-0.053962660064733624,-0.6024938689130366,-1.4727608328976456,0.5175309627246585,-0.6522373330724851,-0.21115898007514328,1.6442437428975856,-0.4577461969889728,-0.42439523180951105
-3.8366555484593694,-4.14077208492848,-0.5403763389870544,-0.6689633060474616,-0.3984452749893668,-1.0439056800376252,0.6122698101053926,0.5643674624521859,-1.0777207457916016,-0.8990898276488279,0.6229440304133081,0.641541644936012,-0.787036278933299,-0.97826564926624,-0.5066348337879193,0.239872752284725,1.4854773692725496,-2.0474371857707503,-0.2207287569583665,-1.3326784410252035,-1.6522426773534895,0.9669566453448166,0.5446245744993387,0.4494335159472622,0.9210258397309934,-0.479718896766136,-0.4326375163335282,2.1857306167225743,-0.2465710542595743,0.7351321130540912,0.0063815409633149,-1.8482585300784151,-2.044629003801268,-0.5789842199399048,1.056101251669989,0.7882916566360036,0.9140771642240336,-0.9870461789363152,1.6158724901223136,-0.9648933001863844,0.2128243986699687,-0.0103522899077366,-0.1738738203145863,1.3385921382956067,-0.7051105201659605,-1.349605255711928,0.0199954862064192,-0.3998267342865265,3.377382919082646,0.676507476439975,50.09250193577049,-0.1863723943630917,-2.525718633602488,1.028682610696392,2.0179079638332387,-0.2810196472715856,-1.0883194870290538,0.836328719335456,0.8965886542360184,-1.271420777125136,1.2176981441914152,0.4209635271274037,-0.18018083137286925,-1.8033172536887192,-1.5347873290951395,0.5772483723755298,0.2759844929124723,-1.325498967995686,-0.7296336453351577,0.23977017358264288,-0.2697397245750924,-1.462883937739432,0.6126409425877073,1.5229359244837934,-1.541478104914368,-1.6341158518370344,1.093313378668319,3.10338440576487,-1.7335702284214536,0.5082865353556245,1.1366497063755456,-0.3722185096467923,0.9520165453293079,-2.772838743096468,-2.7634441636088,0.38802180529863045,-0.8083195385975238,0.9570368301362232,-0.3033469188198543,-2.032973548237199,-0.6626740519345098,0.4025194432442333,0.42556604588258284,-0.4025269986067031,-0.5836394264251722,0.6437137296826219,0.6187883101361259,-0.6790973635694569,-0.5676847280756565,0.37540409797611707,-0.3941123750491345
-1.0469109826819396,-0.9271951661843774,1.185704154662997,0.6511335903118339,0.9960476858058164,0.7396435288697858,-1.4218106667418438,-1.722844284514079,-0.3226798388421357,0.0120449330409651,1.328194141849058,0.5562300094006599,0.4558877720816076,2.165002344901084,-0.643518230380143,0.9278401280812372,0.0570131248970845,0.2685922788632569,1.5284684264125317,0.5078357562896237,0.538296079049633,1.0725073373098022,-0.3649527295428853,-0.8392096673390064,-1.0448091940210336,-1.9663565893760016,2.056207129940322,-1.1032083657216831,-0.221253623585772,-0.2768132998889206,0.3074066978091007,0.8157372125392968,0.8604734883597454,-0.5830774385689385,-0.1671217137864115,0.2825799504882996,-0.248691126183547,1.6073455760199926,0.4909749516382513,0.7348777860498175,0.6628812686674127,1.173473857485325,0.1810215587037069,-1.2968319479558466,0.3996879517526416,-0.651356893791829,-0.5286166817497568,0.5863640187550933,1.2382830714336357,0.0212715767360616,52.57889430775546,-0.4046658233070462,0.06395678691093298,-1.316748846822057,0.21631688156850074,0.42496611624754527,-1.2793704958528451,0.23882938618641383,-1.6722497745673186,-0.09839298275123809,0.25459976987091937,1.0016535033771001,1.3714747821409226,0.26723195084876283,-0.4531829756295582,-0.6608943369861829,2.042257840510792,0.7038809278242575,0.7037228188992819,-0.8080232546464313,-0.7307167800986489,0.43145995772721546,0.6792608808887145,-0.2004346266943614,0.09336886080316495,-2.0756427678896157,0.7560477759808097,-0.2367610667849929,-2.129810183859867,-1.2852227868542092,-0.839289536708479,-0.6889647558534987,-0.12245281353774572,2.070253084867195,-1.2334839099201262,-0.7917242738890955,0.4040896142169139,-0.19823793965256276,-0.14595299782903404,1.3898682046779944,0.992107421151511,0.6496059135003164,0.3942895459611482,-0.7919527600131321,-0.39448600958242896,2.1752668788798832,0.08089442498171512,-0.1123231172015702,-0.6279460814439954,-0.45455185141368065,-0.2870543011179178
-0.7890161780532787,-1.2352226733927094,0.5099893873676294,0.5542905702728141,2.128016931906501,2.378663016556641,-0.0950659358636343,-0.4712710388782093,-0.1358841460666915,0.0349286534254116,0.1943898385966392,0.92097491615716,0.7254482770867019,-0.4031120994017806,-1.8440126216583697,-1.6739087145441782,-1.8403785910958144,-0.0911966472612509,-2.352625570054302,-0.1599903203743821,0.1337673470709925,0.8562264445972516,0.5043796726601891,0.901885068207812,0.4139051242353922,-0.3235415400584148,-0.1059829439140765,-0.8516439622642528,0.2280865283389581,-1.5841955503765368,1.0660354540063073,-0.9565938866318474,0.1538453216779844,0.3214783353075879,1.1627229196543776,-1.6811633581033236,-0.3254592029026878,0.5498478356799932,1.7511835130121287,-0.0388277272344449,-0.594345708009482,2.026988756200049,0.8025606718547863,1.3736332718451807,-1.2095407276996253,0.521129104119611,-1.0833252609130402,-1.3050440031429171,0.5818800633396266,0.6518473989183489,59.50627252703263,-0.3629572789687074,-0.37171290329290085,0.723610587228875,1.0536123992436601,-0.7796562804607097,-0.1085929707124442,0.3450753769458505,-0.0027502410341822625,-1.1582859963660044,1.0904847249076397,0.8905221776454686,-0.9844554964640968,0.128628690654427,-0.8462132852877351,0.3717360280120473,0.5721257176083903,1.0286103113033778,-0.9058201794228425,0.07274332869723261,-0.25665453670229804,-0.5717769086093875,0.06550326811934361,1.1790502155392657,0.9837355113956464,0.8878988189337149,-0.49737414965028837,-0.10351635506286486,0.6246733536989464,0.9617601815353501,2.338650940554561,-0.342554518749369,-0.1814742023560683,-0.47876251908483464,0.45844040185329793,1.3955415800780508,0.4195653159883031,0.552644714466308,-0.4271030163021271,-0.4916916087597099,-0.22134816838867843,-0.03836330690595214,0.7052834899766558,-0.1206131696368863,-1.3140166635802102,-0.13102042404249964,-1.5654731623141587,-0.5268458339016268,0.04039012677854469,1.4542764314354673,2.21774535654848
1.1234272870957618,1.2207651040529082,0.1928618431501906,-0.0183482170730861,0.4202685290565615,0.5664057545764392,0.6069426083866378,0.7797386470349332,1.3048347633193296,1.577703128875117,-0.0519547709007779,0.281348347489577,-0.3449831619570674,0.2270288603889453,-0.5918760663430924,1.27427225873437,-0.1135881136210503,-0.3825838427224335,-0.924925815719274,0.2687757891486415,0.1871071001250919,0.3884246136775064,-1.0272518875051289,-1.601181198811573,0.6255913025065598,1.4846418618765076,-1.026353622389896,1.5894412835616984,0.2839110587363809,-0.0070629045508297,-0.397548696545778,-1.3845180194249966,0.9877285159245996,-0.7756063614376031,-0.7798066757376003,0.9919263098869546,-1.8829834466717263,-1.523597810668167,-0.0181342435080817,0.2932844290048521,0.4847346479689238,-0.3017984933962528,2.530369668641689,-0.227892558765834,-0.2307861521027221,-0.7969866688138775,0.123906816521071,0.6149612320467747,1.20357805453346,-1.489284264440218,69.41652848146387,0.174639269367828,-0.9923132660360943,0.6674607816393121,-0.7234628088702879,-0.2878930064412945,-0.7993484533760062,1.286503119071931,0.021060198364359507,-1.6815770997674404,1.199875483780683,0.36590933791482744,-0.45127053092953,-0.34566637467600275,0.88323257530898,1.0784307441987107,0.5959313470391664,-0.7438593891229156,-0.8115535434762642,-1.1584835618532354,-0.5059029403923645,-1.8550786634867398,0.8277131735827529,-1.4409227678818468,-0.23291020749024438,-1.5829241627174528,0.8133710226294238,-1.2774179481323849,-1.745440629920937,0.9632543765890385,0.689269669125307,0.6687277509012801,1.0777374176922063,2.4390231871773165,0.7723360402943095,-0.7615715270929277,-0.5867888074710782,1.4545182356013244,0.8209033054358575,1.3955638697052697,0.5519693633849005,1.252055091558079,0.7319262453856865,-1.0198484874835236,0.20475825482335014,-1.1798716805474392,0.8651320911599828,1.0642412951735265,-0.5426969874043752,-0.1752892911276536,0.016962149554998737
0.7275473737906202,1.14569734720027,-0.7868276307350374,-0.800398885049013,-0.0194764653013455,-0.0933555762115927,-0.1427749531706932,0.4646627775323216,0.6590259520210962,0.5207614833037555,1.012692204550936,-0.4091650692139414,-0.5429757067720121,0.294454597301972,-0.866034445223392,0.2787457541300641,-0.7321087746883707,-0.5567345123247693,0.4053541693291353,-1.1385807337343827,-1.264337301762357,0.2482255074103418,-0.0268998524893845,0.168692744809392,0.3276392367214207,0.0573755538069812,0.6080926239670689,0.0974362869786584,-2.007303899675303,-1.7478845946618555,1.9279491802420827,7.186705886302617e-05,0.9502416517170968,-0.3457039056270759,-0.0580150943939304,-0.4533646542708436,2.465927331461365,0.2532424223641424,-0.5348579055061975,-1.6515397134301908,1.973733442735852,-0.1632783852283033,0.7442291195615972,0.8559972903065459,-0.4628305234303705,0.672452775386156,-0.6041382867516175,-0.9904263620394158,1.1644646925122124,-0.1581893798221993,53.06708914020851,-1.809958900980706,0.5077576703115002,-1.2120898919382652,0.1207568061894677,0.10574947944435283,-0.8201768790460255,-0.8021545915096441,-0.2283383352994422,0.11959867821744911,-1.0908965899727685,0.09791373760864185,0.6545057527231394,-0.13351212288434067,0.4622624644542042,-0.2224781332998583,-0.266613013279537,-1.1473415163213292,0.7533844599846924,-0.18239698738255672,1.279083869442422,-0.7506809870516554,0.1933043981059928,0.1307433459121305,-2.0601985472166997,0.4653439939578765,0.09154564404472815,-0.0805403246249705,0.4059654991830201,0.34795413260678965,0.4242495529750107,0.7914859272852282,0.6336620212924092,0.37736436613524704,1.7176476866808064,1.721103239138698,-0.7976653690474433,0.7396229667440826,0.07419057067955154,-0.6561907366361542,-0.09989757926648388,-0.5708890002192526,-0.08857025731884294,-1.436742238258311,-0.34197931931745823,0.6254783881772652,1.3293639912144088,-0.02764129760354811,1.213032502217007,-0.9217184360492205,1.5710166564483963
1.9961611416089304,1.2937401268047974,-0.9842742800388184,-1.2081232915388764,1.472624682026792,1.1962340744900164,-1.5563489611406067,-2.0395415767040883,0.0250545511329038,0.5376401861067194,-0.6780476434463981,-1.680170249290361,-1.1251717349123078,1.6457510973077116,0.4969700120325838,1.0000820633784162,1.1649933176355347,-0.6260062077543553,-0.3730350002869303,-0.1680053855882156,0.4166848357480709,1.089504843429427,1.8698814523881475,0.8143021697351979,0.8215858416800379,1.9266308866610824,-0.2050587624387044,1.1890029658884764,0.5782825101265522,0.6149520506403946,-0.214527924273995,-1.3942326078661396,0.344834309373611,0.3490836020637719,-0.5754430734100653,-0.0967348399550096,-0.8818934575737774,-0.8734109981422431,-0.4809634132907881,-1.3284382475542742,-0.5834781570243028,0.7137346061730759,1.456117917333391,2.075437811392035,-0.4001333765028723,1.2001068239616777,0.336173927260473,-0.2373540795376232,0.4022030640022631,1.102125708101381,69.07000565219343,0.9650149610632297,0.053988418445792954,0.834232665740161,1.5475700950289262,-1.527219922471374,-1.2513782464273926,1.366154628273648,0.6198091075303009,-0.6354231068357553,0.7943011319770064,-0.8990125553843011,0.09315877991765241,0.14368044501773122,-1.2325760546154823,0.06812285014065171,-0.9798657956974325,-0.7689416248939225,0.13378906286510542,2.024868940495847,-0.5905041485967646,0.5143771366138569,-0.871689615568809,-0.5410554059280798,0.34192161058930365,-1.154355895048134,0.7452522288182044,0.29740069139109965,-0.5004968498447857,0.31008690835253166,-0.09722155873808332,1.511353147977536,-0.17401311532615715,-0.2026796750711744,0.3411796290033564,-1.2749591283821455,1.4470703017347137,-0.0948269890469991,-1.4055189311177638,0.3022240447578436,1.08504181797306,0.9600376056717446,-0.13859424920308436,0.25867908548323615,1.111816825565053,0.062215074428531726,1.47553895416861,-0.6925449561889402,0.10069073885990747,0.6145200456752457,0.7320172648970423
-1.7555055887046276,-1.1829327359026118,-0.8857137997996899,-0.9291396755094976,-1.101286489839828,-0.929836499589542,1.0073043574732623,0.6425690078870403,-0.8644267053357196,-0.9669925218952546,-0.7504101277546562,-2.162032299927439,0.4583890099570684,-1.1047746736415167,0.9886087934991749,-0.3811376966734188,0.6037132405441962,1.401500346552158,-1.208858864620722,-0.5659371308924055,-0.0756710726570634,1.5375513190343435,-0.6583827179404454,-0.5945036959490072,0.4781405755558084,-0.5772287257105709,0.1525258828976165,-1.5515374209681267,2.2143299425565965,-1.3477092303094034,-0.3217527039902083,-0.0324810358420946,1.912688134356796,-1.32484578093274,1.9837041354787512,0.7571768211020226,0.417095324423246,-0.9846336870179554,0.5711412420380737,-0.7234866224198,1.2666612531984125,-0.9710620291077332,-0.1131584944560839,-0.5552730880131715,-0.9875229624269948,0.7413198169079143,0.5354587474096335,1.2090101989009971,-1.7798751082081674,1.0641707023410438,45.14090815141144,-0.48013186769585076,-1.8024089074942171,0.2726977935299349,-0.23769512468964085,-1.417623934184772,-0.46843384828036677,-0.5191573227936902,-1.4091069277559771,1.684348516124981,-0.18189191851337158,0.865244950343942,0.1751749493090029,0.36176199210385035,-0.2031807366208805,0.4837788340027778,-0.5282140148497824,0.49549866914018087,0.5771933171877279,-0.4249357897375238,1.714554147761008,-1.8132980723663006,-0.1982747167143214,0.2820069867560609,0.6029000452481538,-1.13824594605993,0.8023674328958811,-1.1842208938938112,0.9395289721634184,-0.2236560706129202,0.6827056477468983,-1.50790236336102,0.36783819339889656,0.18359472430730595,1.3471592934086047,0.27270840729127993,-0.4329859088131957,1.9440486756879016,0.40615883013056386,0.05474395453837187,1.233242982485753,1.5920027369828416,0.0008206283430316763,0.6705966261110702,-0.2751234003385167,0.11231835996165258,-1.1299276814200714,-0.025213046997475976,0.05524351057590904,-2.8994102006598883,-0.10486523106102547
0.4755667937267445,0.6039585337366035,0.5159240026814056,0.4545977216124451,0.3942743180785552,0.2711605820173085,-0.3607204319152591,-0.1822286508775181,0.1316592609591908,0.156588897526412,-0.8396364621557652,-1.596871820218798,-1.6444751006314595,-0.2540729895595592,0.3064976394217893,1.8499715943009571,-0.0451548450505147,-1.6253860515784664,-0.206918168246271,1.2513648985189492,-0.6827956085012468,1.1186035774008911,0.1757247130349963,0.6468815545208564,1.8588559982040431,-1.8372639073682735,0.8965041830082391,-0.0947011178813168,-0.9491805333536312,-0.1006346369231068,1.6909709431515434,1.3349459797556529,-2.0007144611913037,-0.7698397060158332,0.9428942355693678,-0.0217440777830324,-0.0180133398772313,-1.5683264557926506,-0.7454768422990277,-1.358205747033914,-1.6533174780814952,-1.257737983397527,-0.9280977574463396,-0.7611134689080887,-0.8421297220604248,1.0204560734176007,-0.9071442050203588,1.4261846921856318,-0.483975877588959,0.4391986597509187,43.13017846484745,0.12780269736678268,-0.6465295211924377,0.6503817887212686,0.19223476419523094,0.5998592998356451,-1.154694742632866,2.1640073739123564,-0.40863591253667014,1.0000217150928223,0.13819063678401483,0.8099568133525075,-0.9652763395995575,0.3198097102399178,-0.7723178427228345,0.551334216089744,-0.7103324902148916,-0.5966033549083545,-1.2290179365531857,-0.1317581881917793,1.1392713991971015,0.6370518396087587,0.13573304258710203,-0.296307402785102,-0.5864120768279117,-0.7181987605057618,1.6301257460098268,-0.498691424809695,-1.7234044207138595,-0.6032286716303763,0.11178463132985637,-0.42074514889806713,0.18481416761224878,-0.7092717171438492,0.6300931581315045,1.526312495686149,-1.4518736168731694,-0.04465130112862316,1.4896352833883448,-0.6019941468839443,1.198300439267942,-0.8139486218500639,0.560270477118585,-1.1390428885780886,0.4589421583025453,-0.031222958823870196,0.3215702326526785,-0.14129889580556862,0.6433077805035644,0.5338190112628001,-0.6473876570865835
0.7851850823103762,0.9945219014225216,0.7147456498889451,0.8033077770047947,0.707457710864381,0.7823726595665726,1.6079150611191575,1.5971037144934377,1.346571662610296,1.022626229327136,0.2913789848159459,0.0321850870368397,0.8728170831783344,0.7320809514330224,-0.3090662367382601,0.404823408808268,-0.0350964667845944,-0.853932908460056,1.2904607413763498,0.0551992425300892,2.0487082576988507,-1.625492270199833,-0.5567787728433663,0.0326388366908714,1.137381097628914,0.399469372602185,0.3104727541807514,-1.127263792554147,-1.156941397229471,0.3225046602899047,-1.3641059938183584,-0.5318777502893286,0.5009173290858575,-0.982324272276776,1.6053559623618066,1.22393634423789,-1.5714199983383004,-0.9323712431819872,-2.28577724449495,-0.7825913625481332,0.7663884765723994,-0.4138949422748569,0.4607972436159674,-1.522334318281744,0.7979752545819053,-0.5551092279283498,0.0121696822829051,-0.0928745013930527,-1.271548520892284,-1.1530843317397823,48.898075842563635,0.36710226678806723,-2.8882712051927246,-0.9663123857651326,0.9808534491374752,-0.1460868215316796,-1.0954009030092366,0.5987390159931402,0.4788187482130753,1.6974321813367699,0.12709274884279767,-1.138058318655267,-0.07158347160249721,-0.21768565950112867,0.9502571938685426,0.8784535729984396,0.39223067555456603,-0.1340652496363761,0.5494295074357635,-0.2025229974690826,-0.47444699149447894,0.28337800240176236,0.9289250606418465,-1.3410614189638046,-0.5790616013392247,0.19413215200564363,-0.35459063250298134,0.32701072997561287,0.5982508136813659,-0.014979205429377819,0.019644455960846092,1.2275795050671234,0.4672036928277625,0.061310397556036705,0.9374027104720325,-0.8668191285941451,0.19286967649813178,0.09313295739232577,1.5686021064379236,0.4796087861778043,-0.551876051185797,0.3376567976939641,1.1211554231851428,-0.6744922294583658,0.1149853683772765,-1.591324606721872,-1.0063702630140052,-0.1833849837729115,0.159836176173211,1.2899248509336336,0.7791897214109057
-1.0886934104763422,-1.2594521804002776,0.5628544804571306,0.4853760581707517,0.780201721186075,0.6066017160980741,-0.3559349170869707,-0.2858982597411126,0.0683221299398175,0.1242903072741931,2.30594658596774,-1.3993421658487708,0.7964303666421104,1.6639862798080995,-0.3248579264985461,0.8596307868548461,-0.9820194972109048,-0.6867323955673516,0.3849664160476343,0.7985666731105902,1.1209365124062458,1.569628586939493,-0.0674465585551821,1.193611755172588,-0.3423048434491489,0.902091311588268,0.2074887978521817,0.4456779070819239,0.4235078740220374,-1.6047050097978122,-1.124121858860773,0.1025414398175224,-1.6872790796411683,0.8312111031997558,0.8715559662881419,0.3271705528777902,-1.121134012757922,1.3801389388685148,2.037210639718358,0.1470768274459739,0.5105353784512363,0.2017386547960439,0.5303691889987993,-0.119558756626396,-0.0345642398438033,0.9057176004973654,2.3456241618964406,-1.4000712344017388,-0.1038124844029668,-1.180460485232082,58.65108018580271,-0.5258053873129568,0.293269314133503,0.15013611637138463,-0.7422295201916345,-0.5929265330480219,0.2983918465663045,-0.9202385297763772,0.6795756851606412,-0.6808829045078987,0.08697021757535815,0.36447972784649113,1.1315784515395237,0.38427883498595106,1.2715241476539387,-1.01437495598195,-1.651281423623733,-1.0734607447026951,-0.660028148910743,0.17453140834448458,0.31981163479617813,-0.2538590771450713,0.22495084443915328,-0.8874093628011421,2.2578563002576475,-1.2885917083775926,-0.5455526027368869,-0.5248354791007701,0.33159995427906114,1.98268492160917,-0.13310886351736356,-1.7457359145765963,1.2694507234235926,2.01062063320819,1.1017204865890793,0.08316008339929655,0.8945914825692303,-0.1636254487730873,-0.4791070961969124,1.2769492546645032,-0.5621175920759395,0.41655376162904734,-0.33687345270658386,-0.09994740187442086,-2.481512537985418,0.2613790660348003,1.9391847007126581,0.6770887603403851,0.3052446480541334,-2.3066722137367695,-0.7861306361826071
-0.8289950109220723,-0.8942162806139966,0.7472936051232618,0.6894679132262784,-0.0209015939641481,0.0537335627825389,1.277664895788425,0.7400763392469825,0.5470973811700379,1.2533490671422824,-0.2176812032272203,1.09877685198719,0.8254163489880298,0.8135096360006385,1.305478807154329,0.021003841632759,0.6819529712949639,-0.310266756593456,0.3241663524884421,-0.1301430543676845,0.0969959649927181,0.5951570254369136,-0.8182206832334725,2.09238727568546,-1.006017381499702,-1.2141886127877322,1.1581108735000678,0.7916626939629359,0.6241198170521551,0.6283455092642799,-0.0122467728469146,-0.8972543714858315,0.0758045581937263,-0.6771617115121117,0.9751197334177512,-0.1470573815021386,-0.8254971967925115,-0.3213858416529934,0.4129314542756243,-0.5637245528039747,-0.8222203955664315,0.2436872114919123,0.2449665711087227,-0.5069431753711298,-0.4710383056183228,0.2320499373576363,-1.448084341497324,-1.4074637743765552,-0.718444221252436,-0.2134471517118472,42.25334702691418,-0.1310384069989959,0.28329941844015705,-1.7048785541323237,-2.1615603333191933,-0.7369861804167557,-0.05519823428737651,-2.0254180833204796,0.1494194735091969,0.13613774013128735,1.523525312229039,0.6528238755197853,-1.6095209830809794,-0.2850308482748619,-1.4416451465108133,-0.5289225023853102,0.5925337195872442,1.9792864055014634,-1.0168839855478449,0.46815197968425365,0.5193463295971336,-1.635197509984249,-0.5714506046542517,-1.6432010798565861,-0.6582142988421027,-0.6169324702941189,0.4471634130857203,-0.7341591723709454,0.36251622528176697,0.22931891678802221,0.9737669359390929,-1.1762292523374869,-0.3498704033229377,-0.8986224302507531,0.4870171564202809,1.1572892423540373,-0.19060853575922052,-1.2256029509557917,-0.6966096841922437,1.7897906998373772,0.873738818091332,-1.0745147516033553,-0.16372795281767089,1.7067523547241472,-1.4351455928700212,-0.3591561876613128,0.030577548013576275,-0.27664090930542495,0.2631909745697459,-0.4040026605932531,-0.38651304521391355
1.5899738499574083,2.0083709866234187,-1.4440701747938909,-1.27835938924181,-0.3322000863543171,0.1808942871696122,-0.0237893145993393,-0.3299531514986603,-0.2861634302199443,0.2311701004116092,-0.7898539610919716,-0.1604516548944961,-1.2549704688713978,-0.0368539067509841,0.0607546557145016,-0.3578035998711483,0.209222133791794,-1.61427858086231,-0.9531843385632386,-1.1426988863036047,0.8798567379474236,2.3061640025806343,-0.8808195799722746,-0.2352422369674368,-0.6934292426154812,0.2212252408079434,-0.6084086494201553,0.2827798767471872,0.6650266167215868,-1.2238249378907575,0.2715143155249684,-1.7940560232190466,-0.2565339644404532,-0.3236804254807696,-0.2291370505150921,-0.3120604563912154,-0.4949271205663885,-0.2657821783948851,0.2381376917768498,0.2662572073877487,0.1151993446996325,-0.5735974236464758,1.0803366482547827,1.5253550836582002,-1.2884143150452518,0.1642691559499201,-0.4681419325244925,0.9255980528949994,-0.0125942012085079,0.0531779479031362,45.42644185249511,-2.035240240625504,-0.7932818938336734,-2.276991207533051,0.2555736537123689,-0.6984887957236937,0.4848786815321318,0.8089247222790114,-0.28839220030029905,-2.620670959681053,-1.3664476268940633,0.8821137720755067,-0.6973091506990274,0.6420255015353197,0.8267029743814808,-0.4918786920496538,-0.11723958943602521,0.0731986281627831,-0.505344892200297,0.25723775067652227,0.8416072037583913,-1.5549488234341493,0.9661713059476548,-1.3069012289487179,-1.1218809663342515,-0.025719072180556725,1.1825169176703132,0.7821330142039431,1.123898866891339,-1.3457491040495697,0.8629397112422239,-0.615735666971556,-0.64455293189099,0.5333647089351805,1.074848721680636,-2.2555209723316882,0.5371272087373036,-1.3357859623848647,1.8978680757991242,0.7427230614249261,-0.06457787865275445,-1.3689814857098772,-0.813454723728982,-2.832571490783083,0.3835404689576883,-0.30906802223636265,-0.3701864527252774,-0.5710793027684546,-0.14463799478756567,-1.6461780437171643,0.6588419843714824
-0.5653872091201171,-0.49990900535047,0.8502455193688858,0.8797090841761825,1.299485998181762,1.23543885856824,-1.337846371815948,-0.9945286494833144,1.2182579226197263,1.8989711437904664,-1.214064523072579,-2.259276171435535,-0.3957161108751429,0.4047508589963612,-0.6976911440462046,-1.0532451601338717,-0.5493757686067274,1.2431920191448558,-1.3929816176751906,-0.6417010304225171,1.2107577396175906,0.4941762894237535,0.1791278137789563,-0.6484461354162487,0.0305048145004279,-0.5378290684533007,-0.859386131070751,-1.0800574753017402,0.7840955963724985,-0.0604061322161355,0.314513743802696,0.1516731858014036,0.4409188278083594,-0.2547187899858918,-0.4816574510545742,-0.8152803293911224,-1.4139691334071136,-1.1220331706229163,-0.3654177211002216,-1.6030394844354785,-1.3822859041360305,1.0421398926351777,0.2241794848537924,-0.4518367282035206,2.2715744589045603,-1.6482497187130287,0.975611276461822,-0.111466082779416,0.7850470229128118,0.108953717270807,28.00708953052591,0.732123607333072,0.5401127116831267,0.14082842652774988,0.9886691693580026,0.11255071500822862,-1.6490334353493064,-0.37418027599018366,-0.11994127362647256,-0.281802380686724,-1.722343356869786,-0.07498961912722062,-1.8155416295253364,-0.6274428354765009,-0.8232960692577094,-0.9039121651626768,0.7333482326890381,1.1497153292266302,1.3620649569274774,0.2793158417725047,0.9404670077214295,-0.3984816451323545,0.3807558457479327,0.4803243748750477,0.02511408402601105,-1.2102617908469389,0.05806383002443512,-1.2821138111330639,0.07028706708913407,-1.70835896623914,-0.14939421360242464,2.0443238023747976,0.2737919252862003,-0.7197588447268848,-0.6985530493827176,0.9268837505549764,-1.0473358943365787,-0.554202454952579,1.566703721444044,-1.2100329674810664,-0.034202591431231416,-0.9159978695561506,-1.4952545180032015,0.4449712931193825,0.33796181661337843,-0.3981771222907189,-0.5542149526868441,-1.360115713423864,-0.9024383611615057,0.013128618177702509,-0.24058461846072685
0.4080528468367557,0.047153935160619,0.4447738078315947,0.4602061068054599,0.1493634822711889,0.019900320261831,0.0071784669079419,-0.0927620891974841,0.16048962397348,-0.0983297773260369,-0.3600392687569827,-0.7280770978553212,0.3733485597113982,0.3123782104665717,1.1927351654164144,-1.2578681559088878,0.7313802525749924,0.5904220612514635,-0.1421465369405461,0.33868731792169,1.0294574815983573,0.8723153800284503,-1.1430193120737286,0.8201581867554845,-0.0646886050325184,0.0728740980155153,0.0731969910016945,-0.1502429887982599,1.191707497107065,-0.083717959849212,-1.1195461283831687,-0.3935298559697288,0.1786947168104756,1.2292147842970504,0.6030946849488336,-0.8505352787470439,2.485189916678892,0.2647753109779796,1.2753907379990148,-0.1517144335772291,0.5333592447054494,0.8394685045184047,1.218194711754256,1.057368305378225,0.8721970000729778,-0.3150867311941086,-0.5717460419560614,0.3326075103241975,0.9331280723410692,-0.222720700776607,61.6442922998377,1.0800690003221647,-1.2824986211215224,1.1005976067613101,-1.3514457648919713,0.4450358641161897,0.009880609829763149,-0.15556569452183558,0.7404071223772372,0.09849834802468097,-1.9332900716655732,-0.857567574146144,0.5369756969437411,0.07305819214956248,-0.25291677271931917,-1.7984139213578147,-0.7239081891542735,0.4931698342388367,-0.36445413494894163,-0.18083338439885213,0.18663265651273872,-1.1249400218849843,1.5456737255866613,-0.25103712985722254,0.5748423257703992,1.4282342144746913,1.2477122918598191,-1.0879223785936563,-2.447838883399216,-1.438074351490207,-1.5189845835554145,-0.974532704094733,-0.536553754137027,-0.1680809844048159,-2.4266179602311997,-0.08792649091714158,0.6282594678874105,-1.0137331535651615,0.46730270129488166,-1.4055789105072019,-0.6949127775561155,-0.052075163942980264,-1.2378334701453404,0.6792531857002103,-0.06866985450094097,-0.039201192697753275,0.33403512895649146,-0.00859491539426787,1.7590220152037213,2.2435203729965183,-0.39495274806257097
-1.7027056459994752,-1.8219856766805256,2.0863889592849056,2.132787941838415,-1.0733338366060194,-1.2294802962847562,-0.9956503875194612,-1.1920618566968786,-2.2697477054216693,-2.633532013192453,0.2602814730902011,-1.1126295374985595,-0.2731518716604363,0.3755433726655682,-1.7781256338025615,-1.279556680011298,-0.1551068826272891,-0.8330603705119864,-0.4631298640485032,-0.0200761984917414,-0.9104596307850624,-0.0265766394628835,0.2979980132477897,0.7788681856800358,-1.2458277848078283,-0.6284038692302407,0.5885419736894102,-1.482089508770781,0.1061900384653138,0.0280978403214306,-2.586838494305037,-0.4943457164136368,0.3307819306091656,-0.2118512081020067,-0.4742828541048305,0.1561730331701309,0.9888953176633074,0.5375890244950319,-0.7558532141581759,-1.4589898803020618,0.5194670584754197,-1.1777385195873922,-0.5280342499531765,0.2009448777311447,1.14652630478163,1.2858135840737106,0.060685505679058,-0.5094918127736038,-1.2006416906489712,1.9586301196410396,37.814172915649074,-1.7009935519387536,-0.966517025934993,0.2529368142650801,0.6702198972773387,-2.092107229625224,2.075637542165838,0.7661960091741071,0.03390078412545998,0.1540480777017721,1.0691442639359137,-0.5021161798640451,1.2254705453144694,-1.6237385821172297,0.032254229060957,-3.254478941297708,-0.9013697148422457,-0.04188005496506906,2.201390712287935,0.10028972250703876,-0.9544230996419101,-0.33375860549063696,0.08727746895221603,0.23086441012808764,0.5324337287103161,-1.7225377425938015,0.6900583398086663,0.1773793405842796,0.44910809069038693,-0.37759658026846044,0.036066060382323344,1.0838206418312581,-0.9109180635470367,1.9766103338806056,0.6507397040931587,1.441954153562435,-0.9552154704962744,-0.2776701970863062,-1.7121923601223947,1.138935820977949,1.4094266295635078,0.4188669269168215,-1.0037189970106466,-0.7121370117112932,1.3301333079378432,0.26044992516951804,0.5156143007854291,1.2453533120556632,-0.9057337111173013,0.22927295412675203,-0.30794405632504207
-0.750379467691763,-1.0035710565903464,-1.800970312769257,-2.1218079396899805,-0.7461687718984609,0.3774449964942876,1.1671938661292574,1.1459867213150332,0.2705399693578785,0.5790647365820534,0.274344774888692,2.16208018074092,-1.7798124288041977,-1.0146665421668333,0.7272752145736213,0.845194474970161,-0.9411167450740052,1.4735817353580956,-0.8155784324726731,1.6734676076029986,0.4686516880409241,1.27121505203703,0.3708281262654612,0.6569641043543296,0.7101325265792365,1.144786542633394,-0.0328278001574315,-0.8999038350854486,-0.0789391270029964,-0.6674878312409331,-0.6020721078375647,1.654777239800408,0.6227278907563462,0.5767374822329144,1.0726435424211256,0.6175104927653942,1.8670774948337752,-2.094644328312784,-0.9975926117967776,-0.700671848173171,-1.3757164774708972,0.1129227713212927,0.1599326954299651,1.975336238618879,0.903789141852706,-0.507526431488076,0.4943594804974143,-1.826980120428644,0.1422552264960684,0.0887873146119725,68.73953552011702,-0.4064928766962619,0.41719046438256424,-0.06344606394414584,0.6769663873395375,1.412834056769892,-0.3722724842855991,1.0104138262506557,-1.0418475454405287,-0.04236841054167293,-0.7734374918676599,-1.0072498584559615,-0.18340998729204272,-0.36991046945714723,1.8166061635554727,1.1954527117529803,-0.4066687190384437,-0.09366232488927782,-2.062178104748147,-0.21395542918754967,0.6408883245136207,0.9061821573482992,-1.0373287137697196,1.815577481595072,-2.4680677543056952,-0.21816918245082972,-0.20121547789209077,0.8461592627402835,0.31967261257605173,1.265799084366345,-0.7178763595791292,-0.0278968936700094,0.9935510273126569,0.5264618134118679,0.3747785308586731,-0.8274972855463505,0.3051731831289448,0.8261618320092936,-0.6063205852377572,-0.9972915110979095,1.0404926377298214,-0.36962123238004674,-0.665768455807889,-0.3492294754153675,0.5099747407083967,-0.02930551667137811,-1.648057003398717,-0.12380952482787257,1.6542305182799522,-0.21859654631753653,-0.6867030049898435
0.6325827996421973,0.5263878807102349,-2.2690772729524014,-2.1933932071402005,-0.2426664614271225,-0.2034576782534119,0.5432569649742733,0.4486477493143971,-0.689655504900944,-0.6684004541605928,0.2536835542980969,-1.314748860310423,-0.1349902279770614,-0.7176391376105407,-1.1037585626023163,0.2595956466989539,0.7738771734428223,0.8410412769616195,0.574386351133876,-0.4973695331402628,0.7145497614635058,0.3090544381042879,0.1339418829520131,-0.6116931217017983,-0.4968761273415282,0.073886936124554,2.439874466985501,0.3012424800913901,-0.611188502250286,-0.8323894449694428,-0.4917666126562028,2.177293447549065,-0.399256645945962,0.906870534610285,-0.3759282454713564,0.2611845412796286,0.7917452740087223,-0.571902849809924,-0.6411116541527696,1.6588696944553298,0.9845928948957968,0.7906723186907282,0.787276293122914,0.4595754883110654,2.017775813175065,0.0439083018771567,0.5772623672009194,-1.4509129285940126,-0.8249606865912409,-1.2008189998350405,58.73234086330545,-1.2298693782408145,-0.6886667549629432,-0.18753412005487335,-2.273496259115304,1.3417007629419926,0.8247490065722979,1.2237103406692909,-1.2334975839449034,0.06659257175166802,0.13218646951488633,-0.05106066511498226,-1.0055200145152972,0.5674887211299786,-1.0038497270308853,-1.5538930044475427,-0.43064925275382604,-0.7252436766377852,-1.5462779189814124,-1.8123587064271196,-0.23650637545752326,-0.2730212174159279,1.1769793635484866,-0.2959717932122608,-0.6607315058889722,1.2725406325855013,0.5633355030589059,0.30552396622662004,-0.24462508304127525,-1.0234837863686934,-0.47357931981800644,-1.1464540161028787,-0.28720617978326923,0.7456735234735848,-0.875272098575002,-1.3867758626915752,0.7676694887643675,-0.4090685863233753,-1.0935586856554882,0.6159550890440554,-0.11898119144995098,1.9306420024624773,0.4598822437138199,0.33299007977811707,1.570295513321641,1.1548151195135978,1.396863893052305,-0.5017990264337873,0.34144262276440296,-2.824373288829641,0.44946465197448
0.3362778892475625,0.2826770779088393,1.0567249112804185,1.1353666241184963,0.7191686663554372,1.0354661086575658,-0.0830893277431831,-0.5224148016349968,-0.5844009765960311,-0.5510672373965066,1.9836336524360196,0.0118804345177919,0.3865862299051922,1.3592975993648058,-0.1471395048141069,-0.6566240707997048,0.8739897510068825,0.07843924608367,0.1829944496452604,-0.8342713430679655,-1.7176721483633963,0.236142409879101,0.9049620414941998,-0.2258067490760418,1.4364295195588668,-0.7039163254155445,-1.05470445496592,-0.0672303071961312,-0.0825925753512904,0.7699687313352226,-0.7749628240639848,1.368094236814898,1.9669169625082537,-0.0391440269683418,1.2497104201843183,-1.05649707062526,1.075221541181916,1.0472764085594626,0.8634372801898786,-0.0155630888702939,-2.954248941242031,-0.6417271436521294,-0.625916017684602,-0.9782549380604774,0.1222430045470662,-0.4189634455212346,-0.8246120097650219,-1.0588001482478198,-0.7155129854852287,1.1214992118499283,44.82413686438298,-0.17774032148740596,-0.06265695620244455,-0.9425653914430656,-0.9362886324067723,-2.3306547635468995,0.8160068487744233,-1.1748413083829365,-1.4896374214361092,-2.7132426341634117,-0.11471712412457906,-0.24688539656869044,-0.9762464514545354,-1.0337348667080686,0.8347497226433022,1.5665091267059081,0.80634841107493,-0.4504631508837254,1.3241852371455578,2.630615009851872,-2.7892049920138704,-0.30044493773116476,-0.5767899634632523,0.6342839331822381,1.1528880451287398,-1.3244665638906121,-0.43482679126773655,-0.2238872553562106,-0.8417729076788759,1.4217464845954924,-0.12485241842666885,2.7998241463378313,-1.8680628413076206,0.07084639605228406,-1.2624524016646612,-0.5430364949296431,0.0987039684153378,0.21996209981516307,1.8123562925094931,0.13394029593058274,-0.64539309458811,1.0261759668603714,-1.0713387501580618,-0.029634337083576892,-2.4596671470716576,0.7561677995898207,0.4709130635579519,-0.7572358488882398,-0.6015839795487117,-1.106122433593503,0.03624572732326077
-0.2871035198299246,-0.5809685493253293,-1.100176204583657,-1.3078694382183298,-1.6069010137807576,-1.622292055900488,0.8618876757412228,1.5125066694831184,1.548665843194722,1.5942214160187629,0.2500309655116499,-0.4023123411840358,1.6476439522251198,1.3034463001058052,0.1680714389772606,-0.6193557462112576,-3.448042914238091,-1.4335998175166091,-1.85229275850761,-1.4462325699042005,1.878847617911929,-1.2950414134117247,-1.0609429948383524,-0.9205241323160545,2.5985447289763344,-0.0624522277911447,0.9942042661042612,0.1753954115225257,-1.9844090176000075,1.5326394676495383,0.401096751340644,-0.1217129790152338,1.7601274643449267,-0.3465489377097714,-0.1444151647567847,-0.3451027205952538,1.076291285313005,0.8138229320235352,0.2786188618619005,-1.0517675475124797,-0.3702335944758602,-1.052084267234734,1.1603678217171407,-1.5747273583726038,1.5943711881644536,1.2876528773991949,-0.9185288906350256,-0.4164842636398599,-0.7124304044342532,0.4302337976984197,45.434908792681966,0.648636334720961,-0.5636490274263427,-0.2218609037953063,-0.3958287807316623,1.0859266963227974,0.8651986080012756,1.4258947496245888,1.4555808184893537,0.2562218360819781,-0.88637514063998,2.145036420768707,-0.2970572078727427,-0.32010047635008365,-1.1715044081696178,0.7394094886164625,0.7968048330570654,-1.0078023315985045,1.5756045591557335,0.7281727495472169,0.3902784770595461,-0.2996527756648127,0.29542412700076187,0.028135512201254837,0.32668946534170584,-0.10962585048771564,0.2386000732661008,-0.3053886192040924,-0.36091932299328416,0.17944839173657468,-1.0603159900310417,0.1946480039058068,0.8474157131500993,2.695488709469085,0.1306748998926192,-0.5639164696142108,-1.235447832122853,-0.5059063354307114,-1.5255799251838817,1.3187013557682354,-0.6896617174685151,0.45267917616006303,0.01768327004313995,1.6990607523969676,1.734148024184437,-0.07310003566416852,1.388824414144988,-1.72383445100243,0.5548575935630102,-0.13301891577435737,-1.3561720611949675
0.6037330161902218,0.4449000493270926,-1.6612044051839223,-1.6027510064731083,0.5136092944152219,0.4118089982290545,-0.7586652015427723,-0.557181836588285,1.1263934497220656,1.3051500099534532,2.001922459248361,0.0440646349129376,1.1407858004524745,0.293008807258655,0.5855215328568677,-1.6713322676347722,0.3710537382153631,-0.734975101257266,-0.8463983057776877,1.7441031844659785,-0.2137702480623489,-1.0033018309754966,-0.3591316281088747,-1.3004502289219138,1.43388446819627,-0.695680744166515,0.5292999339436693,1.3561067142103251,-0.5001526812147293,0.532022432272786,-1.03008605490443,2.445769569113684,0.9363801346166222,-0.192606438760806,-0.7728337308889638,-0.1139965528396263,-0.3399837223515192,1.9529445539995067,-1.2255347222149022,0.1348014232902034,-0.0183380666337099,-0.1174103003448694,-0.1086166549383424,-0.1160708101204834,0.8730660663320997,0.6089844464924351,0.4189116113727865,-3.033989362145269,0.2997948741631638,-1.6556393601700825,58.55460666005632,0.9873088992566251,-0.41093115629918414,0.4216844682644445,-0.17962400023523706,1.0552188513310425,0.16666168705732284,-0.5790453361681495,0.8074618356124449,0.4834398919300388,0.8514772375556987,0.8946771424381318,-0.30087204539152507,-2.4050695499102095,-1.2405935848407343,-0.4056883798062532,1.9050230835354185,-1.116865971932945,-0.8634572371883934,-0.979319205284551,-0.7341100512387413,1.0134019309650404,0.18571668936896457,2.762684532731502,-1.235791411506426,0.13285868266724815,-1.0731591448312356,1.0104418828265367,1.4580597766491035,0.48344366827831825,-1.61029815551116,0.376202317860116,-0.4381515056207866,-0.9496387450907569,0.7169219523855107,-0.20648597646606412,-1.1920782645758172,2.545035523403604,1.803648596287526,0.5099516667426873,0.1332382865864439,-0.43044733867642976,0.8378411043858961,0.10264510297377231,-0.6071529663023779,-1.0353758919116014,1.710706652833669,1.1764522011048124,0.785916086903764,0.0931582623472575,-0.4874668254589845
-1.178179687334277,-1.3223927784423006,1.110753172414642,1.095298818788592,1.0844775248572875,1.2723173952311224,-0.4666189681756455,-0.944320248140993,-0.0558964666135955,0.3054280261160414,0.2066776285391162,-0.129297457035508,-0.1336277297267712,-0.7766940529721439,0.9416190135514908,0.0765180622437113,-0.1744439342852821,-0.7474292532492047,-1.331913110391086,1.3079641925493437,0.5546387081318072,-1.6239178425699672,0.7631423007096569,0.9224811702331092,0.1243761223009295,1.598110895751759,0.2167196421228829,-1.41682352794919,0.365169001048321,0.2448973017127292,-0.6032968487781549,0.573558836877425,-1.667665266190862,0.9905668274427896,-0.8781217036054526,-0.9849461251170324,-0.1138247723074768,0.4329729280436354,0.1639240635934296,-0.7426591657723782,-0.5060892911918885,-1.133042347377462,-0.2246799016298701,1.0750212145109097,-0.0042629376438761,0.8594142547594531,1.4554013377261916,-0.588018519036967,-0.1865732530553646,2.171192861062495,57.914816514808805,1.1218531894268484,-0.36722421595499294,-0.43522223280062844,-0.7431342647679838,0.0004454941875451166,0.5660859827442142,-2.2562499347482268,-0.10648788318054717,1.338025402628851,-0.1274629682173845,0.969548066889097,0.9118317785133704,-1.3680741085319892,0.02846344841915499,0.6164221048147337,-0.4954921445178963,2.0863754175513516,0.06889361672285461,0.23006040438340009,-0.45838807685368677,1.2933698874856707,0.045629329987863926,-3.017646892747387,1.2424093078962049,-0.8067704520025192,-0.06815663043443759,0.8590014329706827,-0.9199078445739007,0.4560395883836946,0.29197320006678507,0.534507548206712,0.5778322886399249,-1.5793719075375352,0.5199100723365851,-0.46857970955031664,1.5931210565100329,1.5082349315811752,-0.10552482732608953,-0.030578532411292016,0.386769903030794,0.06983160829428585,-0.8298567681375087,0.8612234150998442,0.024863632753244016,0.5805281489178395,-0.09941428931580211,0.48470175022428375,1.7182016314186765,0.34311527970609357,-0.36704139608245534
0.092012991350999,0.141997862936996,1.497703468671258,0.7337509466913249,-0.4755002342777533,-0.4369592686501755,0.1576385534254971,0.3534831559363669,0.4911051631377178,0.3536861011314507,-0.0489887882085168,-0.4207576587460963,0.3877675186693911,1.743547390939692,0.4691948621363831,0.2143736476499084,-0.3905792486713143,-1.0694964047198718,0.0234075829406992,0.0415767606201418,-1.932097266386256,-0.7267836461075264,1.1588612617608192,-0.2580695764466229,-2.455825731763943,1.6011753474045445,-0.891509077663919,-0.4702672954071888,1.062254121768557,-0.7420734496322633,-1.9699605681863688,0.2175655299643953,0.7968421547466801,-0.4691105981551411,-0.1228438132917443,-1.179796241541408,-0.9954635815257836,-0.3216772998968878,0.6486122290630659,0.0977747429964652,1.020049299098559,1.6536109750979355,0.8865721701479811,-1.589963441914018,-0.2837780357677962,0.8769956512715757,-0.1195449456906255,-1.6193408691895903,-0.5519789211308319,-2.272451717097593,34.32863291575116,1.310543824692213,-0.7067567572181777,0.7505868538357765,-0.7970028035821819,-1.2971686218848764,0.6990136200130055,-1.1784403468600457,-0.45379248516408377,0.36873805927693065,-0.23773507703838478,0.47135249082772884,-0.668876034443013,-1.1064745561139018,0.021729490989722763,0.4251332467137215,-3.3475505964875936,0.2789123650819429,0.7121899185032764,-1.3461407225802056,0.00602113581669193,0.42193371217351033,-0.16981997217719902,-0.7176622759721215,0.9648977191061778,-0.0774827743318861,0.9996891539453561,0.04984925184290562,-1.740411474056052,0.5906652967043781,0.02682953092481496,0.4569561821721156,1.083441303347885,1.686012583861031,-1.01964533574504,-2.0078985737640673,-0.7681413934931884,-0.24760714791784602,-1.19769935087518,2.0612454684605774,-0.8624217197354466,1.1015546500565505,-0.49187971578071743,0.450257691189742,1.1867719039853397,-0.3149055719182106,0.8569070581843299,0.7696302903444611,-1.315644767820483,0.7680946961831208,-0.37404412439466284
0.170873528746982,0.4373058004388388,-0.4311550664173644,-0.4649494573031133,0.4908416254929437,0.6060158301900035,0.4197676302302738,-0.2752982091018267,-0.6038936511457048,-0.682253032193455,-0.5651313717924064,1.2871810467060911,0.7260387931103602,-1.0769231186843455,0.437498296408455,-0.39058231264857,-0.6823845854715656,-1.485739465722507,0.9719186938202444,-1.3638631496671385,-0.0519631780098744,-0.9463112457248688,0.7758439470699247,-0.3343518263139505,-0.1344626555203447,-0.1007342629300327,0.3025703349357834,0.0130047639833094,-0.0432731889611163,-0.5184019752547779,-1.574729373342093,-1.1185509595418557,0.7184797386806455,-0.3058194633262976,-0.6640097777224797,-1.405728144418045,-1.719647140090352,-0.7032068801281984,0.8880528540452571,-0.5570701936223185,0.4004855252414476,-0.6030598293979578,0.6388666960288489,-0.3517508018086691,-1.2318842455504964,-0.2689530678994436,1.8340004182804075,1.7898843155508546,0.4865333027793646,-0.1370588154137025,52.48532226068078,-0.22241277845556565,0.302449714360124,0.19597503386460266,1.6714828911820923,1.0152280916650722,0.6354460283143577,0.21802509213256502,-0.5739300079673577,-0.13073706671323823,0.23287130774025103,-0.367317646668518,0.4350783381858596,0.10175105077163865,-2.8323183184692535,-1.1017743629397738,-0.4094225730308178,1.4657172417040598,-0.22937568736475497,-0.4942015491627052,-1.553647043369941,0.13659151739839284,-1.6521441318888168,0.654023974231481,-0.2966016080228718,0.5614444608599518,0.7671469014357418,-0.27761869913651793,-1.468262686962047,-0.4113654880221563,-0.011409078855165644,2.15207335586206,0.1896473970119882,-0.3815835486484203,-0.7953836793707056,-0.09495636950312068,0.7651239739437059,0.2721992597537909,0.9867984350370388,0.8232475017125183,-1.2448715514454882,0.9200138055422513,-1.3200585659077924,0.6941188538511088,-2.1147648964521877,-0.1707450883346634,-0.5757834293430089,0.251069560976945,-0.14000309873147185,-0.9056683356590169,0.5990917671149544
-1.2894805872096875,-1.6597381685155683,0.9126203225404405,0.7412312737199949,-0.0596543119921916,-0.0996253245192589,-0.8097248357672839,-0.7160435723043613,-0.7871740699869963,-0.6302446433599932,0.6817434088151417,0.9625028858001016,-1.2261793578126834,2.196646054978954,0.7674793445541306,-0.0017141536690639,1.0895365830766406,2.365407771999973,-1.4387201010568695,-0.2252626424913536,-2.3784316598733284,0.1926515326480246,0.3653942419251407,-0.0391621154427594,-0.6545335709983099,-2.0495145161883253,0.3735336834117687,1.455434483915325,-0.591018455733432,0.440059929023145,-1.5681443134200506,0.4572130636925138,-0.393382297744657,-0.7624179506029144,-0.7603636412161305,-0.3936115820330099,0.3824333156925354,-1.3121632011955178,-0.3971153315678528,-0.0414717779991476,-1.0990392245318592,1.796665201675017,-0.8534954800613416,-0.6694369136334904,-0.978307949822498,1.7984800871381177,0.5529052285994815,-0.936592006243642,1.1062315588599687,0.2006986942888783,56.54994897101177,-1.1469586287334392,-0.6279284867539493,0.3169794177734066,-0.10755913185890842,-0.24123106629735142,-1.1174181735133961,-0.9788142460811394,1.0932371075822098,1.1049419222309718,0.7207720848382171,-0.2753899588180738,-0.3054700292478684,0.33340901239271253,1.1595962893754976,-0.014977773629630677,0.23065792520835698,-0.794062257036022,0.1498670913877777,-1.4819885411257958,0.13904147711338619,0.22956261485596166,-1.0021039246304306,-0.7529053954279397,0.8794671868111364,-0.4671406983178905,0.6208417480333385,0.03527219264530364,-0.035295917188680345,-2.334415589215141,0.5107665885939133,1.7859438482695904,-2.0354794285511777,0.41025906898077413,0.6694853551747171,0.2317967095246296,0.11837588533238683,-1.3403841850963165,0.6294941559995911,0.5547322169891947,0.07965422339253156,0.9091983490293388,-0.9525190612762426,-0.7773887684381586,-0.25333374148674426,-1.3186850609261938,-0.46771754321744174,-0.8053575966500807,1.3772098071488719,0.040089862110221745,-0.7021934948906061
-0.6162336569361184,-1.0291107426679955,-0.5446862067900078,-0.2393231989640856,-0.1234943751270294,0.1475270874011517,0.0739487299948089,0.3747589623141909,-0.4734670664997493,-1.059151781227861,0.3159858329562038,0.0527061339845144,-0.6920979087782884,0.3433841626805612,-0.4625533402486919,1.5554399963122745,2.4891803124160408,1.3890468473602082,1.3333245348753875,0.8141673796198584,-0.2098315515938739,-1.8990603825291168,-1.025005909637914,-0.6767394744763148,1.2077371195222522,0.2561319432815173,-0.6595234533284451,-1.8451863409348064,2.318146928469932,0.5333135559629747,0.9085098334284564,-0.5356605733236723,-0.1386122706627901,-0.3438654548066009,0.0643367389614956,1.8457871624290132,-1.2042811172561152,-0.0412641552975991,0.360874531251176,-0.1168172729471777,0.995324848498832,-1.7356444225035648,1.883769043498768,-1.370519206253032,-1.1301076694324934,-0.4494531705216814,-0.6475859576116851,0.4245034564889244,0.3086918282386993,0.1135569951972365,62.11861704693252,-0.1145903003079688,0.015686713795602138,0.8886627535509601,-0.6950436601497395,0.5488788438189564,-1.7073844825439868,-0.08804446917604382,1.9044335081747408,-2.357334224599479,-0.9589762435344478,-0.18386929981662062,-0.7447569552398373,-0.05605556594019711,-2.139114124430851,-0.9798387725414921,0.7145306910521688,-1.2516035924647442,0.010933013243189653,-0.05118484564042785,-0.3167074442742699,1.4279519022530862,1.1221323222304762,0.5660715573099809,1.9997558319580198,0.7643296141303859,0.2874796750148208,-0.7271974485930746,1.6708505294436606,-0.5883570224656404,-0.6595378722631091,-0.9315981435288059,-1.9636701238610712,1.716358498799454,0.07268612506370074,-0.19324244245896385,-1.0040408610202272,-0.21440668474875849,-1.2662226643379593,-0.6826060722180601,0.8646627678606656,-0.30366577891320257,1.369936719868268,0.2011890594004428,1.0088153550438954,0.4135708163086037,1.5723786330446405,-0.31684321911156244,0.7465528516535793,-0.4963074772123244,2.7038751925892255
-0.4820119181259683,-0.2332108362801961,-0.3690197823394056,-0.8000595970588265,-0.0360387749943618,-0.0172247871549536,1.2772621273506148,1.3213919093195936,-0.7543431907634679,-1.1482556930420205,1.883517072995316,-0.3245193203393893,-0.7685165669797679,-0.2873076878663312,0.849056101242407,0.6637654719829187,-0.5751789549976456,-0.3995861733910266,-1.4554704510921812,0.1387233211589344,1.2823174359550895,-0.5817771620085033,0.6358130304064926,-0.5821129944813005,-1.0956490489243764,0.6802798027944731,2.3476493875881523,0.5434236092876236,-0.4138561868599434,-0.3493659598831202,1.90918538943165,0.3069800198361528,-0.7659160206199607,-0.0622250633730819,0.2151404628615487,0.4692137015993424,1.512038814094032,1.2758984940957117,0.1982387764800168,-0.0414952124258837,0.3959857427687619,-0.6082334923083494,0.9800093436445144,-0.2034717985972874,0.490901309117073,1.7132535703560028,0.5528064705268864,0.2307031660256825,-0.5173874571548498,-0.0780740575154809,59.54921229552533,0.633267502303576,-0.7287316813744033,-0.5267554326549905,-0.041169476912550004,2.2192012719617784,-1.553583543414807,0.3382524875291783,-0.6053929239275391,-0.5149485306271437,0.8729183473332867,0.18823327270113394,-0.33037606334097747,-0.38259338288737815,-0.14593743611330154,0.6541280021710922,0.3036042712837195,-0.9777782109588511,-1.4814469796527912,-1.581355226130057,-0.8772199858868932,0.47625276008722073,0.42880071777425993,-0.06007919289668886,-1.0543801952454162,0.39273094038199013,0.1598460497127946,-0.1501756513949002,2.2048507220781515,-0.8878791855361773,0.33247343108210803,2.0187249129722367,-0.6724081857942658,0.42355883701672115,1.060153914745751,0.28682824500187637,-0.5327575394612195,-0.600381390512336,-0.025243058663484013,-1.1466430836672743,0.07383257979777495,-0.5228941622933254,0.5049919649096261,-0.06556392602974538,-0.6170497881602497,2.5933857454493516,-0.7391037499025365,-0.5005395085832681,0.4860175071658253,-0.9383436399325162,1.385555582216974
-0.8065198324565613,-0.9796294749396204,-0.4351387479620344,-1.0242001186447378,0.2190715625376686,0.7739561342763372,-0.8358702556183059,-0.788805216478701,2.768373605625943,2.5399994898512617,-1.925567360332877,1.4937097590055342,0.6110709051105707,-0.7664664310197877,-0.9331190886861416,0.6734727961582307,-0.2469183274894546,-1.9259778184451013,1.7872399646046684,-0.433990462215957,1.4955717364824264,1.278434957965715,-1.0010095444828142,1.033189864363148,-0.6514425498636812,-1.866700586803942,-0.4245981660221425,0.397637501776279,-0.4627366479963379,-0.3070483409251014,1.143566044928613,0.1064939802900918,-0.8432983112849525,0.7020303236673265,0.1976755669542451,-2.521604801462043,0.4283529137714487,0.3918287077161016,0.0201211295808599,0.8917005810695752,-0.6723935843265022,0.3364997888209008,-1.5669593711673528,0.4070903833988318,1.9530596955398964,-0.9948563524675412,-0.7598021319877752,-0.7100154428915523,0.1299982258015952,-1.0630362728537182,21.296771848062285,-1.2272597809208574,-1.5342986263844585,0.6593805861869515,0.5370908330611436,0.2518367506236188,-0.2701599923826637,-0.18138540310928583,1.1384155206557094,-0.7658099800587114,1.4498535197733495,0.38916981022344826,0.33653838187097995,-0.37910174834874727,1.3276154516053054,-0.7152209517993878,-0.49627753308969913,-0.42207188508969595,-0.3446612859620184,0.3884228943128649,0.04624182501819926,1.5224389097565452,1.9092970506264633,0.864948838011637,0.5554461822029292,-0.5829002011534333,-1.267057102065067,-0.4895366719905653,0.6502315094495458,0.3105624837042775,1.337422041572723,-0.7001329529499091,-0.05685659986476705,2.230818271811151,-0.3232719397152676,0.08494807836662877,1.6998330137637852,0.742890329541174,1.3755683911973327,-0.2594680999879023,-0.24936783834808848,-1.427374967075064,2.1495550892280053,-0.716225009423016,0.9137407408368338,-0.5062866317860745,0.19646875102926079,-0.4168601707117526,1.4784876511486336,-0.8718592203480735,1.380736412639098
0.8250982646676347,0.4355417837714718,-0.6581164890752567,-0.5588684841006868,-1.345870923473215,-0.9813500298927496,-0.476220873544659,-0.4639424994417631,0.2625613290019249,0.1815462979313116,0.8508979621679722,-0.1373717883993966,0.3904648499288896,-0.1032217529324962,0.2653623493996284,-0.5827586576115821,-2.438817158276429,-0.1342791621863041,1.42274813609994,0.9262154022415924,0.9653974845911708,1.236130721806218,0.0886575909614374,0.1973157074055956,-0.6176518954343502,-0.3160728560270497,0.6157711497711416,1.2038844371688162,-0.1394462756809995,-0.4501892648514116,0.0005279588565972,0.6012067489291149,-1.4438548161335418,-2.296180953137238,-0.5505368494915835,-1.2207124259141586,-0.5081401976473109,-0.1477803188174715,-0.4532484090230134,1.4524675344707454,0.32674476460232,0.3004743596108283,0.6222071440434019,-1.1388331177807691,1.0391117874202689,-0.0757642865354598,0.6704806172412126,-1.0718572330401557,-1.5537587660160643,0.8178896580250287,38.706411694504524,1.660136953448242,0.9124352492591664,-0.38647671725197413,0.05162637671120796,-0.9168846917185619,0.5939267344226444,-0.49435433785671684,0.028012915358889258,-0.03452179983131104,-1.4261223687611762,0.0007086276805219297,0.9149333898817024,0.7160457490404942,2.209183966688679,-0.09662953619667236,1.714164357415557,0.03649993182615992,0.012365095136532597,0.6822210809128297,-1.6901962176328016,-0.41908485198707596,-1.0377048220344753,-1.1321228304276592,1.9859447760880076,1.1274543671225496,-0.20608537303860355,-0.10084481837845984,-0.9812459486006698,0.219238917490338,-0.25470594087176274,0.3222408808824085,1.200141587526417,0.1361958628054981,0.7395248008042937,-1.381993551174754,3.4896476094098703,-0.9303115711456651,-0.40990352279450387,-1.4988247789067888,-1.1300003760924564,0.5285450937889634,-0.7370016848027501,0.925017468122467,0.6763817197037947,0.6226023381728207,-0.9077566874743674,-0.41072888997746465,-0.17994065538414408,0.5408684452119157,-1.0336988128072997
0.0063453098006374,-0.0743591371628682,0.6754013279510187,0.6027800640718408,0.3397335226299476,-0.0129030724081619,0.1665291731024774,0.2789150439258422,-1.0782245441907738,-1.0599575666966805,-2.9010706290439163,-0.3340981759418081,-0.4363759428163026,1.402239355613348,-0.6032231026286933,-0.266357058595479,-0.0792287772768084,-0.59032002393038,0.719791421832159,-1.9923920138568805,1.13657670414413,-0.0118781183158692,1.3016471347954262,-2.747232142114272,-2.4362293206111074,-0.2919785595855003,0.5059153880005607,-0.5549327160031743,0.5838458300825154,0.9813097574429632,0.6659995470213681,0.1032685043800811,0.0956028496540563,-0.614795086388384,-0.0553743242037776,-1.024230887234727,-0.7847294673610576,0.5143641995467549,-0.4628811315313491,-0.7375618941693329,0.449231013184993,0.3798996569304171,-0.2152995854486113,-0.1489354307216377,0.415947889879907,0.9689571163838906,0.2010856591537613,-1.1920339103771125,-0.2214274927634512,-0.4071498377934169,53.41930598134928,0.8978885387603418,0.4995269850954084,0.33951448381884,-0.20572759082797323,-0.3357309949197217,-1.1044112775115846,-1.2506960629882262,-0.21242892991046652,-2.1986928122291647,0.2782989791278315,-0.2905984773431332,-0.25197318715848965,0.2128198468830529,-0.3630498636885798,-0.1397989190107496,-1.0337358005622264,-0.15093661684399282,0.10312183410805609,-0.8269805995836251,0.07562677839040349,-1.3355690197014451,-0.030656105352437783,0.1728423106163546,0.6530295532955295,-0.7409371136831225,0.18261578366539605,-0.4536842696609017,-0.875091755375022,-0.27237962308522584,1.8993837609679463,-1.4515181184283728,0.29133364331879874,-0.7081268640084478,-0.03964982602951878,-0.30085274896254033,-0.31731233288599736,1.6577405500269589,1.679728476372106,-0.3219769900741795,-0.6339879499669326,-1.518523795229399,1.5084231286249086,-2.0154014068621935,0.16916687482853096,1.2458590811883452,-0.6556053068461208,1.1047763680558182,-2.398034810453,-2.5642269231648243,-2.0305766118258752
-1.187765239917527,-1.2474815041700322,0.5343648986363834,0.3223500424679564,-0.8515399797793188,-0.9423117618153936,-1.531535315243643,-1.2608586505838224,-0.2052840194962512,-0.1708888672854854,-0.526531687096043,-0.5235759884065829,-0.7641867866378464,0.8761739316930753,-0.7094311573284758,0.6445954324151765,-0.3824523976692902,-1.97596329989162,-0.5703140677864661,-1.1791082143628482,0.0339027236823375,-1.1904077356744902,0.9259751007146168,-0.0910758603530272,-0.1775959947587389,0.6558921377875826,0.9639069340758624,-0.0200987517696516,-0.7712002995492906,-1.7739696161121294,-0.68604975703518,-0.6172122466479616,0.1070574529922967,-0.3451468811380271,0.6879329720514281,-0.6129832712706895,-0.0570411668529417,1.1839874431968893,0.3418252139549665,-0.0600375416885645,-0.601944441935177,-0.6332313967149771,-0.8506132529519478,-0.5410068657828994,0.7556658387443146,-0.2218882712922687,-1.349773069381231,1.7681692930597834,0.319965191145163,-1.4069434005131694,41.35610023469313,-0.20656716843132902,2.288682068797672,-0.6457713506365684,-0.6500166686704533,-0.7894453602409877,0.923970458584404,0.02194380821533224,1.5042142828299232,1.3196356622437186,-0.3049222123573273,-0.5941156304879845,-1.2039381307977697,-0.33394559630536247,-1.4329490836170877,0.12157900053938211,-0.27464484856183796,-0.7731909684866285,-1.7305061086190905,0.16089420419906206,0.4705989135033593,-0.6690594839657179,1.1631935189613771,0.46601823001338427,-0.7543828593643029,0.8558933054052137,-1.1244034957402724,0.5239518739379996,0.8758373287657037,1.755524980070087,0.04999442712030695,1.0366064138649516,2.617273338971958,-2.35348319363109,-0.7228012370979725,0.11389991890318406,-0.3863782404371976,-0.06542809442218743,-0.7447828501171511,0.8009535693011547,0.878412979507654,-0.015510369813372431,-0.7288229905018216,1.3469542192380486,0.5988996097207662,-0.5229771004631462,-0.5051207853795951,2.021714986154262,-0.36650780077482936,-1.8550700827230568,-0.3390693946152719
1.2341167999418716,0.7040343893457841,-0.4003973447357812,-1.0045830098278128,-0.640112765772352,-0.8095450868517805,-0.7947730872307747,-1.2076419324770074,0.1222485531960035,0.1513774192845885,-1.2978410999073329,-1.299678552330366,1.810526087567177,1.4927226286916295,-0.8522989990995977,-1.9765943199957308,0.12804424301252,0.0469401162376715,0.3169169869883981,0.7413738924773331,0.4517039533959419,-1.116439531500253,0.2940410871640176,0.8538235753356542,-0.724001723003373,0.2999564687558586,-0.552780717467808,1.9961697209412297,-1.32682713886702,1.155948936528601,-1.6708127614252692,1.7930526852166078,-1.1415490674244095,0.1896715439893359,-1.6291931866968048,-1.3499811170217109,0.8977470476246219,1.0281623114694711,0.2393589323676469,0.7410816654902409,1.0448787426539723,-0.6841768637993143,-1.3989614343168146,-0.0137033862027946,-0.5772011858972084,0.3886214802009952,0.5480286120879263,-0.6816507905692808,0.7041085429664431,0.6541383759513081,41.20774559968649,-0.7108719304112411,-1.0439728399982582,-0.9107038230647322,-0.662130845467599,0.4334897174485225,-0.5022751745078862,-2.064957387584735,-0.01016572074277691,-0.249809899684246,0.6992305807201401,-1.3926487577832536,0.9997148032654405,1.2932994952412589,1.290548225767958,1.6625550811140222,-1.0799098408608079,0.0877150093177639,0.7536938995540108,-0.87996435202241,0.305248659617571,-0.5627969307520315,-0.5658235103536783,0.13178915821133652,0.23891324044138745,-0.7230156982860678,-1.7517559167898828,0.8184053998494355,1.331635429967839,-0.6407286126266447,-0.852379241858792,-0.30736124134784987,-1.4914267376560257,0.30054744840099773,0.9281628335101157,-0.23717063112593234,-1.6382959142023927,-0.86941543155261,-1.6220263782875344,0.9817898365690693,-1.2532080412418714,-0.42026305469107744,-0.5011735332008286,-2.2187552546413603,1.2946333037401292,-2.425189153677281,1.4471458278702671,-0.8722740951353968,2.011756445879286,3.167190144013333,0.29352587261165525
0.1838345163225043,0.0497840761059222,0.3498000245679075,0.1717368095401702,-0.095464247089073,0.238877252678174,-0.0805997492967608,-0.3727760798623268,0.9153902755601616,0.7402492733970456,-0.1167659157952466,-0.6355578414044034,1.7388513518533313,-0.3212427661179117,1.8325570434792016,0.8141517621182666,0.4820667273353861,0.3687331473175197,0.3937972982162515,-1.92767257934561,-0.2788833941507565,0.8451579711843216,-0.0488971834741055,-1.405189846803575,-0.0524044505774694,1.7041055162554912,1.2468917155347194,-0.0620040093660317,0.9514492770580866,-0.3665070203680518,-1.703871586826719,-0.9244659881295544,1.5628887685081978,-0.2739930818293042,-0.243383979375018,-0.2998381962748805,1.904136589573007,1.6259589153620633,2.218780233448134,-0.1590452104000513,0.295624488747095,-1.5166425494207911,1.4769344261182744,-1.167779551267935,0.2167755637626291,-1.097302527632844,-0.5888668267386961,-0.8372624310497003,-0.6078752606758179,-0.5391227031489786,49.33352035818874,-0.669121081112643,-0.20896048733203057,0.09186474564849363,-0.5978083864853595,-0.8060675587498047,-0.4927552111940789,-0.6859980417194214,0.2963644392546358,0.3187966911589339,-1.2166592125268512,1.2833791650466513,-0.8981693831521145,1.9499750409961005,0.8651565501202622,-0.24096058285591823,0.019576762090171933,0.17538612453994687,0.12949365289609474,0.5117309642699077,0.7888842075486421,1.6045279277362936,-0.4853670441109201,0.14941248492088846,1.3698832599523623,-0.31607335884173615,1.128832746943447,-0.3797158202146883,-0.6419969944533351,-2.22573333738889,0.8496840249283797,-1.149487636578482,0.12129183090008201,-2.2364262035051636,-0.9925609153928416,-1.4927901206286105,-1.6499153920277536,0.03215861956518158,0.04521571709750941,-0.342004268275726,1.772723101755885,0.22246486234247298,2.7223109325816255,-0.15372666069731275,0.6025009698088679,0.6955114932633333,0.5137683344017713,-0.16920973832562736,0.2984759569068916,-0.6645061367695306,-0.16195879131002258
-0.005411334652708,-0.1815293075906619,0.0042105208757856,0.374007316060813,-0.8466048423882574,-1.4067827361369445,0.3539768850636753,0.2922213348786353,1.429774859514874,1.845606646131884,0.1514337601607182,1.401069355627171,0.7946783230451239,-2.293662022370661,-1.053930847855222,0.3381403253579316,-1.7869675655509722,-0.8975890047568621,-0.6998149436579741,-0.2561659062458337,-0.2874302082262078,-0.2891204271668269,0.8253075172403137,-0.2652238654505343,-0.3846301320712339,-1.3491721041435163,1.0243462019858247,-0.6714975139474861,-1.0870303280012752,0.2130905748689709,-0.7669412623830628,-0.5259527397942941,0.258460174319069,-0.3264826237795563,2.3116093753006344,-0.0748285433191979,0.617838218879222,-1.9416940474929447,-0.8606491319147301,-1.0869136949167124,-0.9543797233026288,0.4155379938370026,1.0355650677774098,0.3446305046345108,-0.226644623566309,-0.6308550387124194,1.113599751186509,2.071255454154862,0.1350557047836908,0.9393630640715724,26.134432216173536,0.07420621380015535,-0.1285074808558058,-1.8852000520211172,0.3388146008107369,-0.47285142234964317,-0.8361069958796004,-0.927784109060761,0.2482739329114458,0.2230912250598942,1.6289382256435756,2.205529568265414,0.2608231676775328,-1.2457424502336703,-0.48899228957847524,1.2179271419745152,1.5890057587728696,0.7022764275515784,-1.0553862213417338,-0.6886180485624596,1.1653523825521162,0.7364137445360135,-0.29333986463873724,1.20243090577956,-1.0157664669241608,-0.1626442897771436,0.05083852660983912,-0.8118796688667311,1.4244504949072732,0.11945667340578713,-0.11256052914617856,1.1885010140347059,-0.44547088676687246,0.3246397411466488,0.0741518959311109,1.2231129450683034,-0.8572519004509404,0.7367754089031674,-1.4606426996778186,2.9359748746381094,0.08507113919863317,1.165553450492999,-0.8350562251726814,0.9411618657467511,0.929128862531557,0.07931147640280711,0.841858822708537,0.21678207171360697,-0.8424305054311236,1.4688643405962059,-0.529823015525806
-0.8712089790330124,-0.993280723783561,0.5228712669142984,0.3996897133506379,-0.1553729882179987,0.7444438834945125,0.4810976654282442,0.2820419954955788,-0.932161054865362,-0.9377376215250662,1.1803183169861102,0.3743130895464978,0.2756635817352305,-0.5309596471542593,-0.7729036637422013,-0.3622416977573796,-1.5136541744623178,0.2524485549536634,0.0488311248084097,-0.9334212667102668,1.5686819188413577,0.6069137102870481,0.6918418040088565,-0.4873399260391653,-0.0013300780263234,0.6273726701874223,0.1527823671002355,1.6019007847698716,-0.2037875694167511,-0.5045605322361106,0.634252876471426,-1.264647272286512,0.9242969323081122,-1.3007118005919829,0.6385846660585501,-0.6482735541726626,0.4765841469833932,0.9073429460610174,0.1534211955039187,-1.19962095164068,-0.896775244507152,-0.7286591410337823,-1.895006893597774,1.127477858731929,0.1101075857563288,-1.1355180451889948,1.4556748574583571,-0.7013281001381633,0.2505724890748714,-0.8252705451962018,47.33929233163057,-0.22940260273035226,0.9893694382821313,-0.29626744350888173,-0.9941800924017872,-1.2844303744075998,-1.8847863590162737,-0.23937685150891483,-1.6255993666594517,1.2624898948769503,-1.6078948064290692,1.199336780928251,-0.024832667703754394,0.5225100702105114,-0.6157374582092063,0.4799969943350377,-0.14092592389881278,1.470432303012538,1.799064234023653,0.7889701250469207,-0.08134772703574868,-0.6374565243176132,-0.4453477949965509,-1.6799057465048952,-0.030096707290532855,0.3385830908863617,0.2099792807577828,0.7116217341841727,-0.22956017300372036,1.1891949720939472,1.0525504945983397,1.4362013949052208,0.23463799594133422,1.4595381748779412,0.1774864154778142,-0.9721556533948422,-0.44500348253773475,0.5204017627353577,0.12488728990101115,1.273340552051642,-1.5863350751318903,1.353650607880588,1.5866683812059905,-1.1883818721560526,-0.881293733690008,0.31133418225071396,-1.8068227978401867,-0.9804528959686019,1.3341294680772102,-0.06465904405918249,-1.7409878956035099
0.5780845089895115,0.1940425741551257,-0.923319053623664,-1.160342208937456,-1.0713047309688788,-1.571577467373413,-1.0760928460135877,-0.7170106083359875,0.5578498212639947,0.370843613452686,-0.5101669854062516,-1.1578365887232838,0.8615301965088477,-0.4496457361860823,-1.54442742282055,0.1701650677705797,0.6064921081313653,-0.9536984332384352,-0.2649159166814195,-0.9023954846402444,1.244047392118782,-0.4313581368719318,-0.7218381972624011,-0.0513254938491426,-0.207549329966908,0.6884933938660034,1.216047225928888,1.2236232510224998,-0.3819073605924749,0.3051136331476549,1.488499910290449,1.5269988083750052,-0.8759061546935356,0.5922452166433445,0.4232055727718269,0.9263875444446998,1.2436175678377877,-1.0409760092942055,-0.6906783050345754,0.9076087563075924,0.1480307548499866,-2.2272412075558146,-1.6662824421457996,0.6625731412989784,0.8391109225716529,-1.349487704280264,1.0991675621278418,-0.1971473310916516,-1.0224741297880318,-0.5602958900485238,36.72375893087358,0.9505027552826248,-0.5071078941326084,-1.6063770056091804,0.3932692234702219,-0.13208700551914349,0.229314128434647,-0.2133297993092693,0.2884111487160616,-1.8619501348740473,-0.24428093977653406,-1.2590656259307462,-0.15857009234621902,3.089889607686385,-0.7173921636594315,1.4184025460365826,-0.13479985209347917,-0.36389378950892304,-0.34658458161881917,-1.8115918203349892,1.0954494845089495,0.8084111769326973,0.5317973984806225,0.1249671907916849,-0.2434828217817324,-2.413448170283476,0.5556268227948727,0.1847588127884412,0.7142839761013748,0.2871608776027747,0.41334628868820267,1.4701027817186962,1.7516744537778939,-0.017060687140464822,-0.12028871150379637,-1.2421965946218991,-0.025441815478882114,0.1565737489967365,0.0051431414744674145,-0.029969424069509792,0.503237403877222,0.7023857243546086,-0.031991096536398415,0.4237396768413433,0.5819938044171737,0.054895598514712006,0.03464843675968635,0.052812202494263556,0.8448629037751898,-0.5615731560429537,-0.6721412733897842
0.7310816416319909,0.1368775440132031,-0.1343856308653454,-0.1965516954822456,-0.9635758076643554,-1.0986485006268718,-0.4433592223623425,-0.0874563616756597,1.086913282660387,0.699251240912794,-1.7765935031779123,-0.1068250528034881,-1.105198526282599,0.7983384374818052,1.719613566745933,0.5377189861828239,-0.7596676668728981,0.8899408573052151,-0.0503549507984075,-0.0737848499970474,-0.4852947096301446,0.1046847250421632,-0.0709749648984742,-2.404197401619775,0.0258655861511982,-0.1376171283182041,0.3468189385792584,-2.0067321677231704,0.5120027431175709,0.0286072315202195,0.4951354711221837,-1.6291271098395612,-1.234719558331209,-1.874986788894351,0.1463174294709132,-0.3450698642695748,-0.1439959263330127,-1.3924513681736794,-1.2098320099379394,-2.496091867344284,-1.3455477158341431,-0.6500361797009686,-0.5983478523578608,-0.0676248493937024,0.7616299832127008,-0.6889801368063571,0.488789084320336,0.7782610129965553,1.150038055944015,0.4897862227972006,49.75605257120773,-0.34297582830262907,-1.1710418541758545,0.7792340343136079,1.41299475562683,0.1767547933020496,1.712667712838569,0.9599566744337453,-0.5626920244402328,0.11232116546981238,0.4342960759953601,0.7870165696408917,-0.4869763001880067,0.28020554105019435,-0.34458653573463344,-0.3384357848148192,-1.695962008377259,1.215480593634632,-0.28164738225493074,-1.0049759150998872,-0.08508516565102109,-0.12958111109198214,-1.7802101698159276,-1.2091481328792792,-0.6314116367541304,0.4580155514898559,-0.982166950484931,-0.3667360785170223,1.1454669865593403,-0.3566384941390436,-0.32782896911400583,-1.522950449385224,1.8149139351663486,0.19010629284927974,0.9907995001253634,0.040818566389435304,0.6901337767224391,0.877631471260267,-0.7589265408192374,1.1414234246983592,0.45022163322274883,-0.7642534049257304,-1.076939252665135,0.31562233082838287,0.48936498527543776,1.159803362660916,-0.38249466006302923,0.3516375673328582,0.14701175086615675,0.6571982828397226,-0.24308016897727405
